-- phpMyAdmin SQL Dump
-- version 4.8.0
-- https://www.phpmyadmin.net/
--
-- Servidor: 127.0.0.1
-- Tiempo de generación: 28-07-2018 a las 18:10:22
-- Versión del servidor: 10.1.31-MariaDB
-- Versión de PHP: 7.2.4

SET FOREIGN_KEY_CHECKS=0;
SET SQL_MODE = "NO_AUTO_VALUE_ON_ZERO";
SET AUTOCOMMIT = 0;
START TRANSACTION;
SET time_zone = "+00:00";


/*!40101 SET @OLD_CHARACTER_SET_CLIENT=@@CHARACTER_SET_CLIENT */;
/*!40101 SET @OLD_CHARACTER_SET_RESULTS=@@CHARACTER_SET_RESULTS */;
/*!40101 SET @OLD_COLLATION_CONNECTION=@@COLLATION_CONNECTION */;
/*!40101 SET NAMES utf8mb4 */;

--
-- Base de datos: `sampablo001`
--

-- --------------------------------------------------------

--
-- Estructura de tabla para la tabla `tb_anotaciones`
--

CREATE TABLE `tb_anotaciones` (
  `idtb_anotaciones` int(11) NOT NULL,
  `t_impuestoDeclaracion_idt_impuestoDeclaracion` int(11) NOT NULL,
  `t_usuarios_idt_usuarios` int(11) NOT NULL,
  `tb_anotacionesUsuario` varchar(45) DEFAULT NULL,
  `tb_anotacionesDate` datetime DEFAULT NULL,
  `tb_anotacionesNotes` text,
  `tb_anotacionesIE` varchar(1) DEFAULT NULL
) ENGINE=InnoDB DEFAULT CHARSET=utf8;

--
-- Volcado de datos para la tabla `tb_anotaciones`
--

INSERT INTO `tb_anotaciones` (`idtb_anotaciones`, `t_impuestoDeclaracion_idt_impuestoDeclaracion`, `t_usuarios_idt_usuarios`, `tb_anotacionesUsuario`, `tb_anotacionesDate`, `tb_anotacionesNotes`, `tb_anotacionesIE`) VALUES(1, 2, 1, 'carlos Hernandez', '2018-06-04 10:35:59', 'Anotacion Interna', 'I');
INSERT INTO `tb_anotaciones` (`idtb_anotaciones`, `t_impuestoDeclaracion_idt_impuestoDeclaracion`, `t_usuarios_idt_usuarios`, `tb_anotacionesUsuario`, `tb_anotacionesDate`, `tb_anotacionesNotes`, `tb_anotacionesIE`) VALUES(2, 2, 1, 'carlos Hernandez', '2018-06-04 10:36:40', 'Anotacion Interna', 'E');
INSERT INTO `tb_anotaciones` (`idtb_anotaciones`, `t_impuestoDeclaracion_idt_impuestoDeclaracion`, `t_usuarios_idt_usuarios`, `tb_anotacionesUsuario`, `tb_anotacionesDate`, `tb_anotacionesNotes`, `tb_anotacionesIE`) VALUES(3, 12, 13, 'José Antonio Martín Herrera', '2018-06-04 10:46:26', 'prueba', 'I');
INSERT INTO `tb_anotaciones` (`idtb_anotaciones`, `t_impuestoDeclaracion_idt_impuestoDeclaracion`, `t_usuarios_idt_usuarios`, `tb_anotacionesUsuario`, `tb_anotacionesDate`, `tb_anotacionesNotes`, `tb_anotacionesIE`) VALUES(4, 12, 13, 'José Antonio Martín Herrera', '2018-06-06 14:33:37', 'otra prueba', 'I');
INSERT INTO `tb_anotaciones` (`idtb_anotaciones`, `t_impuestoDeclaracion_idt_impuestoDeclaracion`, `t_usuarios_idt_usuarios`, `tb_anotacionesUsuario`, `tb_anotacionesDate`, `tb_anotacionesNotes`, `tb_anotacionesIE`) VALUES(5, 12, 14, 'Fátima Paredes', '2018-06-06 16:28:04', 'tercera prueba', 'I');
INSERT INTO `tb_anotaciones` (`idtb_anotaciones`, `t_impuestoDeclaracion_idt_impuestoDeclaracion`, `t_usuarios_idt_usuarios`, `tb_anotacionesUsuario`, `tb_anotacionesDate`, `tb_anotacionesNotes`, `tb_anotacionesIE`) VALUES(6, 13, 14, 'Fátima Paredes', '2018-06-06 16:30:55', 'prueba anotaciones', 'I');
INSERT INTO `tb_anotaciones` (`idtb_anotaciones`, `t_impuestoDeclaracion_idt_impuestoDeclaracion`, `t_usuarios_idt_usuarios`, `tb_anotacionesUsuario`, `tb_anotacionesDate`, `tb_anotacionesNotes`, `tb_anotacionesIE`) VALUES(7, 14, 14, 'Fátima Paredes', '2018-06-06 16:32:54', 'Pruebas Externas', 'E');
INSERT INTO `tb_anotaciones` (`idtb_anotaciones`, `t_impuestoDeclaracion_idt_impuestoDeclaracion`, `t_usuarios_idt_usuarios`, `tb_anotacionesUsuario`, `tb_anotacionesDate`, `tb_anotacionesNotes`, `tb_anotacionesIE`) VALUES(8, 12, 14, 'Fátima Paredes', '2018-06-06 16:37:27', NULL, 'I');
INSERT INTO `tb_anotaciones` (`idtb_anotaciones`, `t_impuestoDeclaracion_idt_impuestoDeclaracion`, `t_usuarios_idt_usuarios`, `tb_anotacionesUsuario`, `tb_anotacionesDate`, `tb_anotacionesNotes`, `tb_anotacionesIE`) VALUES(9, 13, 1, 'carlos Hernandez', '2018-06-10 20:11:14', NULL, 'I');
INSERT INTO `tb_anotaciones` (`idtb_anotaciones`, `t_impuestoDeclaracion_idt_impuestoDeclaracion`, `t_usuarios_idt_usuarios`, `tb_anotacionesUsuario`, `tb_anotacionesDate`, `tb_anotacionesNotes`, `tb_anotacionesIE`) VALUES(10, 13, 1, 'carlos Hernandez', '2018-06-19 18:45:31', 'test 2', 'E');

-- --------------------------------------------------------

--
-- Estructura de tabla para la tabla `t_clientes`
--

CREATE TABLE `t_clientes` (
  `idt_clientes` int(11) NOT NULL,
  `t_clientesNombre` varchar(45) DEFAULT NULL,
  `t_clientesApellido` varchar(45) DEFAULT NULL,
  `t_clientesTelefono` varchar(45) DEFAULT NULL,
  `t_clientesEmail` varchar(100) DEFAULT NULL,
  `t_clientesNif` varchar(45) DEFAULT NULL,
  `t_clientesEmpresa` varchar(100) DEFAULT NULL,
  `t_clientesEstatus` varchar(45) DEFAULT NULL,
  `t_usuarios_idt_usuarios_CreadoPor` int(11) DEFAULT NULL,
  `t_clientesDate` date DEFAULT NULL,
  `t_clientesTipoCliente` varchar(45) DEFAULT NULL
) ENGINE=InnoDB DEFAULT CHARSET=utf8;

--
-- Volcado de datos para la tabla `t_clientes`
--

INSERT INTO `t_clientes` (`idt_clientes`, `t_clientesNombre`, `t_clientesApellido`, `t_clientesTelefono`, `t_clientesEmail`, `t_clientesNif`, `t_clientesEmpresa`, `t_clientesEstatus`, `t_usuarios_idt_usuarios_CreadoPor`, `t_clientesDate`, `t_clientesTipoCliente`) VALUES(1, 'Jose', 'Alfaro', '626 015 043', 'alfar76@gmail.com', '55384693A', NULL, NULL, 13, '2018-05-29', NULL);
INSERT INTO `t_clientes` (`idt_clientes`, `t_clientesNombre`, `t_clientesApellido`, `t_clientesTelefono`, `t_clientesEmail`, `t_clientesNif`, `t_clientesEmpresa`, `t_clientesEstatus`, `t_usuarios_idt_usuarios_CreadoPor`, `t_clientesDate`, `t_clientesTipoCliente`) VALUES(2, 'Cesar', 'Rael', '632 183 720', 'cesael04@gmail.com', '93586185J', NULL, NULL, 13, '2018-05-29', NULL);
INSERT INTO `t_clientes` (`idt_clientes`, `t_clientesNombre`, `t_clientesApellido`, `t_clientesTelefono`, `t_clientesEmail`, `t_clientesNif`, `t_clientesEmpresa`, `t_clientesEstatus`, `t_usuarios_idt_usuarios_CreadoPor`, `t_clientesDate`, `t_clientesTipoCliente`) VALUES(3, 'Heliana', 'Villagomez', '666 871 555', NULL, '14299500D', NULL, NULL, 13, '2018-05-29', NULL);
INSERT INTO `t_clientes` (`idt_clientes`, `t_clientesNombre`, `t_clientesApellido`, `t_clientesTelefono`, `t_clientesEmail`, `t_clientesNif`, `t_clientesEmpresa`, `t_clientesEstatus`, `t_usuarios_idt_usuarios_CreadoPor`, `t_clientesDate`, `t_clientesTipoCliente`) VALUES(4, 'Lucia', 'Maya', '611 349 224', 'lucy_aya16@gmail.com', '72989024L', NULL, NULL, 13, '2018-05-29', NULL);
INSERT INTO `t_clientes` (`idt_clientes`, `t_clientesNombre`, `t_clientesApellido`, `t_clientesTelefono`, `t_clientesEmail`, `t_clientesNif`, `t_clientesEmpresa`, `t_clientesEstatus`, `t_usuarios_idt_usuarios_CreadoPor`, `t_clientesDate`, `t_clientesTipoCliente`) VALUES(5, 'Francisco', 'Montenegro', '771 820 707', NULL, '86161582V', NULL, NULL, 13, '2018-05-29', NULL);
INSERT INTO `t_clientes` (`idt_clientes`, `t_clientesNombre`, `t_clientesApellido`, `t_clientesTelefono`, `t_clientesEmail`, `t_clientesNif`, `t_clientesEmpresa`, `t_clientesEstatus`, `t_usuarios_idt_usuarios_CreadoPor`, `t_clientesDate`, `t_clientesTipoCliente`) VALUES(6, 'Natalia', 'Carrero', '771 620 075', 'naaaty@hotmail.com', '94182757B', NULL, NULL, 13, '2018-05-29', NULL);
INSERT INTO `t_clientes` (`idt_clientes`, `t_clientesNombre`, `t_clientesApellido`, `t_clientesTelefono`, `t_clientesEmail`, `t_clientesNif`, `t_clientesEmpresa`, `t_clientesEstatus`, `t_usuarios_idt_usuarios_CreadoPor`, `t_clientesDate`, `t_clientesTipoCliente`) VALUES(7, 'Carlos', 'Caballero', '651 196 428', NULL, '85143431F', NULL, NULL, 13, '2018-05-29', NULL);
INSERT INTO `t_clientes` (`idt_clientes`, `t_clientesNombre`, `t_clientesApellido`, `t_clientesTelefono`, `t_clientesEmail`, `t_clientesNif`, `t_clientesEmpresa`, `t_clientesEstatus`, `t_usuarios_idt_usuarios_CreadoPor`, `t_clientesDate`, `t_clientesTipoCliente`) VALUES(8, 'Celia', 'Villareal', '780 018 561', NULL, '30263902L', NULL, NULL, 13, '2018-05-29', NULL);
INSERT INTO `t_clientes` (`idt_clientes`, `t_clientesNombre`, `t_clientesApellido`, `t_clientesTelefono`, `t_clientesEmail`, `t_clientesNif`, `t_clientesEmpresa`, `t_clientesEstatus`, `t_usuarios_idt_usuarios_CreadoPor`, `t_clientesDate`, `t_clientesTipoCliente`) VALUES(9, 'Laila', 'Baez', '725 226 474', 'baeila386@yahoo.es', '16474800S', NULL, NULL, 13, '2018-05-29', NULL);
INSERT INTO `t_clientes` (`idt_clientes`, `t_clientesNombre`, `t_clientesApellido`, `t_clientesTelefono`, `t_clientesEmail`, `t_clientesNif`, `t_clientesEmpresa`, `t_clientesEstatus`, `t_usuarios_idt_usuarios_CreadoPor`, `t_clientesDate`, `t_clientesTipoCliente`) VALUES(10, 'Alejandro', 'Moreno Sanchez', '632145978', 'ams@gmail.com', '49356297A', NULL, NULL, 13, '2018-05-29', NULL);
INSERT INTO `t_clientes` (`idt_clientes`, `t_clientesNombre`, `t_clientesApellido`, `t_clientesTelefono`, `t_clientesEmail`, `t_clientesNif`, `t_clientesEmpresa`, `t_clientesEstatus`, `t_usuarios_idt_usuarios_CreadoPor`, `t_clientesDate`, `t_clientesTipoCliente`) VALUES(11, 'Natalia', 'Vazquez Rojas', '621184325', 'nattii@yahoo.es', '43483694A', NULL, NULL, 13, '2018-05-29', NULL);
INSERT INTO `t_clientes` (`idt_clientes`, `t_clientesNombre`, `t_clientesApellido`, `t_clientesTelefono`, `t_clientesEmail`, `t_clientesNif`, `t_clientesEmpresa`, `t_clientesEstatus`, `t_usuarios_idt_usuarios_CreadoPor`, `t_clientesDate`, `t_clientesTipoCliente`) VALUES(12, 'Juan', 'Perez Rilova', '666349753', 'juan.p.r@gmail.com', '45129534L', NULL, NULL, 13, '2018-05-29', NULL);
INSERT INTO `t_clientes` (`idt_clientes`, `t_clientesNombre`, `t_clientesApellido`, `t_clientesTelefono`, `t_clientesEmail`, `t_clientesNif`, `t_clientesEmpresa`, `t_clientesEstatus`, `t_usuarios_idt_usuarios_CreadoPor`, `t_clientesDate`, `t_clientesTipoCliente`) VALUES(13, 'Ivan', 'Jimenez', '662901457', 'ivaaan@yahoo.es', '49875136B', NULL, NULL, 13, '2018-05-29', NULL);
INSERT INTO `t_clientes` (`idt_clientes`, `t_clientesNombre`, `t_clientesApellido`, `t_clientesTelefono`, `t_clientesEmail`, `t_clientesNif`, `t_clientesEmpresa`, `t_clientesEstatus`, `t_usuarios_idt_usuarios_CreadoPor`, `t_clientesDate`, `t_clientesTipoCliente`) VALUES(14, 'Gema', 'Gonzales Pradillo', '698357412', 'gemag@gmail.com', '46847522B', NULL, NULL, 13, '2018-05-29', NULL);
INSERT INTO `t_clientes` (`idt_clientes`, `t_clientesNombre`, `t_clientesApellido`, `t_clientesTelefono`, `t_clientesEmail`, `t_clientesNif`, `t_clientesEmpresa`, `t_clientesEstatus`, `t_usuarios_idt_usuarios_CreadoPor`, `t_clientesDate`, `t_clientesTipoCliente`) VALUES(15, 'Jose Antonio', 'Martín Herrera', '916958476', 'info@mhf.es', '52501789D', NULL, NULL, 13, '2018-05-29', NULL);
INSERT INTO `t_clientes` (`idt_clientes`, `t_clientesNombre`, `t_clientesApellido`, `t_clientesTelefono`, `t_clientesEmail`, `t_clientesNif`, `t_clientesEmpresa`, `t_clientesEstatus`, `t_usuarios_idt_usuarios_CreadoPor`, `t_clientesDate`, `t_clientesTipoCliente`) VALUES(16, 'Fatima', 'Paredes Jimenez', '670908012', 'fatima@mhf.es', '03856663T', 'Gestoría Sampablo', NULL, 13, '2018-05-29', NULL);
INSERT INTO `t_clientes` (`idt_clientes`, `t_clientesNombre`, `t_clientesApellido`, `t_clientesTelefono`, `t_clientesEmail`, `t_clientesNif`, `t_clientesEmpresa`, `t_clientesEstatus`, `t_usuarios_idt_usuarios_CreadoPor`, `t_clientesDate`, `t_clientesTipoCliente`) VALUES(17, 'Carlos Manuel', 'Cardona Castro', '649906869', 'cardonalibre@gmail.com', '51688014E', NULL, NULL, 13, '2018-05-31', NULL);
INSERT INTO `t_clientes` (`idt_clientes`, `t_clientesNombre`, `t_clientesApellido`, `t_clientesTelefono`, `t_clientesEmail`, `t_clientesNif`, `t_clientesEmpresa`, `t_clientesEstatus`, `t_usuarios_idt_usuarios_CreadoPor`, `t_clientesDate`, `t_clientesTipoCliente`) VALUES(18, 'Luis', 'Reyes', '696555444', NULL, '333333333', NULL, NULL, 14, '2018-06-06', NULL);
INSERT INTO `t_clientes` (`idt_clientes`, `t_clientesNombre`, `t_clientesApellido`, `t_clientesTelefono`, `t_clientesEmail`, `t_clientesNif`, `t_clientesEmpresa`, `t_clientesEstatus`, `t_usuarios_idt_usuarios_CreadoPor`, `t_clientesDate`, `t_clientesTipoCliente`) VALUES(19, 'Luis', 'Reyes', '686555222', 'luisroreyes@gmail.com', '111111111', NULL, NULL, 14, '2018-06-06', NULL);
INSERT INTO `t_clientes` (`idt_clientes`, `t_clientesNombre`, `t_clientesApellido`, `t_clientesTelefono`, `t_clientesEmail`, `t_clientesNif`, `t_clientesEmpresa`, `t_clientesEstatus`, `t_usuarios_idt_usuarios_CreadoPor`, `t_clientesDate`, `t_clientesTipoCliente`) VALUES(20, 'Rosario', 'Flores', '212333222', 'luis.reyes@mhf.es', '222222222', NULL, NULL, 14, '2018-06-06', NULL);
INSERT INTO `t_clientes` (`idt_clientes`, `t_clientesNombre`, `t_clientesApellido`, `t_clientesTelefono`, `t_clientesEmail`, `t_clientesNif`, `t_clientesEmpresa`, `t_clientesEstatus`, `t_usuarios_idt_usuarios_CreadoPor`, `t_clientesDate`, `t_clientesTipoCliente`) VALUES(21, 'sasasas', 'asdasd', '232323', 'asadsd@aa.com', NULL, NULL, NULL, 1, '2018-06-08', NULL);
INSERT INTO `t_clientes` (`idt_clientes`, `t_clientesNombre`, `t_clientesApellido`, `t_clientesTelefono`, `t_clientesEmail`, `t_clientesNif`, `t_clientesEmpresa`, `t_clientesEstatus`, `t_usuarios_idt_usuarios_CreadoPor`, `t_clientesDate`, `t_clientesTipoCliente`) VALUES(22, 'Mercadona', 'Automercados', '910859632', 'contabilidad2@mercadona.es', 'B87878787', NULL, NULL, 13, '2018-07-10', NULL);
INSERT INTO `t_clientes` (`idt_clientes`, `t_clientesNombre`, `t_clientesApellido`, `t_clientesTelefono`, `t_clientesEmail`, `t_clientesNif`, `t_clientesEmpresa`, `t_clientesEstatus`, `t_usuarios_idt_usuarios_CreadoPor`, `t_clientesDate`, `t_clientesTipoCliente`) VALUES(23, 'Heineken', 'Cervecería', '910475869', 'negocios@heineken.com', 'B85412369', NULL, NULL, 13, '2018-07-10', NULL);
INSERT INTO `t_clientes` (`idt_clientes`, `t_clientesNombre`, `t_clientesApellido`, `t_clientesTelefono`, `t_clientesEmail`, `t_clientesNif`, `t_clientesEmpresa`, `t_clientesEstatus`, `t_usuarios_idt_usuarios_CreadoPor`, `t_clientesDate`, `t_clientesTipoCliente`) VALUES(24, 'Carlos', 'Hernandez', '5815040', 'unmeego@gmail.com', '17808622', NULL, NULL, 13, '2018-07-12', NULL);
INSERT INTO `t_clientes` (`idt_clientes`, `t_clientesNombre`, `t_clientesApellido`, `t_clientesTelefono`, `t_clientesEmail`, `t_clientesNif`, `t_clientesEmpresa`, `t_clientesEstatus`, `t_usuarios_idt_usuarios_CreadoPor`, `t_clientesDate`, `t_clientesTipoCliente`) VALUES(25, 'RENFE', 'GGGGG', '696111222', NULL, '333444555', NULL, NULL, 1, '2018-07-27', '');

-- --------------------------------------------------------

--
-- Estructura de tabla para la tabla `t_department`
--

CREATE TABLE `t_department` (
  `idt_department` int(11) NOT NULL,
  `t_departmentName` varchar(45) DEFAULT NULL
) ENGINE=InnoDB DEFAULT CHARSET=utf8;

-- --------------------------------------------------------

--
-- Estructura de tabla para la tabla `t_file`
--

CREATE TABLE `t_file` (
  `idt_file` int(11) NOT NULL,
  `t_fileName` text,
  `t_fileUrl` text,
  `t_fileFormat` varchar(45) DEFAULT NULL,
  `t_fileSize` varchar(45) DEFAULT NULL
) ENGINE=InnoDB DEFAULT CHARSET=utf8;

--
-- Volcado de datos para la tabla `t_file`
--

INSERT INTO `t_file` (`idt_file`, `t_fileName`, `t_fileUrl`, `t_fileFormat`, `t_fileSize`) VALUES(1, '2018_03_17_Resolución TEAR_IVA y Sanciones IVA_2012.pdf', 'uploads\\2018_03_17_Resolución TEAR_IVA y Sanciones IVA_2012_1527613137.pdf', 'pdf', '647474');
INSERT INTO `t_file` (`idt_file`, `t_fileName`, `t_fileUrl`, `t_fileFormat`, `t_fileSize`) VALUES(2, '2018_03_17_Resolución TEAR_IVA_2011_4T.pdf', 'uploads\\2018_03_17_Resolución TEAR_IVA_2011_4T_1527613137.pdf', 'pdf', '11933635');
INSERT INTO `t_file` (`idt_file`, `t_fileName`, `t_fileUrl`, `t_fileFormat`, `t_fileSize`) VALUES(3, '2015Certificado_Reclamar.pdf', 'uploads\\2015Certificado_Reclamar_1527761711.pdf', 'pdf', '164740');
INSERT INTO `t_file` (`idt_file`, `t_fileName`, `t_fileUrl`, `t_fileFormat`, `t_fileSize`) VALUES(4, '2018_05_31_Carlos Cardona (Datos Fiscales 2017).pdf', 'uploads\\2018_05_31_Carlos Cardona (Datos Fiscales 2017)_1527761711.pdf', 'pdf', '110081');
INSERT INTO `t_file` (`idt_file`, `t_fileName`, `t_fileUrl`, `t_fileFormat`, `t_fileSize`) VALUES(5, '2018_AGFLiquidacion.pdf', 'uploads\\2018_AGFLiquidacion_1527761711.pdf', 'pdf', '510717');
INSERT INTO `t_file` (`idt_file`, `t_fileName`, `t_fileUrl`, `t_fileFormat`, `t_fileSize`) VALUES(6, '2018_Certificado.pdf', 'uploads\\2018_Certificado_1527761711.pdf', 'pdf', '164465');
INSERT INTO `t_file` (`idt_file`, `t_fileName`, `t_fileUrl`, `t_fileFormat`, `t_fileSize`) VALUES(7, '2018Colegio.pdf', 'uploads\\2018Colegio_1527761711.pdf', 'pdf', '35937');
INSERT INTO `t_file` (`idt_file`, `t_fileName`, `t_fileUrl`, `t_fileFormat`, `t_fileSize`) VALUES(8, '2018Retenciones_Carlos.pdf', 'uploads\\2018Retenciones_Carlos_1527761711.pdf', 'pdf', '96886');
INSERT INTO `t_file` (`idt_file`, `t_fileName`, `t_fileUrl`, `t_fileFormat`, `t_fileSize`) VALUES(9, '2017_100_AN_Carlos Manuel Cardona Castro.pdf', 'uploads\\2017_100_AN_Carlos Manuel Cardona Castro_1527763528.pdf', 'pdf', '331829');
INSERT INTO `t_file` (`idt_file`, `t_fileName`, `t_fileUrl`, `t_fileFormat`, `t_fileSize`) VALUES(10, 'hello_PNG28.png', 'uploads\\hello_PNG28_1531705557.png', 'png', '117005');
INSERT INTO `t_file` (`idt_file`, `t_fileName`, `t_fileUrl`, `t_fileFormat`, `t_fileSize`) VALUES(11, '222.png', 'uploads\\222_1531837789.png', 'png', '157852');
INSERT INTO `t_file` (`idt_file`, `t_fileName`, `t_fileUrl`, `t_fileFormat`, `t_fileSize`) VALUES(12, 'DNS.png', 'uploads\\DNS_1531837789.png', 'png', '35652');
INSERT INTO `t_file` (`idt_file`, `t_fileName`, `t_fileUrl`, `t_fileFormat`, `t_fileSize`) VALUES(13, 'nORTON.png', 'uploads\\nORTON_1531837789.png', 'png', '5152');
INSERT INTO `t_file` (`idt_file`, `t_fileName`, `t_fileUrl`, `t_fileFormat`, `t_fileSize`) VALUES(14, 'Portada.png', 'uploads\\Portada_1531837789.png', 'png', '139954');

-- --------------------------------------------------------

--
-- Estructura de tabla para la tabla `t_file_has_t_task`
--

CREATE TABLE `t_file_has_t_task` (
  `t_file_idt_file` int(11) NOT NULL,
  `t_task_idt_task` int(11) NOT NULL,
  `t_file_has_t_taskId` varchar(45) DEFAULT NULL COMMENT 'microtime'
) ENGINE=InnoDB DEFAULT CHARSET=utf8;

--
-- Volcado de datos para la tabla `t_file_has_t_task`
--

INSERT INTO `t_file_has_t_task` (`t_file_idt_file`, `t_task_idt_task`, `t_file_has_t_taskId`) VALUES(10, 8, 'ccfc35a0a43edbd8183b69f27d1c604d5c07cae4');
INSERT INTO `t_file_has_t_task` (`t_file_idt_file`, `t_task_idt_task`, `t_file_has_t_taskId`) VALUES(11, 22, '0e0b032a6b5f451244dc35f77e5e4604c9c4f33e');
INSERT INTO `t_file_has_t_task` (`t_file_idt_file`, `t_task_idt_task`, `t_file_has_t_taskId`) VALUES(12, 22, '79db20850dfa8448cb8832ec1269b669cbe18233');
INSERT INTO `t_file_has_t_task` (`t_file_idt_file`, `t_task_idt_task`, `t_file_has_t_taskId`) VALUES(13, 22, '588d3e8fd797152f183c7722927ca7927c11ed13');
INSERT INTO `t_file_has_t_task` (`t_file_idt_file`, `t_task_idt_task`, `t_file_has_t_taskId`) VALUES(14, 22, '365e95c5c91f134c9424519dd93b743e51f26a6b');

-- --------------------------------------------------------

--
-- Estructura de tabla para la tabla `t_generaltask`
--

CREATE TABLE `t_generaltask` (
  `idt_generalTask` int(11) NOT NULL,
  `t_clientes_idt_clientes` int(11) DEFAULT NULL,
  `t_generalTaskCName` varchar(45) DEFAULT NULL,
  `t_generalTaskCPContact` varchar(45) DEFAULT NULL,
  `t_generalTaskCTelefono` varchar(45) DEFAULT NULL,
  `t_generalTaskCEmail` varchar(45) DEFAULT NULL,
  `t_generalTaskCOffice` varchar(45) DEFAULT NULL,
  `t_generalTaskDateCreated` datetime DEFAULT NULL,
  `t_usuarios_idt_usuarios` int(11) NOT NULL,
  `t_generalTaskUsuarioName` varchar(45) DEFAULT NULL,
  `t_generalTaskTotalSubTask` int(11) DEFAULT NULL,
  `t_generalTaskTotalSubTaskCompleted` int(11) DEFAULT NULL,
  `t_generalTaskTitle` text,
  `t_oficinas_idt_oficinas` int(11) NOT NULL,
  `t_generalTaskOfficeName` varchar(45) DEFAULT NULL,
  `t_generalTaskPriorityName` varchar(45) DEFAULT NULL,
  `t_generalTaskPriorityNumber` int(11) DEFAULT NULL,
  `t_generalTaskEnd` datetime DEFAULT NULL,
  `t_generalTaskStatus` varchar(45) DEFAULT NULL,
  `t_generalTaskCFirstName` varchar(45) DEFAULT NULL,
  `t_generalTaskCLastName` varchar(45) DEFAULT NULL,
  `t_generalTaskCNif` varchar(45) DEFAULT NULL,
  `t_generalTaskExplanation` text,
  `t_generalTaskDueDate` datetime DEFAULT NULL,
  `t_generalTaskRepeat` varchar(45) DEFAULT NULL,
  `t_generalTaskRepeatMode` varchar(45) DEFAULT NULL
) ENGINE=InnoDB DEFAULT CHARSET=utf8;

--
-- Volcado de datos para la tabla `t_generaltask`
--

INSERT INTO `t_generaltask` (`idt_generalTask`, `t_clientes_idt_clientes`, `t_generalTaskCName`, `t_generalTaskCPContact`, `t_generalTaskCTelefono`, `t_generalTaskCEmail`, `t_generalTaskCOffice`, `t_generalTaskDateCreated`, `t_usuarios_idt_usuarios`, `t_generalTaskUsuarioName`, `t_generalTaskTotalSubTask`, `t_generalTaskTotalSubTaskCompleted`, `t_generalTaskTitle`, `t_oficinas_idt_oficinas`, `t_generalTaskOfficeName`, `t_generalTaskPriorityName`, `t_generalTaskPriorityNumber`, `t_generalTaskEnd`, `t_generalTaskStatus`, `t_generalTaskCFirstName`, `t_generalTaskCLastName`, `t_generalTaskCNif`, `t_generalTaskExplanation`, `t_generalTaskDueDate`, `t_generalTaskRepeat`, `t_generalTaskRepeatMode`) VALUES(1, 1, 'Jose Alfaro', 'Persona', '626 015 043', 'alfar76@gmail.com', NULL, '2018-06-15 03:49:36', 1, 'carlos Hernandez', NULL, NULL, 'Tarea1', 1, 'Officina 001', NULL, NULL, '2018-06-15 08:21:57', 'Completed', NULL, NULL, NULL, NULL, NULL, NULL, NULL);
INSERT INTO `t_generaltask` (`idt_generalTask`, `t_clientes_idt_clientes`, `t_generalTaskCName`, `t_generalTaskCPContact`, `t_generalTaskCTelefono`, `t_generalTaskCEmail`, `t_generalTaskCOffice`, `t_generalTaskDateCreated`, `t_usuarios_idt_usuarios`, `t_generalTaskUsuarioName`, `t_generalTaskTotalSubTask`, `t_generalTaskTotalSubTaskCompleted`, `t_generalTaskTitle`, `t_oficinas_idt_oficinas`, `t_generalTaskOfficeName`, `t_generalTaskPriorityName`, `t_generalTaskPriorityNumber`, `t_generalTaskEnd`, `t_generalTaskStatus`, `t_generalTaskCFirstName`, `t_generalTaskCLastName`, `t_generalTaskCNif`, `t_generalTaskExplanation`, `t_generalTaskDueDate`, `t_generalTaskRepeat`, `t_generalTaskRepeatMode`) VALUES(2, 1, 'Jose Alfaro', 'p', '626 015 043', 'alfar76@gmail.com', NULL, '2018-06-15 03:51:50', 1, 'carlos Hernandez', NULL, NULL, 'Tarea 2', 1, 'Officina 001', NULL, NULL, '2018-06-19 06:44:21', 'Completed', NULL, NULL, NULL, NULL, NULL, NULL, NULL);
INSERT INTO `t_generaltask` (`idt_generalTask`, `t_clientes_idt_clientes`, `t_generalTaskCName`, `t_generalTaskCPContact`, `t_generalTaskCTelefono`, `t_generalTaskCEmail`, `t_generalTaskCOffice`, `t_generalTaskDateCreated`, `t_usuarios_idt_usuarios`, `t_generalTaskUsuarioName`, `t_generalTaskTotalSubTask`, `t_generalTaskTotalSubTaskCompleted`, `t_generalTaskTitle`, `t_oficinas_idt_oficinas`, `t_generalTaskOfficeName`, `t_generalTaskPriorityName`, `t_generalTaskPriorityNumber`, `t_generalTaskEnd`, `t_generalTaskStatus`, `t_generalTaskCFirstName`, `t_generalTaskCLastName`, `t_generalTaskCNif`, `t_generalTaskExplanation`, `t_generalTaskDueDate`, `t_generalTaskRepeat`, `t_generalTaskRepeatMode`) VALUES(3, NULL, NULL, NULL, NULL, NULL, NULL, '2018-06-15 03:54:52', 1, 'carlos Hernandez', NULL, NULL, NULL, 1, 'Officina 001', NULL, NULL, '2018-06-15 03:55:05', 'Completed', NULL, NULL, NULL, NULL, NULL, NULL, NULL);
INSERT INTO `t_generaltask` (`idt_generalTask`, `t_clientes_idt_clientes`, `t_generalTaskCName`, `t_generalTaskCPContact`, `t_generalTaskCTelefono`, `t_generalTaskCEmail`, `t_generalTaskCOffice`, `t_generalTaskDateCreated`, `t_usuarios_idt_usuarios`, `t_generalTaskUsuarioName`, `t_generalTaskTotalSubTask`, `t_generalTaskTotalSubTaskCompleted`, `t_generalTaskTitle`, `t_oficinas_idt_oficinas`, `t_generalTaskOfficeName`, `t_generalTaskPriorityName`, `t_generalTaskPriorityNumber`, `t_generalTaskEnd`, `t_generalTaskStatus`, `t_generalTaskCFirstName`, `t_generalTaskCLastName`, `t_generalTaskCNif`, `t_generalTaskExplanation`, `t_generalTaskDueDate`, `t_generalTaskRepeat`, `t_generalTaskRepeatMode`) VALUES(4, NULL, NULL, NULL, NULL, NULL, NULL, '2018-06-15 08:22:08', 1, 'carlos Hernandez', NULL, NULL, NULL, 1, 'Officina 001', NULL, NULL, '2018-06-15 09:03:21', 'Completed', NULL, NULL, NULL, NULL, NULL, NULL, NULL);
INSERT INTO `t_generaltask` (`idt_generalTask`, `t_clientes_idt_clientes`, `t_generalTaskCName`, `t_generalTaskCPContact`, `t_generalTaskCTelefono`, `t_generalTaskCEmail`, `t_generalTaskCOffice`, `t_generalTaskDateCreated`, `t_usuarios_idt_usuarios`, `t_generalTaskUsuarioName`, `t_generalTaskTotalSubTask`, `t_generalTaskTotalSubTaskCompleted`, `t_generalTaskTitle`, `t_oficinas_idt_oficinas`, `t_generalTaskOfficeName`, `t_generalTaskPriorityName`, `t_generalTaskPriorityNumber`, `t_generalTaskEnd`, `t_generalTaskStatus`, `t_generalTaskCFirstName`, `t_generalTaskCLastName`, `t_generalTaskCNif`, `t_generalTaskExplanation`, `t_generalTaskDueDate`, `t_generalTaskRepeat`, `t_generalTaskRepeatMode`) VALUES(5, NULL, NULL, NULL, NULL, NULL, NULL, '2018-06-15 09:03:22', 1, 'carlos Hernandez', NULL, NULL, NULL, 1, 'Officina 001', NULL, NULL, '2018-06-18 04:24:46', 'Completed', NULL, NULL, NULL, NULL, NULL, NULL, NULL);
INSERT INTO `t_generaltask` (`idt_generalTask`, `t_clientes_idt_clientes`, `t_generalTaskCName`, `t_generalTaskCPContact`, `t_generalTaskCTelefono`, `t_generalTaskCEmail`, `t_generalTaskCOffice`, `t_generalTaskDateCreated`, `t_usuarios_idt_usuarios`, `t_generalTaskUsuarioName`, `t_generalTaskTotalSubTask`, `t_generalTaskTotalSubTaskCompleted`, `t_generalTaskTitle`, `t_oficinas_idt_oficinas`, `t_generalTaskOfficeName`, `t_generalTaskPriorityName`, `t_generalTaskPriorityNumber`, `t_generalTaskEnd`, `t_generalTaskStatus`, `t_generalTaskCFirstName`, `t_generalTaskCLastName`, `t_generalTaskCNif`, `t_generalTaskExplanation`, `t_generalTaskDueDate`, `t_generalTaskRepeat`, `t_generalTaskRepeatMode`) VALUES(6, NULL, NULL, NULL, NULL, NULL, NULL, '2018-06-18 04:24:48', 1, 'carlos Hernandez', NULL, NULL, NULL, 1, 'Officina 001', NULL, NULL, '2018-06-19 06:44:13', 'Completed', NULL, NULL, NULL, NULL, NULL, NULL, NULL);
INSERT INTO `t_generaltask` (`idt_generalTask`, `t_clientes_idt_clientes`, `t_generalTaskCName`, `t_generalTaskCPContact`, `t_generalTaskCTelefono`, `t_generalTaskCEmail`, `t_generalTaskCOffice`, `t_generalTaskDateCreated`, `t_usuarios_idt_usuarios`, `t_generalTaskUsuarioName`, `t_generalTaskTotalSubTask`, `t_generalTaskTotalSubTaskCompleted`, `t_generalTaskTitle`, `t_oficinas_idt_oficinas`, `t_generalTaskOfficeName`, `t_generalTaskPriorityName`, `t_generalTaskPriorityNumber`, `t_generalTaskEnd`, `t_generalTaskStatus`, `t_generalTaskCFirstName`, `t_generalTaskCLastName`, `t_generalTaskCNif`, `t_generalTaskExplanation`, `t_generalTaskDueDate`, `t_generalTaskRepeat`, `t_generalTaskRepeatMode`) VALUES(7, NULL, NULL, NULL, NULL, NULL, NULL, '2018-06-18 04:58:35', 1, 'carlos Hernandez', NULL, NULL, NULL, 1, 'Officina 001', NULL, NULL, '2018-06-19 06:44:14', 'Completed', NULL, NULL, NULL, NULL, NULL, NULL, NULL);
INSERT INTO `t_generaltask` (`idt_generalTask`, `t_clientes_idt_clientes`, `t_generalTaskCName`, `t_generalTaskCPContact`, `t_generalTaskCTelefono`, `t_generalTaskCEmail`, `t_generalTaskCOffice`, `t_generalTaskDateCreated`, `t_usuarios_idt_usuarios`, `t_generalTaskUsuarioName`, `t_generalTaskTotalSubTask`, `t_generalTaskTotalSubTaskCompleted`, `t_generalTaskTitle`, `t_oficinas_idt_oficinas`, `t_generalTaskOfficeName`, `t_generalTaskPriorityName`, `t_generalTaskPriorityNumber`, `t_generalTaskEnd`, `t_generalTaskStatus`, `t_generalTaskCFirstName`, `t_generalTaskCLastName`, `t_generalTaskCNif`, `t_generalTaskExplanation`, `t_generalTaskDueDate`, `t_generalTaskRepeat`, `t_generalTaskRepeatMode`) VALUES(8, NULL, NULL, NULL, NULL, NULL, NULL, '2018-06-19 08:41:43', 1, 'carlos Hernandez', NULL, NULL, NULL, 1, 'Officina 001', NULL, NULL, '2018-06-19 06:44:16', 'Completed', NULL, NULL, NULL, NULL, NULL, NULL, NULL);
INSERT INTO `t_generaltask` (`idt_generalTask`, `t_clientes_idt_clientes`, `t_generalTaskCName`, `t_generalTaskCPContact`, `t_generalTaskCTelefono`, `t_generalTaskCEmail`, `t_generalTaskCOffice`, `t_generalTaskDateCreated`, `t_usuarios_idt_usuarios`, `t_generalTaskUsuarioName`, `t_generalTaskTotalSubTask`, `t_generalTaskTotalSubTaskCompleted`, `t_generalTaskTitle`, `t_oficinas_idt_oficinas`, `t_generalTaskOfficeName`, `t_generalTaskPriorityName`, `t_generalTaskPriorityNumber`, `t_generalTaskEnd`, `t_generalTaskStatus`, `t_generalTaskCFirstName`, `t_generalTaskCLastName`, `t_generalTaskCNif`, `t_generalTaskExplanation`, `t_generalTaskDueDate`, `t_generalTaskRepeat`, `t_generalTaskRepeatMode`) VALUES(9, NULL, NULL, NULL, NULL, NULL, NULL, '2018-06-19 06:43:52', 1, 'carlos Hernandez', NULL, NULL, NULL, 1, 'Officina 001', NULL, NULL, '2018-06-19 06:44:17', 'Completed', NULL, NULL, NULL, NULL, NULL, NULL, NULL);
INSERT INTO `t_generaltask` (`idt_generalTask`, `t_clientes_idt_clientes`, `t_generalTaskCName`, `t_generalTaskCPContact`, `t_generalTaskCTelefono`, `t_generalTaskCEmail`, `t_generalTaskCOffice`, `t_generalTaskDateCreated`, `t_usuarios_idt_usuarios`, `t_generalTaskUsuarioName`, `t_generalTaskTotalSubTask`, `t_generalTaskTotalSubTaskCompleted`, `t_generalTaskTitle`, `t_oficinas_idt_oficinas`, `t_generalTaskOfficeName`, `t_generalTaskPriorityName`, `t_generalTaskPriorityNumber`, `t_generalTaskEnd`, `t_generalTaskStatus`, `t_generalTaskCFirstName`, `t_generalTaskCLastName`, `t_generalTaskCNif`, `t_generalTaskExplanation`, `t_generalTaskDueDate`, `t_generalTaskRepeat`, `t_generalTaskRepeatMode`) VALUES(10, 19, 'Luis Reyes', NULL, '686555222', 'luisroreyes@gmail.com', NULL, '2018-06-19 06:44:23', 1, 'carlos Hernandez', NULL, NULL, 'task 1', 1, 'Officina 001', NULL, NULL, '2018-06-25 11:26:23', 'Completed', NULL, NULL, NULL, NULL, NULL, NULL, NULL);
INSERT INTO `t_generaltask` (`idt_generalTask`, `t_clientes_idt_clientes`, `t_generalTaskCName`, `t_generalTaskCPContact`, `t_generalTaskCTelefono`, `t_generalTaskCEmail`, `t_generalTaskCOffice`, `t_generalTaskDateCreated`, `t_usuarios_idt_usuarios`, `t_generalTaskUsuarioName`, `t_generalTaskTotalSubTask`, `t_generalTaskTotalSubTaskCompleted`, `t_generalTaskTitle`, `t_oficinas_idt_oficinas`, `t_generalTaskOfficeName`, `t_generalTaskPriorityName`, `t_generalTaskPriorityNumber`, `t_generalTaskEnd`, `t_generalTaskStatus`, `t_generalTaskCFirstName`, `t_generalTaskCLastName`, `t_generalTaskCNif`, `t_generalTaskExplanation`, `t_generalTaskDueDate`, `t_generalTaskRepeat`, `t_generalTaskRepeatMode`) VALUES(11, 19, 'Luis Reyes', NULL, '686555222', 'luisroreyes@gmail.com', NULL, '2018-06-25 11:26:25', 1, 'carlos Hernandez', NULL, NULL, 'test2', 1, 'Officina 001', NULL, NULL, '2018-07-17 14:24:07', 'Completed', 'Luis', 'Reyes', '111111111', '<ul><li>step 1</li><li>step 2</li></ul>', '2018-07-31 00:00:00', NULL, NULL);
INSERT INTO `t_generaltask` (`idt_generalTask`, `t_clientes_idt_clientes`, `t_generalTaskCName`, `t_generalTaskCPContact`, `t_generalTaskCTelefono`, `t_generalTaskCEmail`, `t_generalTaskCOffice`, `t_generalTaskDateCreated`, `t_usuarios_idt_usuarios`, `t_generalTaskUsuarioName`, `t_generalTaskTotalSubTask`, `t_generalTaskTotalSubTaskCompleted`, `t_generalTaskTitle`, `t_oficinas_idt_oficinas`, `t_generalTaskOfficeName`, `t_generalTaskPriorityName`, `t_generalTaskPriorityNumber`, `t_generalTaskEnd`, `t_generalTaskStatus`, `t_generalTaskCFirstName`, `t_generalTaskCLastName`, `t_generalTaskCNif`, `t_generalTaskExplanation`, `t_generalTaskDueDate`, `t_generalTaskRepeat`, `t_generalTaskRepeatMode`) VALUES(12, NULL, NULL, NULL, NULL, NULL, NULL, '2018-06-25 11:32:52', 1, 'carlos Hernandez', NULL, NULL, 'fcdg v3wc32', 1, 'Officina 001', NULL, NULL, '2018-07-17 14:24:22', 'Completed', NULL, NULL, NULL, NULL, NULL, NULL, NULL);
INSERT INTO `t_generaltask` (`idt_generalTask`, `t_clientes_idt_clientes`, `t_generalTaskCName`, `t_generalTaskCPContact`, `t_generalTaskCTelefono`, `t_generalTaskCEmail`, `t_generalTaskCOffice`, `t_generalTaskDateCreated`, `t_usuarios_idt_usuarios`, `t_generalTaskUsuarioName`, `t_generalTaskTotalSubTask`, `t_generalTaskTotalSubTaskCompleted`, `t_generalTaskTitle`, `t_oficinas_idt_oficinas`, `t_generalTaskOfficeName`, `t_generalTaskPriorityName`, `t_generalTaskPriorityNumber`, `t_generalTaskEnd`, `t_generalTaskStatus`, `t_generalTaskCFirstName`, `t_generalTaskCLastName`, `t_generalTaskCNif`, `t_generalTaskExplanation`, `t_generalTaskDueDate`, `t_generalTaskRepeat`, `t_generalTaskRepeatMode`) VALUES(13, NULL, NULL, NULL, NULL, NULL, NULL, '2018-07-05 22:56:08', 13, 'José Antonio Martín Herrera', NULL, NULL, 'Test 001', 2, 'Getafe', NULL, NULL, NULL, NULL, NULL, NULL, NULL, NULL, NULL, NULL, NULL);
INSERT INTO `t_generaltask` (`idt_generalTask`, `t_clientes_idt_clientes`, `t_generalTaskCName`, `t_generalTaskCPContact`, `t_generalTaskCTelefono`, `t_generalTaskCEmail`, `t_generalTaskCOffice`, `t_generalTaskDateCreated`, `t_usuarios_idt_usuarios`, `t_generalTaskUsuarioName`, `t_generalTaskTotalSubTask`, `t_generalTaskTotalSubTaskCompleted`, `t_generalTaskTitle`, `t_oficinas_idt_oficinas`, `t_generalTaskOfficeName`, `t_generalTaskPriorityName`, `t_generalTaskPriorityNumber`, `t_generalTaskEnd`, `t_generalTaskStatus`, `t_generalTaskCFirstName`, `t_generalTaskCLastName`, `t_generalTaskCNif`, `t_generalTaskExplanation`, `t_generalTaskDueDate`, `t_generalTaskRepeat`, `t_generalTaskRepeatMode`) VALUES(14, 22, 'Mercadona Automercados', 'Pedro Pérez', '910859633', 'contabilidad2@mercadona.es', NULL, '2018-07-10 17:06:28', 13, 'José Antonio Martín Herrera', NULL, NULL, 'Migración de Cliente Mercadona', 2, 'Getafe', NULL, NULL, NULL, NULL, 'Mercadona', 'Automercados', 'B87878787', NULL, NULL, NULL, NULL);
INSERT INTO `t_generaltask` (`idt_generalTask`, `t_clientes_idt_clientes`, `t_generalTaskCName`, `t_generalTaskCPContact`, `t_generalTaskCTelefono`, `t_generalTaskCEmail`, `t_generalTaskCOffice`, `t_generalTaskDateCreated`, `t_usuarios_idt_usuarios`, `t_generalTaskUsuarioName`, `t_generalTaskTotalSubTask`, `t_generalTaskTotalSubTaskCompleted`, `t_generalTaskTitle`, `t_oficinas_idt_oficinas`, `t_generalTaskOfficeName`, `t_generalTaskPriorityName`, `t_generalTaskPriorityNumber`, `t_generalTaskEnd`, `t_generalTaskStatus`, `t_generalTaskCFirstName`, `t_generalTaskCLastName`, `t_generalTaskCNif`, `t_generalTaskExplanation`, `t_generalTaskDueDate`, `t_generalTaskRepeat`, `t_generalTaskRepeatMode`) VALUES(15, 23, 'Heineken Cervecería', 'Nombre Holandés', '910475869', 'negocios@heineken.com', NULL, '2018-07-10 17:14:39', 13, 'José Antonio Martín Herrera', NULL, NULL, 'Presupuesto Contabilidad Heineken', 2, 'Getafe', NULL, NULL, NULL, NULL, 'Heineken', 'Cervecería', 'B85412369', NULL, NULL, NULL, NULL);
INSERT INTO `t_generaltask` (`idt_generalTask`, `t_clientes_idt_clientes`, `t_generalTaskCName`, `t_generalTaskCPContact`, `t_generalTaskCTelefono`, `t_generalTaskCEmail`, `t_generalTaskCOffice`, `t_generalTaskDateCreated`, `t_usuarios_idt_usuarios`, `t_generalTaskUsuarioName`, `t_generalTaskTotalSubTask`, `t_generalTaskTotalSubTaskCompleted`, `t_generalTaskTitle`, `t_oficinas_idt_oficinas`, `t_generalTaskOfficeName`, `t_generalTaskPriorityName`, `t_generalTaskPriorityNumber`, `t_generalTaskEnd`, `t_generalTaskStatus`, `t_generalTaskCFirstName`, `t_generalTaskCLastName`, `t_generalTaskCNif`, `t_generalTaskExplanation`, `t_generalTaskDueDate`, `t_generalTaskRepeat`, `t_generalTaskRepeatMode`) VALUES(16, NULL, NULL, NULL, NULL, NULL, NULL, '2018-07-11 17:20:28', 13, 'José Antonio Martín Herrera', NULL, NULL, 'Comprar Pan', 2, 'Getafe', NULL, NULL, NULL, NULL, NULL, NULL, NULL, NULL, NULL, NULL, NULL);
INSERT INTO `t_generaltask` (`idt_generalTask`, `t_clientes_idt_clientes`, `t_generalTaskCName`, `t_generalTaskCPContact`, `t_generalTaskCTelefono`, `t_generalTaskCEmail`, `t_generalTaskCOffice`, `t_generalTaskDateCreated`, `t_usuarios_idt_usuarios`, `t_generalTaskUsuarioName`, `t_generalTaskTotalSubTask`, `t_generalTaskTotalSubTaskCompleted`, `t_generalTaskTitle`, `t_oficinas_idt_oficinas`, `t_generalTaskOfficeName`, `t_generalTaskPriorityName`, `t_generalTaskPriorityNumber`, `t_generalTaskEnd`, `t_generalTaskStatus`, `t_generalTaskCFirstName`, `t_generalTaskCLastName`, `t_generalTaskCNif`, `t_generalTaskExplanation`, `t_generalTaskDueDate`, `t_generalTaskRepeat`, `t_generalTaskRepeatMode`) VALUES(17, NULL, NULL, NULL, NULL, NULL, NULL, '2018-07-11 17:38:10', 13, 'José Antonio Martín Herrera', NULL, NULL, 'Cita con Cristiano Ronaldo (Autónomo)', 2, 'Getafe', NULL, NULL, NULL, NULL, NULL, NULL, NULL, NULL, NULL, NULL, NULL);
INSERT INTO `t_generaltask` (`idt_generalTask`, `t_clientes_idt_clientes`, `t_generalTaskCName`, `t_generalTaskCPContact`, `t_generalTaskCTelefono`, `t_generalTaskCEmail`, `t_generalTaskCOffice`, `t_generalTaskDateCreated`, `t_usuarios_idt_usuarios`, `t_generalTaskUsuarioName`, `t_generalTaskTotalSubTask`, `t_generalTaskTotalSubTaskCompleted`, `t_generalTaskTitle`, `t_oficinas_idt_oficinas`, `t_generalTaskOfficeName`, `t_generalTaskPriorityName`, `t_generalTaskPriorityNumber`, `t_generalTaskEnd`, `t_generalTaskStatus`, `t_generalTaskCFirstName`, `t_generalTaskCLastName`, `t_generalTaskCNif`, `t_generalTaskExplanation`, `t_generalTaskDueDate`, `t_generalTaskRepeat`, `t_generalTaskRepeatMode`) VALUES(18, NULL, NULL, NULL, NULL, NULL, NULL, '2018-07-12 12:14:39', 13, 'José Antonio Martín Herrera', NULL, NULL, 'gg', 2, 'Getafe', NULL, NULL, '2018-07-27 10:22:50', NULL, NULL, NULL, NULL, NULL, NULL, NULL, NULL);
INSERT INTO `t_generaltask` (`idt_generalTask`, `t_clientes_idt_clientes`, `t_generalTaskCName`, `t_generalTaskCPContact`, `t_generalTaskCTelefono`, `t_generalTaskCEmail`, `t_generalTaskCOffice`, `t_generalTaskDateCreated`, `t_usuarios_idt_usuarios`, `t_generalTaskUsuarioName`, `t_generalTaskTotalSubTask`, `t_generalTaskTotalSubTaskCompleted`, `t_generalTaskTitle`, `t_oficinas_idt_oficinas`, `t_generalTaskOfficeName`, `t_generalTaskPriorityName`, `t_generalTaskPriorityNumber`, `t_generalTaskEnd`, `t_generalTaskStatus`, `t_generalTaskCFirstName`, `t_generalTaskCLastName`, `t_generalTaskCNif`, `t_generalTaskExplanation`, `t_generalTaskDueDate`, `t_generalTaskRepeat`, `t_generalTaskRepeatMode`) VALUES(19, 24, 'Carlos Hernandez', 'Patricia', '5815040', 'unmeego@gmail.com', NULL, '2018-07-12 12:34:22', 13, 'José Antonio Martín Herrera', NULL, NULL, 'Reunión Carlos Hernandez', 2, 'Getafe', NULL, NULL, NULL, NULL, 'Carlos', 'Hernandez', '17808622', NULL, NULL, NULL, NULL);
INSERT INTO `t_generaltask` (`idt_generalTask`, `t_clientes_idt_clientes`, `t_generalTaskCName`, `t_generalTaskCPContact`, `t_generalTaskCTelefono`, `t_generalTaskCEmail`, `t_generalTaskCOffice`, `t_generalTaskDateCreated`, `t_usuarios_idt_usuarios`, `t_generalTaskUsuarioName`, `t_generalTaskTotalSubTask`, `t_generalTaskTotalSubTaskCompleted`, `t_generalTaskTitle`, `t_oficinas_idt_oficinas`, `t_generalTaskOfficeName`, `t_generalTaskPriorityName`, `t_generalTaskPriorityNumber`, `t_generalTaskEnd`, `t_generalTaskStatus`, `t_generalTaskCFirstName`, `t_generalTaskCLastName`, `t_generalTaskCNif`, `t_generalTaskExplanation`, `t_generalTaskDueDate`, `t_generalTaskRepeat`, `t_generalTaskRepeatMode`) VALUES(20, NULL, NULL, NULL, NULL, NULL, NULL, '2018-07-17 14:24:40', 1, 'carlos Hernandez', NULL, NULL, 'Contrato con Pedro Perez', 1, 'Officina 001', NULL, NULL, NULL, NULL, NULL, NULL, NULL, NULL, NULL, NULL, NULL);
INSERT INTO `t_generaltask` (`idt_generalTask`, `t_clientes_idt_clientes`, `t_generalTaskCName`, `t_generalTaskCPContact`, `t_generalTaskCTelefono`, `t_generalTaskCEmail`, `t_generalTaskCOffice`, `t_generalTaskDateCreated`, `t_usuarios_idt_usuarios`, `t_generalTaskUsuarioName`, `t_generalTaskTotalSubTask`, `t_generalTaskTotalSubTaskCompleted`, `t_generalTaskTitle`, `t_oficinas_idt_oficinas`, `t_generalTaskOfficeName`, `t_generalTaskPriorityName`, `t_generalTaskPriorityNumber`, `t_generalTaskEnd`, `t_generalTaskStatus`, `t_generalTaskCFirstName`, `t_generalTaskCLastName`, `t_generalTaskCNif`, `t_generalTaskExplanation`, `t_generalTaskDueDate`, `t_generalTaskRepeat`, `t_generalTaskRepeatMode`) VALUES(21, 15, 'Jose Antonio Martín Herrera', 'Luis', '916958476', 'info@mhf.es', NULL, '2018-07-26 16:44:10', 1, 'Carlos Hernandez', NULL, NULL, 'CAMBIO DE GESTORÍA DE CLIENTE PEPE', 1, 'Officina 001', NULL, NULL, NULL, NULL, 'Jose Antonio', 'Martín Herrera', '52501789D', NULL, NULL, NULL, NULL);
INSERT INTO `t_generaltask` (`idt_generalTask`, `t_clientes_idt_clientes`, `t_generalTaskCName`, `t_generalTaskCPContact`, `t_generalTaskCTelefono`, `t_generalTaskCEmail`, `t_generalTaskCOffice`, `t_generalTaskDateCreated`, `t_usuarios_idt_usuarios`, `t_generalTaskUsuarioName`, `t_generalTaskTotalSubTask`, `t_generalTaskTotalSubTaskCompleted`, `t_generalTaskTitle`, `t_oficinas_idt_oficinas`, `t_generalTaskOfficeName`, `t_generalTaskPriorityName`, `t_generalTaskPriorityNumber`, `t_generalTaskEnd`, `t_generalTaskStatus`, `t_generalTaskCFirstName`, `t_generalTaskCLastName`, `t_generalTaskCNif`, `t_generalTaskExplanation`, `t_generalTaskDueDate`, `t_generalTaskRepeat`, `t_generalTaskRepeatMode`) VALUES(22, NULL, NULL, NULL, NULL, NULL, NULL, '2018-07-26 17:04:57', 1, 'Carlos Hernandez', NULL, NULL, 'Luis Reyes y Carlos Hernández', 1, 'Officina 001', NULL, NULL, NULL, NULL, NULL, NULL, NULL, NULL, NULL, NULL, NULL);
INSERT INTO `t_generaltask` (`idt_generalTask`, `t_clientes_idt_clientes`, `t_generalTaskCName`, `t_generalTaskCPContact`, `t_generalTaskCTelefono`, `t_generalTaskCEmail`, `t_generalTaskCOffice`, `t_generalTaskDateCreated`, `t_usuarios_idt_usuarios`, `t_generalTaskUsuarioName`, `t_generalTaskTotalSubTask`, `t_generalTaskTotalSubTaskCompleted`, `t_generalTaskTitle`, `t_oficinas_idt_oficinas`, `t_generalTaskOfficeName`, `t_generalTaskPriorityName`, `t_generalTaskPriorityNumber`, `t_generalTaskEnd`, `t_generalTaskStatus`, `t_generalTaskCFirstName`, `t_generalTaskCLastName`, `t_generalTaskCNif`, `t_generalTaskExplanation`, `t_generalTaskDueDate`, `t_generalTaskRepeat`, `t_generalTaskRepeatMode`) VALUES(23, NULL, NULL, NULL, NULL, NULL, NULL, '2018-07-27 09:59:37', 1, 'Carlos Hernandez', NULL, NULL, NULL, 1, 'Officina 001', NULL, NULL, NULL, NULL, NULL, NULL, NULL, NULL, NULL, NULL, NULL);
INSERT INTO `t_generaltask` (`idt_generalTask`, `t_clientes_idt_clientes`, `t_generalTaskCName`, `t_generalTaskCPContact`, `t_generalTaskCTelefono`, `t_generalTaskCEmail`, `t_generalTaskCOffice`, `t_generalTaskDateCreated`, `t_usuarios_idt_usuarios`, `t_generalTaskUsuarioName`, `t_generalTaskTotalSubTask`, `t_generalTaskTotalSubTaskCompleted`, `t_generalTaskTitle`, `t_oficinas_idt_oficinas`, `t_generalTaskOfficeName`, `t_generalTaskPriorityName`, `t_generalTaskPriorityNumber`, `t_generalTaskEnd`, `t_generalTaskStatus`, `t_generalTaskCFirstName`, `t_generalTaskCLastName`, `t_generalTaskCNif`, `t_generalTaskExplanation`, `t_generalTaskDueDate`, `t_generalTaskRepeat`, `t_generalTaskRepeatMode`) VALUES(24, 25, 'RENFE GGGGG', NULL, '696111222', NULL, NULL, '2018-07-27 10:49:08', 1, 'Carlos Hernandez', NULL, NULL, NULL, 1, 'Officina 001', NULL, NULL, NULL, NULL, 'RENFE', 'GGGGG', '333444555', NULL, NULL, NULL, NULL);

-- --------------------------------------------------------

--
-- Estructura de tabla para la tabla `t_impuestodeclaracion`
--

CREATE TABLE `t_impuestodeclaracion` (
  `idt_impuestoDeclaracion` int(11) NOT NULL,
  `declarante_1` int(11) DEFAULT NULL,
  `declarante_2` int(11) DEFAULT NULL,
  `t_impuestoDeclaracionTipoCliente` varchar(45) DEFAULT NULL,
  `t_impuestoDeclaracionTieneHijo25` varchar(45) DEFAULT NULL,
  `t_impuestoDeclaracionEsJubilado` varchar(45) DEFAULT NULL,
  `t_usuarios_idt_usuarios` int(11) NOT NULL,
  `t_impuestoDeclaracionObservacion` text,
  `t_impuestoDeclaracionFecha` date DEFAULT NULL,
  `t_impuestoDeclaracionReferencia` varchar(45) DEFAULT NULL,
  `t_impuestoDeclaracionOficina` int(11) DEFAULT NULL,
  `t_impuestoDeclaracionEstatus` varchar(45) DEFAULT NULL,
  `t_impuestoDeclaracionNombreD1` varchar(45) DEFAULT NULL,
  `t_impuestoDeclaracionNombreD2` varchar(45) DEFAULT NULL,
  `t_impuestoDeclaracionIniciada` varchar(45) DEFAULT NULL,
  `t_impuestoDeclaracionIniciadaU` varchar(45) DEFAULT NULL,
  `t_impuestoDeclaracionIniciadaUId` int(11) DEFAULT NULL,
  `t_impuestoDeclaracionEnTramitacion` varchar(45) DEFAULT NULL,
  `t_impuestoDeclaracionEnTramitacionU` varchar(45) DEFAULT NULL,
  `t_impuestoDeclaracionEnTramitacionUId` int(11) DEFAULT NULL,
  `t_impuestoDeclaracionTramitado` varchar(45) DEFAULT NULL,
  `t_impuestoDeclaracionTramitadoU` varchar(45) DEFAULT NULL,
  `t_impuestoDeclaracionTramitadoUId` int(11) DEFAULT NULL,
  `t_impuestoDeclaracionComprobado` varchar(45) DEFAULT NULL,
  `t_impuestoDeclaracionComprobadoU` varchar(45) DEFAULT NULL,
  `t_impuestoDeclaracionComprobadoUId` int(11) DEFAULT NULL,
  `t_impuestoDeclaracionYear` year(4) DEFAULT NULL,
  `t_impuestoDeclaracionNotes` text
) ENGINE=InnoDB DEFAULT CHARSET=utf8;

--
-- Volcado de datos para la tabla `t_impuestodeclaracion`
--

INSERT INTO `t_impuestodeclaracion` (`idt_impuestoDeclaracion`, `declarante_1`, `declarante_2`, `t_impuestoDeclaracionTipoCliente`, `t_impuestoDeclaracionTieneHijo25`, `t_impuestoDeclaracionEsJubilado`, `t_usuarios_idt_usuarios`, `t_impuestoDeclaracionObservacion`, `t_impuestoDeclaracionFecha`, `t_impuestoDeclaracionReferencia`, `t_impuestoDeclaracionOficina`, `t_impuestoDeclaracionEstatus`, `t_impuestoDeclaracionNombreD1`, `t_impuestoDeclaracionNombreD2`, `t_impuestoDeclaracionIniciada`, `t_impuestoDeclaracionIniciadaU`, `t_impuestoDeclaracionIniciadaUId`, `t_impuestoDeclaracionEnTramitacion`, `t_impuestoDeclaracionEnTramitacionU`, `t_impuestoDeclaracionEnTramitacionUId`, `t_impuestoDeclaracionTramitado`, `t_impuestoDeclaracionTramitadoU`, `t_impuestoDeclaracionTramitadoUId`, `t_impuestoDeclaracionComprobado`, `t_impuestoDeclaracionComprobadoU`, `t_impuestoDeclaracionComprobadoUId`, `t_impuestoDeclaracionYear`, `t_impuestoDeclaracionNotes`) VALUES(1, 1, 0, 'Cliente del año anterior', 'SI', 'NO', 13, NULL, '2018-05-29', '20180529102659', 2, 'Iniciado', 'Jose Alfaro', '', '2018-05-29', 'José Antonio Martín Herrera', 13, NULL, NULL, NULL, NULL, NULL, NULL, NULL, NULL, NULL, 2017, NULL);
INSERT INTO `t_impuestodeclaracion` (`idt_impuestoDeclaracion`, `declarante_1`, `declarante_2`, `t_impuestoDeclaracionTipoCliente`, `t_impuestoDeclaracionTieneHijo25`, `t_impuestoDeclaracionEsJubilado`, `t_usuarios_idt_usuarios`, `t_impuestoDeclaracionObservacion`, `t_impuestoDeclaracionFecha`, `t_impuestoDeclaracionReferencia`, `t_impuestoDeclaracionOficina`, `t_impuestoDeclaracionEstatus`, `t_impuestoDeclaracionNombreD1`, `t_impuestoDeclaracionNombreD2`, `t_impuestoDeclaracionIniciada`, `t_impuestoDeclaracionIniciadaU`, `t_impuestoDeclaracionIniciadaUId`, `t_impuestoDeclaracionEnTramitacion`, `t_impuestoDeclaracionEnTramitacionU`, `t_impuestoDeclaracionEnTramitacionUId`, `t_impuestoDeclaracionTramitado`, `t_impuestoDeclaracionTramitadoU`, `t_impuestoDeclaracionTramitadoUId`, `t_impuestoDeclaracionComprobado`, `t_impuestoDeclaracionComprobadoU`, `t_impuestoDeclaracionComprobadoUId`, `t_impuestoDeclaracionYear`, `t_impuestoDeclaracionNotes`) VALUES(2, 2, 3, 'Cliente del año anterior', 'NO', 'SI', 13, NULL, '2018-05-29', '20180529103856', 2, 'Comprobado', 'Cesar Rael', 'Heliana Villagomez', '2018-05-29', 'José Antonio Martín Herrera', 13, '2018-05-29', 'José Antonio Martín Herrera', 13, '2018-05-29', 'José Antonio Martín Herrera', 13, '2018-05-29', 'José Antonio Martín Herrera', 13, 2017, NULL);
INSERT INTO `t_impuestodeclaracion` (`idt_impuestoDeclaracion`, `declarante_1`, `declarante_2`, `t_impuestoDeclaracionTipoCliente`, `t_impuestoDeclaracionTieneHijo25`, `t_impuestoDeclaracionEsJubilado`, `t_usuarios_idt_usuarios`, `t_impuestoDeclaracionObservacion`, `t_impuestoDeclaracionFecha`, `t_impuestoDeclaracionReferencia`, `t_impuestoDeclaracionOficina`, `t_impuestoDeclaracionEstatus`, `t_impuestoDeclaracionNombreD1`, `t_impuestoDeclaracionNombreD2`, `t_impuestoDeclaracionIniciada`, `t_impuestoDeclaracionIniciadaU`, `t_impuestoDeclaracionIniciadaUId`, `t_impuestoDeclaracionEnTramitacion`, `t_impuestoDeclaracionEnTramitacionU`, `t_impuestoDeclaracionEnTramitacionUId`, `t_impuestoDeclaracionTramitado`, `t_impuestoDeclaracionTramitadoU`, `t_impuestoDeclaracionTramitadoUId`, `t_impuestoDeclaracionComprobado`, `t_impuestoDeclaracionComprobadoU`, `t_impuestoDeclaracionComprobadoUId`, `t_impuestoDeclaracionYear`, `t_impuestoDeclaracionNotes`) VALUES(3, 4, 0, 'Cliente Mensual', 'NO', 'NO', 13, NULL, '2018-05-29', '20180529105002', 2, 'Comprobado', 'Lucia Maya', '', '2018-05-29', 'José Antonio Martín Herrera', 13, NULL, NULL, NULL, NULL, NULL, NULL, '2018-05-29', 'José Antonio Martín Herrera', 13, 2017, NULL);
INSERT INTO `t_impuestodeclaracion` (`idt_impuestoDeclaracion`, `declarante_1`, `declarante_2`, `t_impuestoDeclaracionTipoCliente`, `t_impuestoDeclaracionTieneHijo25`, `t_impuestoDeclaracionEsJubilado`, `t_usuarios_idt_usuarios`, `t_impuestoDeclaracionObservacion`, `t_impuestoDeclaracionFecha`, `t_impuestoDeclaracionReferencia`, `t_impuestoDeclaracionOficina`, `t_impuestoDeclaracionEstatus`, `t_impuestoDeclaracionNombreD1`, `t_impuestoDeclaracionNombreD2`, `t_impuestoDeclaracionIniciada`, `t_impuestoDeclaracionIniciadaU`, `t_impuestoDeclaracionIniciadaUId`, `t_impuestoDeclaracionEnTramitacion`, `t_impuestoDeclaracionEnTramitacionU`, `t_impuestoDeclaracionEnTramitacionUId`, `t_impuestoDeclaracionTramitado`, `t_impuestoDeclaracionTramitadoU`, `t_impuestoDeclaracionTramitadoUId`, `t_impuestoDeclaracionComprobado`, `t_impuestoDeclaracionComprobadoU`, `t_impuestoDeclaracionComprobadoUId`, `t_impuestoDeclaracionYear`, `t_impuestoDeclaracionNotes`) VALUES(4, 5, 0, 'Cliente Mensual', 'SI', 'NO', 13, NULL, '2018-05-29', '20180529110825', 2, 'Iniciado', 'Francisco Montenegro', '', '2018-05-29', 'José Antonio Martín Herrera', 13, NULL, NULL, NULL, NULL, NULL, NULL, NULL, NULL, NULL, 2017, NULL);
INSERT INTO `t_impuestodeclaracion` (`idt_impuestoDeclaracion`, `declarante_1`, `declarante_2`, `t_impuestoDeclaracionTipoCliente`, `t_impuestoDeclaracionTieneHijo25`, `t_impuestoDeclaracionEsJubilado`, `t_usuarios_idt_usuarios`, `t_impuestoDeclaracionObservacion`, `t_impuestoDeclaracionFecha`, `t_impuestoDeclaracionReferencia`, `t_impuestoDeclaracionOficina`, `t_impuestoDeclaracionEstatus`, `t_impuestoDeclaracionNombreD1`, `t_impuestoDeclaracionNombreD2`, `t_impuestoDeclaracionIniciada`, `t_impuestoDeclaracionIniciadaU`, `t_impuestoDeclaracionIniciadaUId`, `t_impuestoDeclaracionEnTramitacion`, `t_impuestoDeclaracionEnTramitacionU`, `t_impuestoDeclaracionEnTramitacionUId`, `t_impuestoDeclaracionTramitado`, `t_impuestoDeclaracionTramitadoU`, `t_impuestoDeclaracionTramitadoUId`, `t_impuestoDeclaracionComprobado`, `t_impuestoDeclaracionComprobadoU`, `t_impuestoDeclaracionComprobadoUId`, `t_impuestoDeclaracionYear`, `t_impuestoDeclaracionNotes`) VALUES(5, 6, 7, 'Cliente del año anterior', 'SI', 'NO', 13, NULL, '2018-05-29', '20180529111212', 2, 'Iniciado', 'Natalia Carrero', 'Carlos Caballero', '2018-05-29', 'José Antonio Martín Herrera', 13, NULL, NULL, NULL, NULL, NULL, NULL, NULL, NULL, NULL, 2017, NULL);
INSERT INTO `t_impuestodeclaracion` (`idt_impuestoDeclaracion`, `declarante_1`, `declarante_2`, `t_impuestoDeclaracionTipoCliente`, `t_impuestoDeclaracionTieneHijo25`, `t_impuestoDeclaracionEsJubilado`, `t_usuarios_idt_usuarios`, `t_impuestoDeclaracionObservacion`, `t_impuestoDeclaracionFecha`, `t_impuestoDeclaracionReferencia`, `t_impuestoDeclaracionOficina`, `t_impuestoDeclaracionEstatus`, `t_impuestoDeclaracionNombreD1`, `t_impuestoDeclaracionNombreD2`, `t_impuestoDeclaracionIniciada`, `t_impuestoDeclaracionIniciadaU`, `t_impuestoDeclaracionIniciadaUId`, `t_impuestoDeclaracionEnTramitacion`, `t_impuestoDeclaracionEnTramitacionU`, `t_impuestoDeclaracionEnTramitacionUId`, `t_impuestoDeclaracionTramitado`, `t_impuestoDeclaracionTramitadoU`, `t_impuestoDeclaracionTramitadoUId`, `t_impuestoDeclaracionComprobado`, `t_impuestoDeclaracionComprobadoU`, `t_impuestoDeclaracionComprobadoUId`, `t_impuestoDeclaracionYear`, `t_impuestoDeclaracionNotes`) VALUES(6, 8, 9, 'Cliente Mensual', 'NO', 'NO', 13, NULL, '2018-05-29', '20180529112133', 2, 'Iniciado', 'Celia Villareal', 'Laila Baez', '2018-05-29', 'José Antonio Martín Herrera', 13, NULL, NULL, NULL, NULL, NULL, NULL, NULL, NULL, NULL, 2017, NULL);
INSERT INTO `t_impuestodeclaracion` (`idt_impuestoDeclaracion`, `declarante_1`, `declarante_2`, `t_impuestoDeclaracionTipoCliente`, `t_impuestoDeclaracionTieneHijo25`, `t_impuestoDeclaracionEsJubilado`, `t_usuarios_idt_usuarios`, `t_impuestoDeclaracionObservacion`, `t_impuestoDeclaracionFecha`, `t_impuestoDeclaracionReferencia`, `t_impuestoDeclaracionOficina`, `t_impuestoDeclaracionEstatus`, `t_impuestoDeclaracionNombreD1`, `t_impuestoDeclaracionNombreD2`, `t_impuestoDeclaracionIniciada`, `t_impuestoDeclaracionIniciadaU`, `t_impuestoDeclaracionIniciadaUId`, `t_impuestoDeclaracionEnTramitacion`, `t_impuestoDeclaracionEnTramitacionU`, `t_impuestoDeclaracionEnTramitacionUId`, `t_impuestoDeclaracionTramitado`, `t_impuestoDeclaracionTramitadoU`, `t_impuestoDeclaracionTramitadoUId`, `t_impuestoDeclaracionComprobado`, `t_impuestoDeclaracionComprobadoU`, `t_impuestoDeclaracionComprobadoUId`, `t_impuestoDeclaracionYear`, `t_impuestoDeclaracionNotes`) VALUES(7, 10, 0, 'Cliente Mensual', 'SI', 'NO', 13, NULL, '2018-05-29', '20180529112340', 2, 'Iniciado', 'Alejandro Moreno Sanchez', '', '2018-05-29', 'José Antonio Martín Herrera', 13, NULL, NULL, NULL, NULL, NULL, NULL, NULL, NULL, NULL, 2017, NULL);
INSERT INTO `t_impuestodeclaracion` (`idt_impuestoDeclaracion`, `declarante_1`, `declarante_2`, `t_impuestoDeclaracionTipoCliente`, `t_impuestoDeclaracionTieneHijo25`, `t_impuestoDeclaracionEsJubilado`, `t_usuarios_idt_usuarios`, `t_impuestoDeclaracionObservacion`, `t_impuestoDeclaracionFecha`, `t_impuestoDeclaracionReferencia`, `t_impuestoDeclaracionOficina`, `t_impuestoDeclaracionEstatus`, `t_impuestoDeclaracionNombreD1`, `t_impuestoDeclaracionNombreD2`, `t_impuestoDeclaracionIniciada`, `t_impuestoDeclaracionIniciadaU`, `t_impuestoDeclaracionIniciadaUId`, `t_impuestoDeclaracionEnTramitacion`, `t_impuestoDeclaracionEnTramitacionU`, `t_impuestoDeclaracionEnTramitacionUId`, `t_impuestoDeclaracionTramitado`, `t_impuestoDeclaracionTramitadoU`, `t_impuestoDeclaracionTramitadoUId`, `t_impuestoDeclaracionComprobado`, `t_impuestoDeclaracionComprobadoU`, `t_impuestoDeclaracionComprobadoUId`, `t_impuestoDeclaracionYear`, `t_impuestoDeclaracionNotes`) VALUES(8, 11, 0, 'Cliente Nuevo', 'NO', 'SI', 13, NULL, '2018-05-29', '20180529112903', 2, 'Iniciado', 'Natalia Vazquez Rojas', '', '2018-05-29', 'José Antonio Martín Herrera', 13, NULL, NULL, NULL, NULL, NULL, NULL, NULL, NULL, NULL, 2017, NULL);
INSERT INTO `t_impuestodeclaracion` (`idt_impuestoDeclaracion`, `declarante_1`, `declarante_2`, `t_impuestoDeclaracionTipoCliente`, `t_impuestoDeclaracionTieneHijo25`, `t_impuestoDeclaracionEsJubilado`, `t_usuarios_idt_usuarios`, `t_impuestoDeclaracionObservacion`, `t_impuestoDeclaracionFecha`, `t_impuestoDeclaracionReferencia`, `t_impuestoDeclaracionOficina`, `t_impuestoDeclaracionEstatus`, `t_impuestoDeclaracionNombreD1`, `t_impuestoDeclaracionNombreD2`, `t_impuestoDeclaracionIniciada`, `t_impuestoDeclaracionIniciadaU`, `t_impuestoDeclaracionIniciadaUId`, `t_impuestoDeclaracionEnTramitacion`, `t_impuestoDeclaracionEnTramitacionU`, `t_impuestoDeclaracionEnTramitacionUId`, `t_impuestoDeclaracionTramitado`, `t_impuestoDeclaracionTramitadoU`, `t_impuestoDeclaracionTramitadoUId`, `t_impuestoDeclaracionComprobado`, `t_impuestoDeclaracionComprobadoU`, `t_impuestoDeclaracionComprobadoUId`, `t_impuestoDeclaracionYear`, `t_impuestoDeclaracionNotes`) VALUES(9, 12, 0, 'Cliente Nuevo', 'NO', 'SI', 13, NULL, '2018-05-29', '20180529114245', 2, 'Iniciado', 'Juan Perez Rilova', '', '2018-05-29', 'José Antonio Martín Herrera', 13, NULL, NULL, NULL, NULL, NULL, NULL, NULL, NULL, NULL, 2017, NULL);
INSERT INTO `t_impuestodeclaracion` (`idt_impuestoDeclaracion`, `declarante_1`, `declarante_2`, `t_impuestoDeclaracionTipoCliente`, `t_impuestoDeclaracionTieneHijo25`, `t_impuestoDeclaracionEsJubilado`, `t_usuarios_idt_usuarios`, `t_impuestoDeclaracionObservacion`, `t_impuestoDeclaracionFecha`, `t_impuestoDeclaracionReferencia`, `t_impuestoDeclaracionOficina`, `t_impuestoDeclaracionEstatus`, `t_impuestoDeclaracionNombreD1`, `t_impuestoDeclaracionNombreD2`, `t_impuestoDeclaracionIniciada`, `t_impuestoDeclaracionIniciadaU`, `t_impuestoDeclaracionIniciadaUId`, `t_impuestoDeclaracionEnTramitacion`, `t_impuestoDeclaracionEnTramitacionU`, `t_impuestoDeclaracionEnTramitacionUId`, `t_impuestoDeclaracionTramitado`, `t_impuestoDeclaracionTramitadoU`, `t_impuestoDeclaracionTramitadoUId`, `t_impuestoDeclaracionComprobado`, `t_impuestoDeclaracionComprobadoU`, `t_impuestoDeclaracionComprobadoUId`, `t_impuestoDeclaracionYear`, `t_impuestoDeclaracionNotes`) VALUES(10, 13, 14, 'Cliente del año anterior', 'SI', 'NO', 13, NULL, '2018-05-29', '20180529115025', 2, 'Iniciado', 'Ivan Jimenez', 'Gema Gonzales Pradillo', '2018-05-29', 'José Antonio Martín Herrera', 13, NULL, NULL, NULL, NULL, NULL, NULL, NULL, NULL, NULL, 2017, NULL);
INSERT INTO `t_impuestodeclaracion` (`idt_impuestoDeclaracion`, `declarante_1`, `declarante_2`, `t_impuestoDeclaracionTipoCliente`, `t_impuestoDeclaracionTieneHijo25`, `t_impuestoDeclaracionEsJubilado`, `t_usuarios_idt_usuarios`, `t_impuestoDeclaracionObservacion`, `t_impuestoDeclaracionFecha`, `t_impuestoDeclaracionReferencia`, `t_impuestoDeclaracionOficina`, `t_impuestoDeclaracionEstatus`, `t_impuestoDeclaracionNombreD1`, `t_impuestoDeclaracionNombreD2`, `t_impuestoDeclaracionIniciada`, `t_impuestoDeclaracionIniciadaU`, `t_impuestoDeclaracionIniciadaUId`, `t_impuestoDeclaracionEnTramitacion`, `t_impuestoDeclaracionEnTramitacionU`, `t_impuestoDeclaracionEnTramitacionUId`, `t_impuestoDeclaracionTramitado`, `t_impuestoDeclaracionTramitadoU`, `t_impuestoDeclaracionTramitadoUId`, `t_impuestoDeclaracionComprobado`, `t_impuestoDeclaracionComprobadoU`, `t_impuestoDeclaracionComprobadoUId`, `t_impuestoDeclaracionYear`, `t_impuestoDeclaracionNotes`) VALUES(11, 15, 16, 'Cliente del año anterior', 'NO', 'NO', 13, NULL, '2018-05-29', '20180529185547', 2, 'Iniciado', 'Jose Antonio Martín Herrera', 'Fatima Paredes Jimenez', '2018-05-29', 'José Antonio Martín Herrera', 13, NULL, NULL, NULL, NULL, NULL, NULL, NULL, NULL, NULL, 2017, 'ASDFASdfasdfasdfasdf asdf  sadf asdf as df asdf as df asdf sdfasdf\nasdasdasdfasdfasdfasd f asdf asd fa sdf asdf asd fa sdf asdf asd f asdf asdf asd fa sdf asdf asd fa sdf asdf asd fa sdf asdf asd fa sdf asdf asd f asdf asd fas df asdf sdf asd fa sdf asdf asdf asdf asd f');
INSERT INTO `t_impuestodeclaracion` (`idt_impuestoDeclaracion`, `declarante_1`, `declarante_2`, `t_impuestoDeclaracionTipoCliente`, `t_impuestoDeclaracionTieneHijo25`, `t_impuestoDeclaracionEsJubilado`, `t_usuarios_idt_usuarios`, `t_impuestoDeclaracionObservacion`, `t_impuestoDeclaracionFecha`, `t_impuestoDeclaracionReferencia`, `t_impuestoDeclaracionOficina`, `t_impuestoDeclaracionEstatus`, `t_impuestoDeclaracionNombreD1`, `t_impuestoDeclaracionNombreD2`, `t_impuestoDeclaracionIniciada`, `t_impuestoDeclaracionIniciadaU`, `t_impuestoDeclaracionIniciadaUId`, `t_impuestoDeclaracionEnTramitacion`, `t_impuestoDeclaracionEnTramitacionU`, `t_impuestoDeclaracionEnTramitacionUId`, `t_impuestoDeclaracionTramitado`, `t_impuestoDeclaracionTramitadoU`, `t_impuestoDeclaracionTramitadoUId`, `t_impuestoDeclaracionComprobado`, `t_impuestoDeclaracionComprobadoU`, `t_impuestoDeclaracionComprobadoUId`, `t_impuestoDeclaracionYear`, `t_impuestoDeclaracionNotes`) VALUES(12, 17, 0, 'Cliente del año anterior', 'SI', 'NO', 13, NULL, '2018-05-31', '20180531121224', 2, 'Comprobado', 'Carlos Manuel Cardona Castro', '', '2018-05-31', 'José Antonio Martín Herrera', 13, '2018-06-08', 'carlos Hernandez', 1, '2018-06-08', 'carlos Hernandez', 1, '2018-06-08', 'carlos Hernandez', 1, 2017, NULL);
INSERT INTO `t_impuestodeclaracion` (`idt_impuestoDeclaracion`, `declarante_1`, `declarante_2`, `t_impuestoDeclaracionTipoCliente`, `t_impuestoDeclaracionTieneHijo25`, `t_impuestoDeclaracionEsJubilado`, `t_usuarios_idt_usuarios`, `t_impuestoDeclaracionObservacion`, `t_impuestoDeclaracionFecha`, `t_impuestoDeclaracionReferencia`, `t_impuestoDeclaracionOficina`, `t_impuestoDeclaracionEstatus`, `t_impuestoDeclaracionNombreD1`, `t_impuestoDeclaracionNombreD2`, `t_impuestoDeclaracionIniciada`, `t_impuestoDeclaracionIniciadaU`, `t_impuestoDeclaracionIniciadaUId`, `t_impuestoDeclaracionEnTramitacion`, `t_impuestoDeclaracionEnTramitacionU`, `t_impuestoDeclaracionEnTramitacionUId`, `t_impuestoDeclaracionTramitado`, `t_impuestoDeclaracionTramitadoU`, `t_impuestoDeclaracionTramitadoUId`, `t_impuestoDeclaracionComprobado`, `t_impuestoDeclaracionComprobadoU`, `t_impuestoDeclaracionComprobadoUId`, `t_impuestoDeclaracionYear`, `t_impuestoDeclaracionNotes`) VALUES(13, 18, 0, 'Cliente del año anterior', 'NO', 'NO', 14, NULL, '2018-06-06', '20180606183051', 3, 'Iniciado', 'Luis Reyes', '', '2018-06-06', 'Fátima Paredes', 14, NULL, NULL, NULL, NULL, NULL, NULL, NULL, NULL, NULL, 2017, NULL);
INSERT INTO `t_impuestodeclaracion` (`idt_impuestoDeclaracion`, `declarante_1`, `declarante_2`, `t_impuestoDeclaracionTipoCliente`, `t_impuestoDeclaracionTieneHijo25`, `t_impuestoDeclaracionEsJubilado`, `t_usuarios_idt_usuarios`, `t_impuestoDeclaracionObservacion`, `t_impuestoDeclaracionFecha`, `t_impuestoDeclaracionReferencia`, `t_impuestoDeclaracionOficina`, `t_impuestoDeclaracionEstatus`, `t_impuestoDeclaracionNombreD1`, `t_impuestoDeclaracionNombreD2`, `t_impuestoDeclaracionIniciada`, `t_impuestoDeclaracionIniciadaU`, `t_impuestoDeclaracionIniciadaUId`, `t_impuestoDeclaracionEnTramitacion`, `t_impuestoDeclaracionEnTramitacionU`, `t_impuestoDeclaracionEnTramitacionUId`, `t_impuestoDeclaracionTramitado`, `t_impuestoDeclaracionTramitadoU`, `t_impuestoDeclaracionTramitadoUId`, `t_impuestoDeclaracionComprobado`, `t_impuestoDeclaracionComprobadoU`, `t_impuestoDeclaracionComprobadoUId`, `t_impuestoDeclaracionYear`, `t_impuestoDeclaracionNotes`) VALUES(14, 19, 20, 'Cliente del año anterior', 'NO', 'NO', 14, NULL, '2018-06-06', '20180606183245', 3, 'Iniciado', 'Luis Reyes', 'Rosario Flores', '2018-06-06', 'Fátima Paredes', 14, NULL, NULL, NULL, NULL, NULL, NULL, NULL, NULL, NULL, 2017, NULL);

-- --------------------------------------------------------

--
-- Estructura de tabla para la tabla `t_impuestodeclaracionrespuesta`
--

CREATE TABLE `t_impuestodeclaracionrespuesta` (
  `idt_impuestoDeclaracionRespuesta` int(11) NOT NULL,
  `t_impuestoDeclaracion_idt_impuestoDeclaracion` int(11) NOT NULL,
  `t_impuestoDeclaracionRespuestaPregunta` text,
  `t_impuestoDeclaracionRespuestaRespuesta` varchar(45) DEFAULT NULL,
  `t_impuestoDeclaracionRespuestaTituloObser` text,
  `t_impuestoDeclaracionRespuestaObservacion` text,
  `t_impuestoPreguntas_idt_impuestoPreguntas` int(11) NOT NULL,
  `t_impuestoDeclaracionRespuestaIdDeclarante` int(11) DEFAULT NULL
) ENGINE=InnoDB DEFAULT CHARSET=utf8;

--
-- Volcado de datos para la tabla `t_impuestodeclaracionrespuesta`
--

INSERT INTO `t_impuestodeclaracionrespuesta` (`idt_impuestoDeclaracionRespuesta`, `t_impuestoDeclaracion_idt_impuestoDeclaracion`, `t_impuestoDeclaracionRespuestaPregunta`, `t_impuestoDeclaracionRespuestaRespuesta`, `t_impuestoDeclaracionRespuestaTituloObser`, `t_impuestoDeclaracionRespuestaObservacion`, `t_impuestoPreguntas_idt_impuestoPreguntas`, `t_impuestoDeclaracionRespuestaIdDeclarante`) VALUES(1, 1, '¿Ha habido algún cambio en la Situación Familiar con respecto a la Renta anterior?', 'NO', 'En relación al cambio en la Situación Familiar con respecto a la Renta del año anterior el Declarante manifiesta:', '', 2, 1);
INSERT INTO `t_impuestodeclaracionrespuesta` (`idt_impuestoDeclaracionRespuesta`, `t_impuestoDeclaracion_idt_impuestoDeclaracion`, `t_impuestoDeclaracionRespuestaPregunta`, `t_impuestoDeclaracionRespuestaRespuesta`, `t_impuestoDeclaracionRespuestaTituloObser`, `t_impuestoDeclaracionRespuestaObservacion`, `t_impuestoPreguntas_idt_impuestoPreguntas`, `t_impuestoDeclaracionRespuestaIdDeclarante`) VALUES(2, 1, '¿Tiene algún Hijo < de 25 años que haya tenido Ingresos o sea Titular de Algún Bien Inmueble?', 'SI', 'En Relación a los Ingresos de los Hijos el Cliente Manifiesta:', 'Se nos manifiesta que el Hijo ha ganado MENOS de 8.000 euros.', 7, 1);
INSERT INTO `t_impuestodeclaracionrespuesta` (`idt_impuestoDeclaracionRespuesta`, `t_impuestoDeclaracion_idt_impuestoDeclaracion`, `t_impuestoDeclaracionRespuestaPregunta`, `t_impuestoDeclaracionRespuestaRespuesta`, `t_impuestoDeclaracionRespuestaTituloObser`, `t_impuestoDeclaracionRespuestaObservacion`, `t_impuestoPreguntas_idt_impuestoPreguntas`, `t_impuestoDeclaracionRespuestaIdDeclarante`) VALUES(3, 1, '¿Tiene algún Hijo Menor de 3 años por el que tenga derecho a la deducción por maternidad?', 'NO', 'En Relación a la Deducción por Maternidad se manifiesta:', '', 8, 1);
INSERT INTO `t_impuestodeclaracionrespuesta` (`idt_impuestoDeclaracionRespuesta`, `t_impuestoDeclaracion_idt_impuestoDeclaracion`, `t_impuestoDeclaracionRespuestaPregunta`, `t_impuestoDeclaracionRespuestaRespuesta`, `t_impuestoDeclaracionRespuestaTituloObser`, `t_impuestoDeclaracionRespuestaObservacion`, `t_impuestoPreguntas_idt_impuestoPreguntas`, `t_impuestoDeclaracionRespuestaIdDeclarante`) VALUES(4, 1, '¿Ha Cambiado de Domicilio y desea marcarlo?\r\n', 'NO', NULL, '', 9, 1);
INSERT INTO `t_impuestodeclaracionrespuesta` (`idt_impuestoDeclaracionRespuesta`, `t_impuestoDeclaracion_idt_impuestoDeclaracion`, `t_impuestoDeclaracionRespuestaPregunta`, `t_impuestoDeclaracionRespuestaRespuesta`, `t_impuestoDeclaracionRespuestaTituloObser`, `t_impuestoDeclaracionRespuestaObservacion`, `t_impuestoPreguntas_idt_impuestoPreguntas`, `t_impuestoDeclaracionRespuestaIdDeclarante`) VALUES(5, 1, '¿A dónde elige que vaya a parar el 0,7 % de sus impuestos?\r\n', 'SI', 'En Relación a la Asignación Tributaria el Cliente manifesta:\r\n', 'A Otros Fines de Interés Social', 11, 1);
INSERT INTO `t_impuestodeclaracionrespuesta` (`idt_impuestoDeclaracionRespuesta`, `t_impuestoDeclaracion_idt_impuestoDeclaracion`, `t_impuestoDeclaracionRespuestaPregunta`, `t_impuestoDeclaracionRespuestaRespuesta`, `t_impuestoDeclaracionRespuestaTituloObser`, `t_impuestoDeclaracionRespuestaObservacion`, `t_impuestoPreguntas_idt_impuestoPreguntas`, `t_impuestoDeclaracionRespuestaIdDeclarante`) VALUES(6, 1, '¿Ha sido despedido de alguna Empresa o ha tenido algún Juicio o ha Cobrado algo de un Juicio Anterior?', 'NO', 'Situación a Informar en Caso de Despido - Juicio - FOGASA, etc:', '', 17, 1);
INSERT INTO `t_impuestodeclaracionrespuesta` (`idt_impuestoDeclaracionRespuesta`, `t_impuestoDeclaracion_idt_impuestoDeclaracion`, `t_impuestoDeclaracionRespuestaPregunta`, `t_impuestoDeclaracionRespuestaRespuesta`, `t_impuestoDeclaracionRespuestaTituloObser`, `t_impuestoDeclaracionRespuestaObservacion`, `t_impuestoPreguntas_idt_impuestoPreguntas`, `t_impuestoDeclaracionRespuestaIdDeclarante`) VALUES(7, 1, '¿Ha Cobrado Alguna Pensión Compensatoria Usted o alguno de sus hijos a cargo?', 'NO', 'En Relación a la Pensión Compensatoria y/o Anualidades por Alimentos el Cliente manifiesta:', '', 19, 1);
INSERT INTO `t_impuestodeclaracionrespuesta` (`idt_impuestoDeclaracionRespuesta`, `t_impuestoDeclaracion_idt_impuestoDeclaracion`, `t_impuestoDeclaracionRespuestaPregunta`, `t_impuestoDeclaracionRespuestaRespuesta`, `t_impuestoDeclaracionRespuestaTituloObser`, `t_impuestoDeclaracionRespuestaObservacion`, `t_impuestoPreguntas_idt_impuestoPreguntas`, `t_impuestoDeclaracionRespuestaIdDeclarante`) VALUES(8, 1, '¿Tiene algún ingreso Bancario, Dividendo, etc, que NO venga en los Datos Fiscales? ¿Particip. Preferentes?', 'SI', 'En Relación a los RC Mobiliario y/o Preferentes se manifiesta lo siguiente:', 'Se informa al Cliente que los Rendimientos Negativos del Canje de Preferentes que ha tenido, se pueden compensar con el Beneficio que pueda obtener cuando venda las acciones que le han dado a cambio.', 20, 1);
INSERT INTO `t_impuestodeclaracionrespuesta` (`idt_impuestoDeclaracionRespuesta`, `t_impuestoDeclaracion_idt_impuestoDeclaracion`, `t_impuestoDeclaracionRespuestaPregunta`, `t_impuestoDeclaracionRespuestaRespuesta`, `t_impuestoDeclaracionRespuestaTituloObser`, `t_impuestoDeclaracionRespuestaObservacion`, `t_impuestoPreguntas_idt_impuestoPreguntas`, `t_impuestoDeclaracionRespuestaIdDeclarante`) VALUES(9, 1, '¿Es propietario de algún Inmueble que tenga Alquilado?', 'NO', 'En Relación al Arrendamiento de Inmuebles se manifiesta lo siguiente:', '', 21, 1);
INSERT INTO `t_impuestodeclaracionrespuesta` (`idt_impuestoDeclaracionRespuesta`, `t_impuestoDeclaracion_idt_impuestoDeclaracion`, `t_impuestoDeclaracionRespuestaPregunta`, `t_impuestoDeclaracionRespuestaRespuesta`, `t_impuestoDeclaracionRespuestaTituloObser`, `t_impuestoDeclaracionRespuestaObservacion`, `t_impuestoPreguntas_idt_impuestoPreguntas`, `t_impuestoDeclaracionRespuestaIdDeclarante`) VALUES(10, 1, '¿Tiene algún Inmueble que NO venga en los Datos Fiscales?', 'SI', 'En Relación a Inmuebles que NO vienen en los Datos Fiscales se manifiesta:', 'El Cliente manifiesta que ha heredado unos Inmuebles que todavia no aparecen en la Información Fiscal pero que hay que declarar', 22, 1);
INSERT INTO `t_impuestodeclaracionrespuesta` (`idt_impuestoDeclaracionRespuesta`, `t_impuestoDeclaracion_idt_impuestoDeclaracion`, `t_impuestoDeclaracionRespuestaPregunta`, `t_impuestoDeclaracionRespuestaRespuesta`, `t_impuestoDeclaracionRespuestaTituloObser`, `t_impuestoDeclaracionRespuestaObservacion`, `t_impuestoPreguntas_idt_impuestoPreguntas`, `t_impuestoDeclaracionRespuestaIdDeclarante`) VALUES(11, 1, '¿Ha vendido Acciones o cualquier otro Producto Financiero que NO venga en los Datos Fiscales?', 'NO', 'En Relación a la Venta de Acciones se manifiesta:', '', 24, 1);
INSERT INTO `t_impuestodeclaracionrespuesta` (`idt_impuestoDeclaracionRespuesta`, `t_impuestoDeclaracion_idt_impuestoDeclaracion`, `t_impuestoDeclaracionRespuestaPregunta`, `t_impuestoDeclaracionRespuestaRespuesta`, `t_impuestoDeclaracionRespuestaTituloObser`, `t_impuestoDeclaracionRespuestaObservacion`, `t_impuestoPreguntas_idt_impuestoPreguntas`, `t_impuestoDeclaracionRespuestaIdDeclarante`) VALUES(12, 1, '¿Ha transmitido algún Inmueble en el ejercicio (Venta - Donación - Dación en Pago - Ejecución Hip.)?', 'SI', 'En Relación a la Venta de Inmueble se manifiesta:', 'El Cliente manifiesta que el Inmueble Transmitido NO ha estado Afecto dentro de los TRES años Anteriores a la Venta', 25, 1);
INSERT INTO `t_impuestodeclaracionrespuesta` (`idt_impuestoDeclaracionRespuesta`, `t_impuestoDeclaracion_idt_impuestoDeclaracion`, `t_impuestoDeclaracionRespuestaPregunta`, `t_impuestoDeclaracionRespuestaRespuesta`, `t_impuestoDeclaracionRespuestaTituloObser`, `t_impuestoDeclaracionRespuestaObservacion`, `t_impuestoPreguntas_idt_impuestoPreguntas`, `t_impuestoDeclaracionRespuestaIdDeclarante`) VALUES(13, 1, '¿Tiene Cláusula Suelo - Gastos de Hipoteca que haya reclamado y recibido del Banco?', 'NO', 'En Relación a Cláusulas Suelo y Gastos de Hipoteca:', '', 26, 1);
INSERT INTO `t_impuestodeclaracionrespuesta` (`idt_impuestoDeclaracionRespuesta`, `t_impuestoDeclaracion_idt_impuestoDeclaracion`, `t_impuestoDeclaracionRespuestaPregunta`, `t_impuestoDeclaracionRespuestaRespuesta`, `t_impuestoDeclaracionRespuestaTituloObser`, `t_impuestoDeclaracionRespuestaObservacion`, `t_impuestoPreguntas_idt_impuestoPreguntas`, `t_impuestoDeclaracionRespuestaIdDeclarante`) VALUES(14, 1, '¿Ha cobrado algún tipo de Subvención en el Ejercicio?', 'SI', 'En Relación con el Cobro de Subvenciones el Cliente manifiesta:', 'El Cliente aporta Documentación que Acredita que es una Ayuda para Compensar Defectos Estructurales en su Vivienda Habitual y por tanto se declara en 4 años', 27, 1);
INSERT INTO `t_impuestodeclaracionrespuesta` (`idt_impuestoDeclaracionRespuesta`, `t_impuestoDeclaracion_idt_impuestoDeclaracion`, `t_impuestoDeclaracionRespuestaPregunta`, `t_impuestoDeclaracionRespuestaRespuesta`, `t_impuestoDeclaracionRespuestaTituloObser`, `t_impuestoDeclaracionRespuestaObservacion`, `t_impuestoPreguntas_idt_impuestoPreguntas`, `t_impuestoDeclaracionRespuestaIdDeclarante`) VALUES(15, 1, '¿Sus Hijos van a Colegio Privado? (Deducción Autonómica por Gastos de Escolaridad Obligatorios)', 'NO', NULL, '', 30, 1);
INSERT INTO `t_impuestodeclaracionrespuesta` (`idt_impuestoDeclaracionRespuesta`, `t_impuestoDeclaracion_idt_impuestoDeclaracion`, `t_impuestoDeclaracionRespuestaPregunta`, `t_impuestoDeclaracionRespuestaRespuesta`, `t_impuestoDeclaracionRespuestaTituloObser`, `t_impuestoDeclaracionRespuestaObservacion`, `t_impuestoPreguntas_idt_impuestoPreguntas`, `t_impuestoDeclaracionRespuestaIdDeclarante`) VALUES(16, 1, 'En caso de pago ¿Desea Fraccionar el Pago?', 'SI', NULL, '', 37, 1);
INSERT INTO `t_impuestodeclaracionrespuesta` (`idt_impuestoDeclaracionRespuesta`, `t_impuestoDeclaracion_idt_impuestoDeclaracion`, `t_impuestoDeclaracionRespuestaPregunta`, `t_impuestoDeclaracionRespuestaRespuesta`, `t_impuestoDeclaracionRespuestaTituloObser`, `t_impuestoDeclaracionRespuestaObservacion`, `t_impuestoPreguntas_idt_impuestoPreguntas`, `t_impuestoDeclaracionRespuestaIdDeclarante`) VALUES(17, 1, '¿Proporciona fecha de validez de los DNI del Grupo Familiar?', 'NO', 'Las fechas de validez de los DNI de los integrantes del Grupo Familiar son:', '', 38, 1);
INSERT INTO `t_impuestodeclaracionrespuesta` (`idt_impuestoDeclaracionRespuesta`, `t_impuestoDeclaracion_idt_impuestoDeclaracion`, `t_impuestoDeclaracionRespuestaPregunta`, `t_impuestoDeclaracionRespuestaRespuesta`, `t_impuestoDeclaracionRespuestaTituloObser`, `t_impuestoDeclaracionRespuestaObservacion`, `t_impuestoPreguntas_idt_impuestoPreguntas`, `t_impuestoDeclaracionRespuestaIdDeclarante`) VALUES(18, 2, '¿Ha tenido algún ingreso adicional a la  Pensión por jubilación?', 'NO', 'En relación al ingreso adicional a la Pensión por Jubilación el declarante manifiesta:', '', 3, 2);
INSERT INTO `t_impuestodeclaracionrespuesta` (`idt_impuestoDeclaracionRespuesta`, `t_impuestoDeclaracion_idt_impuestoDeclaracion`, `t_impuestoDeclaracionRespuestaPregunta`, `t_impuestoDeclaracionRespuestaRespuesta`, `t_impuestoDeclaracionRespuestaTituloObser`, `t_impuestoDeclaracionRespuestaObservacion`, `t_impuestoPreguntas_idt_impuestoPreguntas`, `t_impuestoDeclaracionRespuestaIdDeclarante`) VALUES(19, 2, '¿Ha habido algún cambio en la Situación Familiar con respecto a la Renta anterior?', 'NO', 'En relación al cambio en la Situación Familiar con respecto a la Renta del año anterior el Declarante manifiesta:', '', 2, 2);
INSERT INTO `t_impuestodeclaracionrespuesta` (`idt_impuestoDeclaracionRespuesta`, `t_impuestoDeclaracion_idt_impuestoDeclaracion`, `t_impuestoDeclaracionRespuestaPregunta`, `t_impuestoDeclaracionRespuestaRespuesta`, `t_impuestoDeclaracionRespuestaTituloObser`, `t_impuestoDeclaracionRespuestaObservacion`, `t_impuestoPreguntas_idt_impuestoPreguntas`, `t_impuestoDeclaracionRespuestaIdDeclarante`) VALUES(20, 2, '¿Ha Cambiado de Domicilio y desea marcarlo?\r\n', 'SI', NULL, '', 9, 2);
INSERT INTO `t_impuestodeclaracionrespuesta` (`idt_impuestoDeclaracionRespuesta`, `t_impuestoDeclaracion_idt_impuestoDeclaracion`, `t_impuestoDeclaracionRespuestaPregunta`, `t_impuestoDeclaracionRespuestaRespuesta`, `t_impuestoDeclaracionRespuestaTituloObser`, `t_impuestoDeclaracionRespuestaObservacion`, `t_impuestoPreguntas_idt_impuestoPreguntas`, `t_impuestoDeclaracionRespuestaIdDeclarante`) VALUES(21, 2, '¿A dónde elige que vaya a parar el 0,7 % de sus impuestos?\r\n', 'SI', 'En Relación a la Asignación Tributaria el Cliente manifesta:\r\n', 'A la Iglesia Católica', 11, 2);
INSERT INTO `t_impuestodeclaracionrespuesta` (`idt_impuestoDeclaracionRespuesta`, `t_impuestoDeclaracion_idt_impuestoDeclaracion`, `t_impuestoDeclaracionRespuestaPregunta`, `t_impuestoDeclaracionRespuestaRespuesta`, `t_impuestoDeclaracionRespuestaTituloObser`, `t_impuestoDeclaracionRespuestaObservacion`, `t_impuestoPreguntas_idt_impuestoPreguntas`, `t_impuestoDeclaracionRespuestaIdDeclarante`) VALUES(22, 2, '¿Tiene algún ingreso Bancario, Dividendo, etc, que NO venga en los Datos Fiscales? ¿Particip. Preferentes?', 'NO', 'En Relación a los RC Mobiliario y/o Preferentes se manifiesta lo siguiente:', '', 20, 2);
INSERT INTO `t_impuestodeclaracionrespuesta` (`idt_impuestoDeclaracionRespuesta`, `t_impuestoDeclaracion_idt_impuestoDeclaracion`, `t_impuestoDeclaracionRespuestaPregunta`, `t_impuestoDeclaracionRespuestaRespuesta`, `t_impuestoDeclaracionRespuestaTituloObser`, `t_impuestoDeclaracionRespuestaObservacion`, `t_impuestoPreguntas_idt_impuestoPreguntas`, `t_impuestoDeclaracionRespuestaIdDeclarante`) VALUES(23, 2, '¿Es propietario de algún Inmueble que tenga Alquilado?', 'SI', 'En Relación al Arrendamiento de Inmuebles se manifiesta lo siguiente:', 'Ha estado Alquilado TODO el año', 21, 2);
INSERT INTO `t_impuestodeclaracionrespuesta` (`idt_impuestoDeclaracionRespuesta`, `t_impuestoDeclaracion_idt_impuestoDeclaracion`, `t_impuestoDeclaracionRespuestaPregunta`, `t_impuestoDeclaracionRespuestaRespuesta`, `t_impuestoDeclaracionRespuestaTituloObser`, `t_impuestoDeclaracionRespuestaObservacion`, `t_impuestoPreguntas_idt_impuestoPreguntas`, `t_impuestoDeclaracionRespuestaIdDeclarante`) VALUES(24, 2, '¿Tiene algún Inmueble que NO venga en los Datos Fiscales?', 'NO', 'En Relación a Inmuebles que NO vienen en los Datos Fiscales se manifiesta:', '', 22, 2);
INSERT INTO `t_impuestodeclaracionrespuesta` (`idt_impuestoDeclaracionRespuesta`, `t_impuestoDeclaracion_idt_impuestoDeclaracion`, `t_impuestoDeclaracionRespuestaPregunta`, `t_impuestoDeclaracionRespuestaRespuesta`, `t_impuestoDeclaracionRespuestaTituloObser`, `t_impuestoDeclaracionRespuestaObservacion`, `t_impuestoPreguntas_idt_impuestoPreguntas`, `t_impuestoDeclaracionRespuestaIdDeclarante`) VALUES(25, 2, '¿Ha vendido Acciones o cualquier otro Producto Financiero que NO venga en los Datos Fiscales?', 'NO', 'En Relación a la Venta de Acciones se manifiesta:', '', 24, 2);
INSERT INTO `t_impuestodeclaracionrespuesta` (`idt_impuestoDeclaracionRespuesta`, `t_impuestoDeclaracion_idt_impuestoDeclaracion`, `t_impuestoDeclaracionRespuestaPregunta`, `t_impuestoDeclaracionRespuestaRespuesta`, `t_impuestoDeclaracionRespuestaTituloObser`, `t_impuestoDeclaracionRespuestaObservacion`, `t_impuestoPreguntas_idt_impuestoPreguntas`, `t_impuestoDeclaracionRespuestaIdDeclarante`) VALUES(26, 2, '¿Ha transmitido algún Inmueble en el ejercicio (Venta - Donación - Dación en Pago - Ejecución Hip.)?', 'SI', 'En Relación a la Venta de Inmueble se manifiesta:', 'En Caso de Reinversión el Cliente también aporta los Datos de Cancelación de la Hipoteca anterior y el porcentaje que esta Hipoteca representaba en la Primera Hipoteca de Adquisición', 25, 2);
INSERT INTO `t_impuestodeclaracionrespuesta` (`idt_impuestoDeclaracionRespuesta`, `t_impuestoDeclaracion_idt_impuestoDeclaracion`, `t_impuestoDeclaracionRespuestaPregunta`, `t_impuestoDeclaracionRespuestaRespuesta`, `t_impuestoDeclaracionRespuestaTituloObser`, `t_impuestoDeclaracionRespuestaObservacion`, `t_impuestoPreguntas_idt_impuestoPreguntas`, `t_impuestoDeclaracionRespuestaIdDeclarante`) VALUES(27, 2, '¿Tiene Cláusula Suelo - Gastos de Hipoteca que haya reclamado y recibido del Banco?', 'NO', 'En Relación a Cláusulas Suelo y Gastos de Hipoteca:', '', 26, 2);
INSERT INTO `t_impuestodeclaracionrespuesta` (`idt_impuestoDeclaracionRespuesta`, `t_impuestoDeclaracion_idt_impuestoDeclaracion`, `t_impuestoDeclaracionRespuestaPregunta`, `t_impuestoDeclaracionRespuestaRespuesta`, `t_impuestoDeclaracionRespuestaTituloObser`, `t_impuestoDeclaracionRespuestaObservacion`, `t_impuestoPreguntas_idt_impuestoPreguntas`, `t_impuestoDeclaracionRespuestaIdDeclarante`) VALUES(28, 2, '¿Ha cobrado algún tipo de Subvención en el Ejercicio?', 'NO', 'En Relación con el Cobro de Subvenciones el Cliente manifiesta:', '', 27, 2);
INSERT INTO `t_impuestodeclaracionrespuesta` (`idt_impuestoDeclaracionRespuesta`, `t_impuestoDeclaracion_idt_impuestoDeclaracion`, `t_impuestoDeclaracionRespuestaPregunta`, `t_impuestoDeclaracionRespuestaRespuesta`, `t_impuestoDeclaracionRespuestaTituloObser`, `t_impuestoDeclaracionRespuestaObservacion`, `t_impuestoPreguntas_idt_impuestoPreguntas`, `t_impuestoDeclaracionRespuestaIdDeclarante`) VALUES(29, 2, '¿Ha realizado Donativos a Entidades sin ánimo de Lucro?', 'NO', NULL, '', 33, 2);
INSERT INTO `t_impuestodeclaracionrespuesta` (`idt_impuestoDeclaracionRespuesta`, `t_impuestoDeclaracion_idt_impuestoDeclaracion`, `t_impuestoDeclaracionRespuestaPregunta`, `t_impuestoDeclaracionRespuestaRespuesta`, `t_impuestoDeclaracionRespuestaTituloObser`, `t_impuestoDeclaracionRespuestaObservacion`, `t_impuestoPreguntas_idt_impuestoPreguntas`, `t_impuestoDeclaracionRespuestaIdDeclarante`) VALUES(30, 2, 'En caso de pago ¿Desea Fraccionar el Pago?', 'NO', NULL, '', 37, 2);
INSERT INTO `t_impuestodeclaracionrespuesta` (`idt_impuestoDeclaracionRespuesta`, `t_impuestoDeclaracion_idt_impuestoDeclaracion`, `t_impuestoDeclaracionRespuestaPregunta`, `t_impuestoDeclaracionRespuestaRespuesta`, `t_impuestoDeclaracionRespuestaTituloObser`, `t_impuestoDeclaracionRespuestaObservacion`, `t_impuestoPreguntas_idt_impuestoPreguntas`, `t_impuestoDeclaracionRespuestaIdDeclarante`) VALUES(31, 2, '¿Proporciona fecha de validez de los DNI del Grupo Familiar?', 'NO', 'Las fechas de validez de los DNI de los integrantes del Grupo Familiar son:', '', 38, 2);
INSERT INTO `t_impuestodeclaracionrespuesta` (`idt_impuestoDeclaracionRespuesta`, `t_impuestoDeclaracion_idt_impuestoDeclaracion`, `t_impuestoDeclaracionRespuestaPregunta`, `t_impuestoDeclaracionRespuestaRespuesta`, `t_impuestoDeclaracionRespuestaTituloObser`, `t_impuestoDeclaracionRespuestaObservacion`, `t_impuestoPreguntas_idt_impuestoPreguntas`, `t_impuestoDeclaracionRespuestaIdDeclarante`) VALUES(32, 2, '¿Ha tenido algún ingreso adicional a la  Pensión por jubilación?', 'NO', 'En relación al ingreso adicional a la Pensión por Jubilación el declarante manifiesta:', '', 3, 3);
INSERT INTO `t_impuestodeclaracionrespuesta` (`idt_impuestoDeclaracionRespuesta`, `t_impuestoDeclaracion_idt_impuestoDeclaracion`, `t_impuestoDeclaracionRespuestaPregunta`, `t_impuestoDeclaracionRespuestaRespuesta`, `t_impuestoDeclaracionRespuestaTituloObser`, `t_impuestoDeclaracionRespuestaObservacion`, `t_impuestoPreguntas_idt_impuestoPreguntas`, `t_impuestoDeclaracionRespuestaIdDeclarante`) VALUES(33, 2, '¿Ha habido algún cambio en la Situación Familiar con respecto a la Renta anterior?', 'NO', 'En relación al cambio en la Situación Familiar con respecto a la Renta del año anterior el Declarante manifiesta:', '', 2, 3);
INSERT INTO `t_impuestodeclaracionrespuesta` (`idt_impuestoDeclaracionRespuesta`, `t_impuestoDeclaracion_idt_impuestoDeclaracion`, `t_impuestoDeclaracionRespuestaPregunta`, `t_impuestoDeclaracionRespuestaRespuesta`, `t_impuestoDeclaracionRespuestaTituloObser`, `t_impuestoDeclaracionRespuestaObservacion`, `t_impuestoPreguntas_idt_impuestoPreguntas`, `t_impuestoDeclaracionRespuestaIdDeclarante`) VALUES(34, 2, '¿Ha Cambiado de Domicilio y desea marcarlo?\r\n', 'SI', NULL, '', 9, 3);
INSERT INTO `t_impuestodeclaracionrespuesta` (`idt_impuestoDeclaracionRespuesta`, `t_impuestoDeclaracion_idt_impuestoDeclaracion`, `t_impuestoDeclaracionRespuestaPregunta`, `t_impuestoDeclaracionRespuestaRespuesta`, `t_impuestoDeclaracionRespuestaTituloObser`, `t_impuestoDeclaracionRespuestaObservacion`, `t_impuestoPreguntas_idt_impuestoPreguntas`, `t_impuestoDeclaracionRespuestaIdDeclarante`) VALUES(35, 2, '¿A dónde elige que vaya a parar el 0,7 % de sus impuestos?\r\n', 'SI', 'En Relación a la Asignación Tributaria el Cliente manifesta:\r\n', NULL, 11, 3);
INSERT INTO `t_impuestodeclaracionrespuesta` (`idt_impuestoDeclaracionRespuesta`, `t_impuestoDeclaracion_idt_impuestoDeclaracion`, `t_impuestoDeclaracionRespuestaPregunta`, `t_impuestoDeclaracionRespuestaRespuesta`, `t_impuestoDeclaracionRespuestaTituloObser`, `t_impuestoDeclaracionRespuestaObservacion`, `t_impuestoPreguntas_idt_impuestoPreguntas`, `t_impuestoDeclaracionRespuestaIdDeclarante`) VALUES(36, 2, '¿Tiene algún ingreso Bancario, Dividendo, etc, que NO venga en los Datos Fiscales? ¿Particip. Preferentes?', 'NO', 'En Relación a los RC Mobiliario y/o Preferentes se manifiesta lo siguiente:', '', 20, 3);
INSERT INTO `t_impuestodeclaracionrespuesta` (`idt_impuestoDeclaracionRespuesta`, `t_impuestoDeclaracion_idt_impuestoDeclaracion`, `t_impuestoDeclaracionRespuestaPregunta`, `t_impuestoDeclaracionRespuestaRespuesta`, `t_impuestoDeclaracionRespuestaTituloObser`, `t_impuestoDeclaracionRespuestaObservacion`, `t_impuestoPreguntas_idt_impuestoPreguntas`, `t_impuestoDeclaracionRespuestaIdDeclarante`) VALUES(37, 2, '¿Es propietario de algún Inmueble que tenga Alquilado?', 'NO', 'En Relación al Arrendamiento de Inmuebles se manifiesta lo siguiente:', '', 21, 3);
INSERT INTO `t_impuestodeclaracionrespuesta` (`idt_impuestoDeclaracionRespuesta`, `t_impuestoDeclaracion_idt_impuestoDeclaracion`, `t_impuestoDeclaracionRespuestaPregunta`, `t_impuestoDeclaracionRespuestaRespuesta`, `t_impuestoDeclaracionRespuestaTituloObser`, `t_impuestoDeclaracionRespuestaObservacion`, `t_impuestoPreguntas_idt_impuestoPreguntas`, `t_impuestoDeclaracionRespuestaIdDeclarante`) VALUES(38, 2, '¿Tiene algún Inmueble que NO venga en los Datos Fiscales?', 'NO', 'En Relación a Inmuebles que NO vienen en los Datos Fiscales se manifiesta:', '', 22, 3);
INSERT INTO `t_impuestodeclaracionrespuesta` (`idt_impuestoDeclaracionRespuesta`, `t_impuestoDeclaracion_idt_impuestoDeclaracion`, `t_impuestoDeclaracionRespuestaPregunta`, `t_impuestoDeclaracionRespuestaRespuesta`, `t_impuestoDeclaracionRespuestaTituloObser`, `t_impuestoDeclaracionRespuestaObservacion`, `t_impuestoPreguntas_idt_impuestoPreguntas`, `t_impuestoDeclaracionRespuestaIdDeclarante`) VALUES(39, 2, '¿Ha vendido Acciones o cualquier otro Producto Financiero que NO venga en los Datos Fiscales?', 'NO', 'En Relación a la Venta de Acciones se manifiesta:', '', 24, 3);
INSERT INTO `t_impuestodeclaracionrespuesta` (`idt_impuestoDeclaracionRespuesta`, `t_impuestoDeclaracion_idt_impuestoDeclaracion`, `t_impuestoDeclaracionRespuestaPregunta`, `t_impuestoDeclaracionRespuestaRespuesta`, `t_impuestoDeclaracionRespuestaTituloObser`, `t_impuestoDeclaracionRespuestaObservacion`, `t_impuestoPreguntas_idt_impuestoPreguntas`, `t_impuestoDeclaracionRespuestaIdDeclarante`) VALUES(40, 2, '¿Ha transmitido algún Inmueble en el ejercicio (Venta - Donación - Dación en Pago - Ejecución Hip.)?', 'SI', 'En Relación a la Venta de Inmueble se manifiesta:', 'En Caso de Reinversión el Cliente también aporta los Datos de Cancelación de la Hipoteca anterior y el porcentaje que esta Hipoteca representaba en la Primera Hipoteca de Adquisición', 25, 3);
INSERT INTO `t_impuestodeclaracionrespuesta` (`idt_impuestoDeclaracionRespuesta`, `t_impuestoDeclaracion_idt_impuestoDeclaracion`, `t_impuestoDeclaracionRespuestaPregunta`, `t_impuestoDeclaracionRespuestaRespuesta`, `t_impuestoDeclaracionRespuestaTituloObser`, `t_impuestoDeclaracionRespuestaObservacion`, `t_impuestoPreguntas_idt_impuestoPreguntas`, `t_impuestoDeclaracionRespuestaIdDeclarante`) VALUES(41, 2, '¿Tiene Cláusula Suelo - Gastos de Hipoteca que haya reclamado y recibido del Banco?', 'NO', 'En Relación a Cláusulas Suelo y Gastos de Hipoteca:', '', 26, 3);
INSERT INTO `t_impuestodeclaracionrespuesta` (`idt_impuestoDeclaracionRespuesta`, `t_impuestoDeclaracion_idt_impuestoDeclaracion`, `t_impuestoDeclaracionRespuestaPregunta`, `t_impuestoDeclaracionRespuestaRespuesta`, `t_impuestoDeclaracionRespuestaTituloObser`, `t_impuestoDeclaracionRespuestaObservacion`, `t_impuestoPreguntas_idt_impuestoPreguntas`, `t_impuestoDeclaracionRespuestaIdDeclarante`) VALUES(42, 2, '¿Ha cobrado algún tipo de Subvención en el Ejercicio?', 'SI', 'En Relación con el Cobro de Subvenciones el Cliente manifiesta:', 'El Cliente manifiesta haber cobrado una Subvención pero NO acredita documentalmente el Importe de la misma. Manifiesta que es: XXXXXX euros', 27, 3);
INSERT INTO `t_impuestodeclaracionrespuesta` (`idt_impuestoDeclaracionRespuesta`, `t_impuestoDeclaracion_idt_impuestoDeclaracion`, `t_impuestoDeclaracionRespuestaPregunta`, `t_impuestoDeclaracionRespuestaRespuesta`, `t_impuestoDeclaracionRespuestaTituloObser`, `t_impuestoDeclaracionRespuestaObservacion`, `t_impuestoPreguntas_idt_impuestoPreguntas`, `t_impuestoDeclaracionRespuestaIdDeclarante`) VALUES(43, 2, '¿Ha realizado Donativos a Entidades sin ánimo de Lucro?', 'NO', NULL, '', 33, 3);
INSERT INTO `t_impuestodeclaracionrespuesta` (`idt_impuestoDeclaracionRespuesta`, `t_impuestoDeclaracion_idt_impuestoDeclaracion`, `t_impuestoDeclaracionRespuestaPregunta`, `t_impuestoDeclaracionRespuestaRespuesta`, `t_impuestoDeclaracionRespuestaTituloObser`, `t_impuestoDeclaracionRespuestaObservacion`, `t_impuestoPreguntas_idt_impuestoPreguntas`, `t_impuestoDeclaracionRespuestaIdDeclarante`) VALUES(44, 2, 'En caso de pago ¿Desea Fraccionar el Pago?', 'NO', NULL, '', 37, 3);
INSERT INTO `t_impuestodeclaracionrespuesta` (`idt_impuestoDeclaracionRespuesta`, `t_impuestoDeclaracion_idt_impuestoDeclaracion`, `t_impuestoDeclaracionRespuestaPregunta`, `t_impuestoDeclaracionRespuestaRespuesta`, `t_impuestoDeclaracionRespuestaTituloObser`, `t_impuestoDeclaracionRespuestaObservacion`, `t_impuestoPreguntas_idt_impuestoPreguntas`, `t_impuestoDeclaracionRespuestaIdDeclarante`) VALUES(45, 2, '¿Proporciona fecha de validez de los DNI del Grupo Familiar?', 'SI', 'Las fechas de validez de los DNI de los integrantes del Grupo Familiar son:', '26-04-2023', 38, 3);
INSERT INTO `t_impuestodeclaracionrespuesta` (`idt_impuestoDeclaracionRespuesta`, `t_impuestoDeclaracion_idt_impuestoDeclaracion`, `t_impuestoDeclaracionRespuestaPregunta`, `t_impuestoDeclaracionRespuestaRespuesta`, `t_impuestoDeclaracionRespuestaTituloObser`, `t_impuestoDeclaracionRespuestaObservacion`, `t_impuestoPreguntas_idt_impuestoPreguntas`, `t_impuestoDeclaracionRespuestaIdDeclarante`) VALUES(46, 3, '¿Ha habido algún cambio en la Situación Familiar con respecto a la Renta anterior?', 'NO', 'En relación al cambio en la Situación Familiar con respecto a la Renta del año anterior el Declarante manifiesta:', '', 2, 4);
INSERT INTO `t_impuestodeclaracionrespuesta` (`idt_impuestoDeclaracionRespuesta`, `t_impuestoDeclaracion_idt_impuestoDeclaracion`, `t_impuestoDeclaracionRespuestaPregunta`, `t_impuestoDeclaracionRespuestaRespuesta`, `t_impuestoDeclaracionRespuestaTituloObser`, `t_impuestoDeclaracionRespuestaObservacion`, `t_impuestoPreguntas_idt_impuestoPreguntas`, `t_impuestoDeclaracionRespuestaIdDeclarante`) VALUES(47, 3, '¿Nos ha traído la Declaración de la Renta del Ejercicio Anterior?', 'SI', NULL, '', 1, 4);
INSERT INTO `t_impuestodeclaracionrespuesta` (`idt_impuestoDeclaracionRespuesta`, `t_impuestoDeclaracion_idt_impuestoDeclaracion`, `t_impuestoDeclaracionRespuestaPregunta`, `t_impuestoDeclaracionRespuestaRespuesta`, `t_impuestoDeclaracionRespuestaTituloObser`, `t_impuestoDeclaracionRespuestaObservacion`, `t_impuestoPreguntas_idt_impuestoPreguntas`, `t_impuestoDeclaracionRespuestaIdDeclarante`) VALUES(48, 3, '¿Tiene Ascendientes (Padres, Abuelos, etc) a su cargo?', 'SI', 'En Relación al Ascendiente que convive con el Declarante se manifiesta:', 'El Cliente manifiesta que el Ascendiente ha convivido con él al menos la mitad del año.', 5, 4);
INSERT INTO `t_impuestodeclaracionrespuesta` (`idt_impuestoDeclaracionRespuesta`, `t_impuestoDeclaracion_idt_impuestoDeclaracion`, `t_impuestoDeclaracionRespuestaPregunta`, `t_impuestoDeclaracionRespuestaRespuesta`, `t_impuestoDeclaracionRespuestaTituloObser`, `t_impuestoDeclaracionRespuestaObservacion`, `t_impuestoPreguntas_idt_impuestoPreguntas`, `t_impuestoDeclaracionRespuestaIdDeclarante`) VALUES(49, 3, '¿Existe Alguna Discapacidad en la Familia?', 'NO', 'En Relación a la Discapacidad se manifiesta:', '', 6, 4);
INSERT INTO `t_impuestodeclaracionrespuesta` (`idt_impuestoDeclaracionRespuesta`, `t_impuestoDeclaracion_idt_impuestoDeclaracion`, `t_impuestoDeclaracionRespuestaPregunta`, `t_impuestoDeclaracionRespuestaRespuesta`, `t_impuestoDeclaracionRespuestaTituloObser`, `t_impuestoDeclaracionRespuestaObservacion`, `t_impuestoPreguntas_idt_impuestoPreguntas`, `t_impuestoDeclaracionRespuestaIdDeclarante`) VALUES(50, 3, '¿Ha Cambiado de Domicilio y desea marcarlo?\r\n', 'SI', NULL, '', 9, 4);
INSERT INTO `t_impuestodeclaracionrespuesta` (`idt_impuestoDeclaracionRespuesta`, `t_impuestoDeclaracion_idt_impuestoDeclaracion`, `t_impuestoDeclaracionRespuestaPregunta`, `t_impuestoDeclaracionRespuestaRespuesta`, `t_impuestoDeclaracionRespuestaTituloObser`, `t_impuestoDeclaracionRespuestaObservacion`, `t_impuestoPreguntas_idt_impuestoPreguntas`, `t_impuestoDeclaracionRespuestaIdDeclarante`) VALUES(51, 3, '¿Hay Bases / Deducciones / Cantidades Pendientes de Compensar del Ejercicio Anterior?\r\n', 'NO', NULL, '', 10, 4);
INSERT INTO `t_impuestodeclaracionrespuesta` (`idt_impuestoDeclaracionRespuesta`, `t_impuestoDeclaracion_idt_impuestoDeclaracion`, `t_impuestoDeclaracionRespuestaPregunta`, `t_impuestoDeclaracionRespuestaRespuesta`, `t_impuestoDeclaracionRespuestaTituloObser`, `t_impuestoDeclaracionRespuestaObservacion`, `t_impuestoPreguntas_idt_impuestoPreguntas`, `t_impuestoDeclaracionRespuestaIdDeclarante`) VALUES(52, 3, '¿Hay Bases / Deducciones / Cantidades Pendientes de Compensar del Ejercicio Anterior?\r\n', 'NO', NULL, '', 10, 4);
INSERT INTO `t_impuestodeclaracionrespuesta` (`idt_impuestoDeclaracionRespuesta`, `t_impuestoDeclaracion_idt_impuestoDeclaracion`, `t_impuestoDeclaracionRespuestaPregunta`, `t_impuestoDeclaracionRespuestaRespuesta`, `t_impuestoDeclaracionRespuestaTituloObser`, `t_impuestoDeclaracionRespuestaObservacion`, `t_impuestoPreguntas_idt_impuestoPreguntas`, `t_impuestoDeclaracionRespuestaIdDeclarante`) VALUES(53, 3, '¿Nos ha traído los Certificados de Ingresos de las Todas las Empresas en las que ha trabajado?', 'SI', NULL, '', 12, 4);
INSERT INTO `t_impuestodeclaracionrespuesta` (`idt_impuestoDeclaracionRespuesta`, `t_impuestoDeclaracion_idt_impuestoDeclaracion`, `t_impuestoDeclaracionRespuestaPregunta`, `t_impuestoDeclaracionRespuestaRespuesta`, `t_impuestoDeclaracionRespuestaTituloObser`, `t_impuestoDeclaracionRespuestaObservacion`, `t_impuestoPreguntas_idt_impuestoPreguntas`, `t_impuestoDeclaracionRespuestaIdDeclarante`) VALUES(54, 3, '¿Ha vuelto a trabajar en alguna empresa que le hubiera despedido en los 3 últimos años?\r\n', 'NO', 'El Cliente ha vuelto a vincularse a la Empresa que le despedió hace menos de 3 años y se manifiesta: \r\n', '', 13, 4);
INSERT INTO `t_impuestodeclaracionrespuesta` (`idt_impuestoDeclaracionRespuesta`, `t_impuestoDeclaracion_idt_impuestoDeclaracion`, `t_impuestoDeclaracionRespuestaPregunta`, `t_impuestoDeclaracionRespuestaRespuesta`, `t_impuestoDeclaracionRespuestaTituloObser`, `t_impuestoDeclaracionRespuestaObservacion`, `t_impuestoPreguntas_idt_impuestoPreguntas`, `t_impuestoDeclaracionRespuestaIdDeclarante`) VALUES(55, 3, '¿Paga Cuota de Sindicato?', 'SI', 'Cuota de Sindicato Pagada Anualmente que manifiesta el Cliente:', '25', 14, 4);
INSERT INTO `t_impuestodeclaracionrespuesta` (`idt_impuestoDeclaracionRespuesta`, `t_impuestoDeclaracion_idt_impuestoDeclaracion`, `t_impuestoDeclaracionRespuestaPregunta`, `t_impuestoDeclaracionRespuestaRespuesta`, `t_impuestoDeclaracionRespuestaTituloObser`, `t_impuestoDeclaracionRespuestaObservacion`, `t_impuestoPreguntas_idt_impuestoPreguntas`, `t_impuestoDeclaracionRespuestaIdDeclarante`) VALUES(56, 3, '¿Paga Cuota de Colegio Profesional?', 'NO', 'Cuota de Colegio Profesional Pagada Anualmente que manifiesta el Cliente:', '', 15, 4);
INSERT INTO `t_impuestodeclaracionrespuesta` (`idt_impuestoDeclaracionRespuesta`, `t_impuestoDeclaracion_idt_impuestoDeclaracion`, `t_impuestoDeclaracionRespuestaPregunta`, `t_impuestoDeclaracionRespuestaRespuesta`, `t_impuestoDeclaracionRespuestaTituloObser`, `t_impuestoDeclaracionRespuestaObservacion`, `t_impuestoPreguntas_idt_impuestoPreguntas`, `t_impuestoDeclaracionRespuestaIdDeclarante`) VALUES(57, 3, '¿Ha cobrado alguna Pensión del Extranjero?', 'NO', 'En Relación al Cobro de Pensión en el Extranjero se manifiesta:', '', 16, 4);
INSERT INTO `t_impuestodeclaracionrespuesta` (`idt_impuestoDeclaracionRespuesta`, `t_impuestoDeclaracion_idt_impuestoDeclaracion`, `t_impuestoDeclaracionRespuestaPregunta`, `t_impuestoDeclaracionRespuestaRespuesta`, `t_impuestoDeclaracionRespuestaTituloObser`, `t_impuestoDeclaracionRespuestaObservacion`, `t_impuestoPreguntas_idt_impuestoPreguntas`, `t_impuestoDeclaracionRespuestaIdDeclarante`) VALUES(58, 3, '¿Ha sido despedido de alguna Empresa o ha tenido algún Juicio o ha Cobrado algo de un Juicio Anterior?', 'SI', 'Situación a Informar en Caso de Despido - Juicio - FOGASA, etc:', 'El Cliente manifiesta que el Despido fue Improcedente y hubo Concilación / Juicio (Indemnización Exenta)', 17, 4);
INSERT INTO `t_impuestodeclaracionrespuesta` (`idt_impuestoDeclaracionRespuesta`, `t_impuestoDeclaracion_idt_impuestoDeclaracion`, `t_impuestoDeclaracionRespuestaPregunta`, `t_impuestoDeclaracionRespuestaRespuesta`, `t_impuestoDeclaracionRespuestaTituloObser`, `t_impuestoDeclaracionRespuestaObservacion`, `t_impuestoPreguntas_idt_impuestoPreguntas`, `t_impuestoDeclaracionRespuestaIdDeclarante`) VALUES(59, 3, '¿Ha Cobrado Alguna Pensión Compensatoria Usted o alguno de sus hijos a cargo?', 'NO', 'En Relación a la Pensión Compensatoria y/o Anualidades por Alimentos el Cliente manifiesta:', '', 19, 4);
INSERT INTO `t_impuestodeclaracionrespuesta` (`idt_impuestoDeclaracionRespuesta`, `t_impuestoDeclaracion_idt_impuestoDeclaracion`, `t_impuestoDeclaracionRespuestaPregunta`, `t_impuestoDeclaracionRespuestaRespuesta`, `t_impuestoDeclaracionRespuestaTituloObser`, `t_impuestoDeclaracionRespuestaObservacion`, `t_impuestoPreguntas_idt_impuestoPreguntas`, `t_impuestoDeclaracionRespuestaIdDeclarante`) VALUES(60, 3, '¿Tiene algún ingreso Bancario, Dividendo, etc, que NO venga en los Datos Fiscales? ¿Particip. Preferentes?', 'NO', 'En Relación a los RC Mobiliario y/o Preferentes se manifiesta lo siguiente:', '', 20, 4);
INSERT INTO `t_impuestodeclaracionrespuesta` (`idt_impuestoDeclaracionRespuesta`, `t_impuestoDeclaracion_idt_impuestoDeclaracion`, `t_impuestoDeclaracionRespuestaPregunta`, `t_impuestoDeclaracionRespuestaRespuesta`, `t_impuestoDeclaracionRespuestaTituloObser`, `t_impuestoDeclaracionRespuestaObservacion`, `t_impuestoPreguntas_idt_impuestoPreguntas`, `t_impuestoDeclaracionRespuestaIdDeclarante`) VALUES(61, 3, '¿Es propietario de algún Inmueble que tenga Alquilado?', 'SI', 'En Relación al Arrendamiento de Inmuebles se manifiesta lo siguiente:', 'Ha estado Alquilado TODO el año', 21, 4);
INSERT INTO `t_impuestodeclaracionrespuesta` (`idt_impuestoDeclaracionRespuesta`, `t_impuestoDeclaracion_idt_impuestoDeclaracion`, `t_impuestoDeclaracionRespuestaPregunta`, `t_impuestoDeclaracionRespuestaRespuesta`, `t_impuestoDeclaracionRespuestaTituloObser`, `t_impuestoDeclaracionRespuestaObservacion`, `t_impuestoPreguntas_idt_impuestoPreguntas`, `t_impuestoDeclaracionRespuestaIdDeclarante`) VALUES(62, 3, '¿Tiene algún Inmueble que NO venga en los Datos Fiscales?', 'NO', 'En Relación a Inmuebles que NO vienen en los Datos Fiscales se manifiesta:', '', 22, 4);
INSERT INTO `t_impuestodeclaracionrespuesta` (`idt_impuestoDeclaracionRespuesta`, `t_impuestoDeclaracion_idt_impuestoDeclaracion`, `t_impuestoDeclaracionRespuestaPregunta`, `t_impuestoDeclaracionRespuestaRespuesta`, `t_impuestoDeclaracionRespuestaTituloObser`, `t_impuestoDeclaracionRespuestaObservacion`, `t_impuestoPreguntas_idt_impuestoPreguntas`, `t_impuestoDeclaracionRespuestaIdDeclarante`) VALUES(63, 3, '¿Ejerce algún tipo de Actividad Económica o Profesional?', 'NO', 'En Relación al Ejercicio de una Actividad Económica se manifiesta:', '', 23, 4);
INSERT INTO `t_impuestodeclaracionrespuesta` (`idt_impuestoDeclaracionRespuesta`, `t_impuestoDeclaracion_idt_impuestoDeclaracion`, `t_impuestoDeclaracionRespuestaPregunta`, `t_impuestoDeclaracionRespuestaRespuesta`, `t_impuestoDeclaracionRespuestaTituloObser`, `t_impuestoDeclaracionRespuestaObservacion`, `t_impuestoPreguntas_idt_impuestoPreguntas`, `t_impuestoDeclaracionRespuestaIdDeclarante`) VALUES(64, 3, '¿Ha vendido Acciones o cualquier otro Producto Financiero que NO venga en los Datos Fiscales?', 'NO', 'En Relación a la Venta de Acciones se manifiesta:', '', 24, 4);
INSERT INTO `t_impuestodeclaracionrespuesta` (`idt_impuestoDeclaracionRespuesta`, `t_impuestoDeclaracion_idt_impuestoDeclaracion`, `t_impuestoDeclaracionRespuestaPregunta`, `t_impuestoDeclaracionRespuestaRespuesta`, `t_impuestoDeclaracionRespuestaTituloObser`, `t_impuestoDeclaracionRespuestaObservacion`, `t_impuestoPreguntas_idt_impuestoPreguntas`, `t_impuestoDeclaracionRespuestaIdDeclarante`) VALUES(65, 3, '¿Ha transmitido algún Inmueble en el ejercicio (Venta - Donación - Dación en Pago - Ejecución Hip.)?', 'SI', 'En Relación a la Venta de Inmueble se manifiesta:', 'El Cliente manifiesta que el Inmueble Transmitido NO ha estado Afecto dentro de los TRES años Anteriores a la Venta', 25, 4);
INSERT INTO `t_impuestodeclaracionrespuesta` (`idt_impuestoDeclaracionRespuesta`, `t_impuestoDeclaracion_idt_impuestoDeclaracion`, `t_impuestoDeclaracionRespuestaPregunta`, `t_impuestoDeclaracionRespuestaRespuesta`, `t_impuestoDeclaracionRespuestaTituloObser`, `t_impuestoDeclaracionRespuestaObservacion`, `t_impuestoPreguntas_idt_impuestoPreguntas`, `t_impuestoDeclaracionRespuestaIdDeclarante`) VALUES(66, 3, '¿Tiene Cláusula Suelo - Gastos de Hipoteca que haya reclamado y recibido del Banco?', 'NO', 'En Relación a Cláusulas Suelo y Gastos de Hipoteca:', '', 26, 4);
INSERT INTO `t_impuestodeclaracionrespuesta` (`idt_impuestoDeclaracionRespuesta`, `t_impuestoDeclaracion_idt_impuestoDeclaracion`, `t_impuestoDeclaracionRespuestaPregunta`, `t_impuestoDeclaracionRespuestaRespuesta`, `t_impuestoDeclaracionRespuestaTituloObser`, `t_impuestoDeclaracionRespuestaObservacion`, `t_impuestoPreguntas_idt_impuestoPreguntas`, `t_impuestoDeclaracionRespuestaIdDeclarante`) VALUES(67, 3, '¿Tiene deducción por haber comprado su Vivienda ANTES de 01 de Enero de 2013?', 'SI', 'El Cliente manifiesta que tiene Derecho a la Deducción por Adquisición de Vivienda anterior al 01 de Enero de 2013:', 'El Cliente manifiesta que el Préstamo Hipotecario que paga NUNCA fue ampliado', 28, 4);
INSERT INTO `t_impuestodeclaracionrespuesta` (`idt_impuestoDeclaracionRespuesta`, `t_impuestoDeclaracion_idt_impuestoDeclaracion`, `t_impuestoDeclaracionRespuestaPregunta`, `t_impuestoDeclaracionRespuestaRespuesta`, `t_impuestoDeclaracionRespuestaTituloObser`, `t_impuestoDeclaracionRespuestaObservacion`, `t_impuestoPreguntas_idt_impuestoPreguntas`, `t_impuestoDeclaracionRespuestaIdDeclarante`) VALUES(68, 3, '¿Vive de Alquiler y tiene Contrato Propio a su Nombre ANTERIOR al 01 de Enero de 2015?', 'SI', 'El Cliente manifiesta que vive de Alquiler y se deja constancia de:', 'El Cliente NO ACREDITA ningún dato del Alquiler, manifiesta todos los datos de palabra.', 29, 4);
INSERT INTO `t_impuestodeclaracionrespuesta` (`idt_impuestoDeclaracionRespuesta`, `t_impuestoDeclaracion_idt_impuestoDeclaracion`, `t_impuestoDeclaracionRespuestaPregunta`, `t_impuestoDeclaracionRespuestaRespuesta`, `t_impuestoDeclaracionRespuestaTituloObser`, `t_impuestoDeclaracionRespuestaObservacion`, `t_impuestoPreguntas_idt_impuestoPreguntas`, `t_impuestoDeclaracionRespuestaIdDeclarante`) VALUES(69, 3, '¿Ha realizado Donativos a Entidades sin ánimo de Lucro?', 'NO', NULL, '', 33, 4);
INSERT INTO `t_impuestodeclaracionrespuesta` (`idt_impuestoDeclaracionRespuesta`, `t_impuestoDeclaracion_idt_impuestoDeclaracion`, `t_impuestoDeclaracionRespuestaPregunta`, `t_impuestoDeclaracionRespuestaRespuesta`, `t_impuestoDeclaracionRespuestaTituloObser`, `t_impuestoDeclaracionRespuestaObservacion`, `t_impuestoPreguntas_idt_impuestoPreguntas`, `t_impuestoDeclaracionRespuestaIdDeclarante`) VALUES(70, 3, '¿En la Cuenta que nos ha traído para la Devolución o el Pago Figura como Titular de la misma?', 'NO', NULL, '', 35, 4);
INSERT INTO `t_impuestodeclaracionrespuesta` (`idt_impuestoDeclaracionRespuesta`, `t_impuestoDeclaracion_idt_impuestoDeclaracion`, `t_impuestoDeclaracionRespuestaPregunta`, `t_impuestoDeclaracionRespuestaRespuesta`, `t_impuestoDeclaracionRespuestaTituloObser`, `t_impuestoDeclaracionRespuestaObservacion`, `t_impuestoPreguntas_idt_impuestoPreguntas`, `t_impuestoDeclaracionRespuestaIdDeclarante`) VALUES(71, 3, '¿Nos Autorizan TODOS los miembros de la Unidad Familiar a enviar por Internet la declaración?', 'SI', NULL, '', 36, 4);
INSERT INTO `t_impuestodeclaracionrespuesta` (`idt_impuestoDeclaracionRespuesta`, `t_impuestoDeclaracion_idt_impuestoDeclaracion`, `t_impuestoDeclaracionRespuestaPregunta`, `t_impuestoDeclaracionRespuestaRespuesta`, `t_impuestoDeclaracionRespuestaTituloObser`, `t_impuestoDeclaracionRespuestaObservacion`, `t_impuestoPreguntas_idt_impuestoPreguntas`, `t_impuestoDeclaracionRespuestaIdDeclarante`) VALUES(72, 3, 'En caso de pago ¿Desea Fraccionar el Pago?', 'SI', NULL, '', 37, 4);
INSERT INTO `t_impuestodeclaracionrespuesta` (`idt_impuestoDeclaracionRespuesta`, `t_impuestoDeclaracion_idt_impuestoDeclaracion`, `t_impuestoDeclaracionRespuestaPregunta`, `t_impuestoDeclaracionRespuestaRespuesta`, `t_impuestoDeclaracionRespuestaTituloObser`, `t_impuestoDeclaracionRespuestaObservacion`, `t_impuestoPreguntas_idt_impuestoPreguntas`, `t_impuestoDeclaracionRespuestaIdDeclarante`) VALUES(73, 3, '¿Proporciona fecha de validez de los DNI del Grupo Familiar?', 'NO', 'Las fechas de validez de los DNI de los integrantes del Grupo Familiar son:', '', 38, 4);
INSERT INTO `t_impuestodeclaracionrespuesta` (`idt_impuestoDeclaracionRespuesta`, `t_impuestoDeclaracion_idt_impuestoDeclaracion`, `t_impuestoDeclaracionRespuestaPregunta`, `t_impuestoDeclaracionRespuestaRespuesta`, `t_impuestoDeclaracionRespuestaTituloObser`, `t_impuestoDeclaracionRespuestaObservacion`, `t_impuestoPreguntas_idt_impuestoPreguntas`, `t_impuestoDeclaracionRespuestaIdDeclarante`) VALUES(74, 4, '¿Ha habido algún cambio en la Situación Familiar con respecto a la Renta anterior?', 'NO', 'En relación al cambio en la Situación Familiar con respecto a la Renta del año anterior el Declarante manifiesta:', '', 2, 5);
INSERT INTO `t_impuestodeclaracionrespuesta` (`idt_impuestoDeclaracionRespuesta`, `t_impuestoDeclaracion_idt_impuestoDeclaracion`, `t_impuestoDeclaracionRespuestaPregunta`, `t_impuestoDeclaracionRespuestaRespuesta`, `t_impuestoDeclaracionRespuestaTituloObser`, `t_impuestoDeclaracionRespuestaObservacion`, `t_impuestoPreguntas_idt_impuestoPreguntas`, `t_impuestoDeclaracionRespuestaIdDeclarante`) VALUES(75, 4, '¿Nos ha traído la Declaración de la Renta del Ejercicio Anterior?', 'NO', NULL, '', 1, 5);
INSERT INTO `t_impuestodeclaracionrespuesta` (`idt_impuestoDeclaracionRespuesta`, `t_impuestoDeclaracion_idt_impuestoDeclaracion`, `t_impuestoDeclaracionRespuestaPregunta`, `t_impuestoDeclaracionRespuestaRespuesta`, `t_impuestoDeclaracionRespuestaTituloObser`, `t_impuestoDeclaracionRespuestaObservacion`, `t_impuestoPreguntas_idt_impuestoPreguntas`, `t_impuestoDeclaracionRespuestaIdDeclarante`) VALUES(76, 4, '¿Es Usted Familia Numerosa?', 'SI', NULL, '', 4, 5);
INSERT INTO `t_impuestodeclaracionrespuesta` (`idt_impuestoDeclaracionRespuesta`, `t_impuestoDeclaracion_idt_impuestoDeclaracion`, `t_impuestoDeclaracionRespuestaPregunta`, `t_impuestoDeclaracionRespuestaRespuesta`, `t_impuestoDeclaracionRespuestaTituloObser`, `t_impuestoDeclaracionRespuestaObservacion`, `t_impuestoPreguntas_idt_impuestoPreguntas`, `t_impuestoDeclaracionRespuestaIdDeclarante`) VALUES(77, 4, '¿Tiene Ascendientes (Padres, Abuelos, etc) a su cargo?', 'NO', 'En Relación al Ascendiente que convive con el Declarante se manifiesta:', '', 5, 5);
INSERT INTO `t_impuestodeclaracionrespuesta` (`idt_impuestoDeclaracionRespuesta`, `t_impuestoDeclaracion_idt_impuestoDeclaracion`, `t_impuestoDeclaracionRespuestaPregunta`, `t_impuestoDeclaracionRespuestaRespuesta`, `t_impuestoDeclaracionRespuestaTituloObser`, `t_impuestoDeclaracionRespuestaObservacion`, `t_impuestoPreguntas_idt_impuestoPreguntas`, `t_impuestoDeclaracionRespuestaIdDeclarante`) VALUES(78, 4, '¿Existe Alguna Discapacidad en la Familia?', 'SI', 'En Relación a la Discapacidad se manifiesta:', 'Manifiesta NO haber cobrado todos los meses que le corresponden de Deducción por Discapacidad', 6, 5);
INSERT INTO `t_impuestodeclaracionrespuesta` (`idt_impuestoDeclaracionRespuesta`, `t_impuestoDeclaracion_idt_impuestoDeclaracion`, `t_impuestoDeclaracionRespuestaPregunta`, `t_impuestoDeclaracionRespuestaRespuesta`, `t_impuestoDeclaracionRespuestaTituloObser`, `t_impuestoDeclaracionRespuestaObservacion`, `t_impuestoPreguntas_idt_impuestoPreguntas`, `t_impuestoDeclaracionRespuestaIdDeclarante`) VALUES(79, 4, '¿Tiene algún Hijo < de 25 años que haya tenido Ingresos o sea Titular de Algún Bien Inmueble?', 'NO', 'En Relación a los Ingresos de los Hijos el Cliente Manifiesta:', '', 7, 5);
INSERT INTO `t_impuestodeclaracionrespuesta` (`idt_impuestoDeclaracionRespuesta`, `t_impuestoDeclaracion_idt_impuestoDeclaracion`, `t_impuestoDeclaracionRespuestaPregunta`, `t_impuestoDeclaracionRespuestaRespuesta`, `t_impuestoDeclaracionRespuestaTituloObser`, `t_impuestoDeclaracionRespuestaObservacion`, `t_impuestoPreguntas_idt_impuestoPreguntas`, `t_impuestoDeclaracionRespuestaIdDeclarante`) VALUES(80, 4, '¿Tiene algún Hijo Menor de 3 años por el que tenga derecho a la deducción por maternidad?', 'SI', 'En Relación a la Deducción por Maternidad se manifiesta:', 'Se Confirma que la Madre ha Cobrado toda la Deducción por Maternidad.', 8, 5);
INSERT INTO `t_impuestodeclaracionrespuesta` (`idt_impuestoDeclaracionRespuesta`, `t_impuestoDeclaracion_idt_impuestoDeclaracion`, `t_impuestoDeclaracionRespuestaPregunta`, `t_impuestoDeclaracionRespuestaRespuesta`, `t_impuestoDeclaracionRespuestaTituloObser`, `t_impuestoDeclaracionRespuestaObservacion`, `t_impuestoPreguntas_idt_impuestoPreguntas`, `t_impuestoDeclaracionRespuestaIdDeclarante`) VALUES(81, 4, '¿Ha Cambiado de Domicilio y desea marcarlo?\r\n', 'SI', NULL, '', 9, 5);
INSERT INTO `t_impuestodeclaracionrespuesta` (`idt_impuestoDeclaracionRespuesta`, `t_impuestoDeclaracion_idt_impuestoDeclaracion`, `t_impuestoDeclaracionRespuestaPregunta`, `t_impuestoDeclaracionRespuestaRespuesta`, `t_impuestoDeclaracionRespuestaTituloObser`, `t_impuestoDeclaracionRespuestaObservacion`, `t_impuestoPreguntas_idt_impuestoPreguntas`, `t_impuestoDeclaracionRespuestaIdDeclarante`) VALUES(82, 4, '¿Hay Bases / Deducciones / Cantidades Pendientes de Compensar del Ejercicio Anterior?\r\n', 'NO', NULL, '', 10, 5);
INSERT INTO `t_impuestodeclaracionrespuesta` (`idt_impuestoDeclaracionRespuesta`, `t_impuestoDeclaracion_idt_impuestoDeclaracion`, `t_impuestoDeclaracionRespuestaPregunta`, `t_impuestoDeclaracionRespuestaRespuesta`, `t_impuestoDeclaracionRespuestaTituloObser`, `t_impuestoDeclaracionRespuestaObservacion`, `t_impuestoPreguntas_idt_impuestoPreguntas`, `t_impuestoDeclaracionRespuestaIdDeclarante`) VALUES(83, 4, '¿A dónde elige que vaya a parar el 0,7 % de sus impuestos?\r\n', 'SI', 'En Relación a la Asignación Tributaria el Cliente manifesta:\r\n', 'A las dos', 11, 5);
INSERT INTO `t_impuestodeclaracionrespuesta` (`idt_impuestoDeclaracionRespuesta`, `t_impuestoDeclaracion_idt_impuestoDeclaracion`, `t_impuestoDeclaracionRespuestaPregunta`, `t_impuestoDeclaracionRespuestaRespuesta`, `t_impuestoDeclaracionRespuestaTituloObser`, `t_impuestoDeclaracionRespuestaObservacion`, `t_impuestoPreguntas_idt_impuestoPreguntas`, `t_impuestoDeclaracionRespuestaIdDeclarante`) VALUES(84, 4, '¿Nos ha traído los Certificados de Ingresos de las Todas las Empresas en las que ha trabajado?', 'SI', NULL, '', 12, 5);
INSERT INTO `t_impuestodeclaracionrespuesta` (`idt_impuestoDeclaracionRespuesta`, `t_impuestoDeclaracion_idt_impuestoDeclaracion`, `t_impuestoDeclaracionRespuestaPregunta`, `t_impuestoDeclaracionRespuestaRespuesta`, `t_impuestoDeclaracionRespuestaTituloObser`, `t_impuestoDeclaracionRespuestaObservacion`, `t_impuestoPreguntas_idt_impuestoPreguntas`, `t_impuestoDeclaracionRespuestaIdDeclarante`) VALUES(85, 4, '¿Ha vuelto a trabajar en alguna empresa que le hubiera despedido en los 3 últimos años?\r\n', 'SI', 'El Cliente ha vuelto a vincularse a la Empresa que le despedió hace menos de 3 años y se manifiesta: \r\n', NULL, 13, 5);
INSERT INTO `t_impuestodeclaracionrespuesta` (`idt_impuestoDeclaracionRespuesta`, `t_impuestoDeclaracion_idt_impuestoDeclaracion`, `t_impuestoDeclaracionRespuestaPregunta`, `t_impuestoDeclaracionRespuestaRespuesta`, `t_impuestoDeclaracionRespuestaTituloObser`, `t_impuestoDeclaracionRespuestaObservacion`, `t_impuestoPreguntas_idt_impuestoPreguntas`, `t_impuestoDeclaracionRespuestaIdDeclarante`) VALUES(86, 4, '¿Paga Cuota de Sindicato?', 'NO', 'Cuota de Sindicato Pagada Anualmente que manifiesta el Cliente:', '', 14, 5);
INSERT INTO `t_impuestodeclaracionrespuesta` (`idt_impuestoDeclaracionRespuesta`, `t_impuestoDeclaracion_idt_impuestoDeclaracion`, `t_impuestoDeclaracionRespuestaPregunta`, `t_impuestoDeclaracionRespuestaRespuesta`, `t_impuestoDeclaracionRespuestaTituloObser`, `t_impuestoDeclaracionRespuestaObservacion`, `t_impuestoPreguntas_idt_impuestoPreguntas`, `t_impuestoDeclaracionRespuestaIdDeclarante`) VALUES(87, 4, '¿Paga Cuota de Colegio Profesional?', 'NO', 'Cuota de Colegio Profesional Pagada Anualmente que manifiesta el Cliente:', '', 15, 5);
INSERT INTO `t_impuestodeclaracionrespuesta` (`idt_impuestoDeclaracionRespuesta`, `t_impuestoDeclaracion_idt_impuestoDeclaracion`, `t_impuestoDeclaracionRespuestaPregunta`, `t_impuestoDeclaracionRespuestaRespuesta`, `t_impuestoDeclaracionRespuestaTituloObser`, `t_impuestoDeclaracionRespuestaObservacion`, `t_impuestoPreguntas_idt_impuestoPreguntas`, `t_impuestoDeclaracionRespuestaIdDeclarante`) VALUES(88, 4, '¿Ha cobrado alguna Pensión del Extranjero?', 'NO', 'En Relación al Cobro de Pensión en el Extranjero se manifiesta:', '', 16, 5);
INSERT INTO `t_impuestodeclaracionrespuesta` (`idt_impuestoDeclaracionRespuesta`, `t_impuestoDeclaracion_idt_impuestoDeclaracion`, `t_impuestoDeclaracionRespuestaPregunta`, `t_impuestoDeclaracionRespuestaRespuesta`, `t_impuestoDeclaracionRespuestaTituloObser`, `t_impuestoDeclaracionRespuestaObservacion`, `t_impuestoPreguntas_idt_impuestoPreguntas`, `t_impuestoDeclaracionRespuestaIdDeclarante`) VALUES(89, 4, '¿Ha sido despedido de alguna Empresa o ha tenido algún Juicio o ha Cobrado algo de un Juicio Anterior?', 'SI', 'Situación a Informar en Caso de Despido - Juicio - FOGASA, etc:', 'El Cliente manifiesta que el Despido fue Objetivo (Indemnización 20 días por año)', 17, 5);
INSERT INTO `t_impuestodeclaracionrespuesta` (`idt_impuestoDeclaracionRespuesta`, `t_impuestoDeclaracion_idt_impuestoDeclaracion`, `t_impuestoDeclaracionRespuestaPregunta`, `t_impuestoDeclaracionRespuestaRespuesta`, `t_impuestoDeclaracionRespuestaTituloObser`, `t_impuestoDeclaracionRespuestaObservacion`, `t_impuestoPreguntas_idt_impuestoPreguntas`, `t_impuestoDeclaracionRespuestaIdDeclarante`) VALUES(90, 4, '¿Ha Cobrado Alguna Pensión Compensatoria Usted o alguno de sus hijos a cargo?', 'NO', 'En Relación a la Pensión Compensatoria y/o Anualidades por Alimentos el Cliente manifiesta:', '', 19, 5);
INSERT INTO `t_impuestodeclaracionrespuesta` (`idt_impuestoDeclaracionRespuesta`, `t_impuestoDeclaracion_idt_impuestoDeclaracion`, `t_impuestoDeclaracionRespuestaPregunta`, `t_impuestoDeclaracionRespuestaRespuesta`, `t_impuestoDeclaracionRespuestaTituloObser`, `t_impuestoDeclaracionRespuestaObservacion`, `t_impuestoPreguntas_idt_impuestoPreguntas`, `t_impuestoDeclaracionRespuestaIdDeclarante`) VALUES(91, 4, '¿Tiene algún ingreso Bancario, Dividendo, etc, que NO venga en los Datos Fiscales? ¿Particip. Preferentes?', 'NO', 'En Relación a los RC Mobiliario y/o Preferentes se manifiesta lo siguiente:', '', 20, 5);
INSERT INTO `t_impuestodeclaracionrespuesta` (`idt_impuestoDeclaracionRespuesta`, `t_impuestoDeclaracion_idt_impuestoDeclaracion`, `t_impuestoDeclaracionRespuestaPregunta`, `t_impuestoDeclaracionRespuestaRespuesta`, `t_impuestoDeclaracionRespuestaTituloObser`, `t_impuestoDeclaracionRespuestaObservacion`, `t_impuestoPreguntas_idt_impuestoPreguntas`, `t_impuestoDeclaracionRespuestaIdDeclarante`) VALUES(92, 4, '¿Es propietario de algún Inmueble que tenga Alquilado?', 'NO', 'En Relación al Arrendamiento de Inmuebles se manifiesta lo siguiente:', '', 21, 5);
INSERT INTO `t_impuestodeclaracionrespuesta` (`idt_impuestoDeclaracionRespuesta`, `t_impuestoDeclaracion_idt_impuestoDeclaracion`, `t_impuestoDeclaracionRespuestaPregunta`, `t_impuestoDeclaracionRespuestaRespuesta`, `t_impuestoDeclaracionRespuestaTituloObser`, `t_impuestoDeclaracionRespuestaObservacion`, `t_impuestoPreguntas_idt_impuestoPreguntas`, `t_impuestoDeclaracionRespuestaIdDeclarante`) VALUES(93, 4, '¿Tiene algún Inmueble que NO venga en los Datos Fiscales?', 'NO', 'En Relación a Inmuebles que NO vienen en los Datos Fiscales se manifiesta:', '', 22, 5);
INSERT INTO `t_impuestodeclaracionrespuesta` (`idt_impuestoDeclaracionRespuesta`, `t_impuestoDeclaracion_idt_impuestoDeclaracion`, `t_impuestoDeclaracionRespuestaPregunta`, `t_impuestoDeclaracionRespuestaRespuesta`, `t_impuestoDeclaracionRespuestaTituloObser`, `t_impuestoDeclaracionRespuestaObservacion`, `t_impuestoPreguntas_idt_impuestoPreguntas`, `t_impuestoDeclaracionRespuestaIdDeclarante`) VALUES(94, 4, '¿Ha vendido Acciones o cualquier otro Producto Financiero que NO venga en los Datos Fiscales?', 'NO', 'En Relación a la Venta de Acciones se manifiesta:', '', 24, 5);
INSERT INTO `t_impuestodeclaracionrespuesta` (`idt_impuestoDeclaracionRespuesta`, `t_impuestoDeclaracion_idt_impuestoDeclaracion`, `t_impuestoDeclaracionRespuestaPregunta`, `t_impuestoDeclaracionRespuestaRespuesta`, `t_impuestoDeclaracionRespuestaTituloObser`, `t_impuestoDeclaracionRespuestaObservacion`, `t_impuestoPreguntas_idt_impuestoPreguntas`, `t_impuestoDeclaracionRespuestaIdDeclarante`) VALUES(95, 4, '¿Ha transmitido algún Inmueble en el ejercicio (Venta - Donación - Dación en Pago - Ejecución Hip.)?', 'SI', 'En Relación a la Venta de Inmueble se manifiesta:', 'El Cliente aporta todos los datos de la Compra Original y de la Venta del Inmueble', 25, 5);
INSERT INTO `t_impuestodeclaracionrespuesta` (`idt_impuestoDeclaracionRespuesta`, `t_impuestoDeclaracion_idt_impuestoDeclaracion`, `t_impuestoDeclaracionRespuestaPregunta`, `t_impuestoDeclaracionRespuestaRespuesta`, `t_impuestoDeclaracionRespuestaTituloObser`, `t_impuestoDeclaracionRespuestaObservacion`, `t_impuestoPreguntas_idt_impuestoPreguntas`, `t_impuestoDeclaracionRespuestaIdDeclarante`) VALUES(96, 4, '¿Tiene Cláusula Suelo - Gastos de Hipoteca que haya reclamado y recibido del Banco?', 'NO', 'En Relación a Cláusulas Suelo y Gastos de Hipoteca:', '', 26, 5);
INSERT INTO `t_impuestodeclaracionrespuesta` (`idt_impuestoDeclaracionRespuesta`, `t_impuestoDeclaracion_idt_impuestoDeclaracion`, `t_impuestoDeclaracionRespuestaPregunta`, `t_impuestoDeclaracionRespuestaRespuesta`, `t_impuestoDeclaracionRespuestaTituloObser`, `t_impuestoDeclaracionRespuestaObservacion`, `t_impuestoPreguntas_idt_impuestoPreguntas`, `t_impuestoDeclaracionRespuestaIdDeclarante`) VALUES(97, 4, '¿Ha cobrado algún tipo de Subvención en el Ejercicio?', 'SI', 'En Relación con el Cobro de Subvenciones el Cliente manifiesta:', 'El Cliente indica que la Ayuda Recibida es el Plan PIVE y Acredita el Importe de la Subvención Recibida', 27, 5);
INSERT INTO `t_impuestodeclaracionrespuesta` (`idt_impuestoDeclaracionRespuesta`, `t_impuestoDeclaracion_idt_impuestoDeclaracion`, `t_impuestoDeclaracionRespuestaPregunta`, `t_impuestoDeclaracionRespuestaRespuesta`, `t_impuestoDeclaracionRespuestaTituloObser`, `t_impuestoDeclaracionRespuestaObservacion`, `t_impuestoPreguntas_idt_impuestoPreguntas`, `t_impuestoDeclaracionRespuestaIdDeclarante`) VALUES(98, 4, '¿Tiene deducción por haber comprado su Vivienda ANTES de 01 de Enero de 2013?', 'SI', 'El Cliente manifiesta que tiene Derecho a la Deducción por Adquisición de Vivienda anterior al 01 de Enero de 2013:', 'El Cliente manifiesta que el Seguro que paga al Banco por el Inmueble está obligado por la Hipoteca', 28, 5);
INSERT INTO `t_impuestodeclaracionrespuesta` (`idt_impuestoDeclaracionRespuesta`, `t_impuestoDeclaracion_idt_impuestoDeclaracion`, `t_impuestoDeclaracionRespuestaPregunta`, `t_impuestoDeclaracionRespuestaRespuesta`, `t_impuestoDeclaracionRespuestaTituloObser`, `t_impuestoDeclaracionRespuestaObservacion`, `t_impuestoPreguntas_idt_impuestoPreguntas`, `t_impuestoDeclaracionRespuestaIdDeclarante`) VALUES(99, 4, '¿Vive de Alquiler y tiene Contrato Propio a su Nombre ANTERIOR al 01 de Enero de 2015?', 'SI', 'El Cliente manifiesta que vive de Alquiler y se deja constancia de:', 'El Cliente Manifiesta que la Fianza ESTÁ DEPOSITADA, pero NO lo Acredita', 29, 5);
INSERT INTO `t_impuestodeclaracionrespuesta` (`idt_impuestoDeclaracionRespuesta`, `t_impuestoDeclaracion_idt_impuestoDeclaracion`, `t_impuestoDeclaracionRespuestaPregunta`, `t_impuestoDeclaracionRespuestaRespuesta`, `t_impuestoDeclaracionRespuestaTituloObser`, `t_impuestoDeclaracionRespuestaObservacion`, `t_impuestoPreguntas_idt_impuestoPreguntas`, `t_impuestoDeclaracionRespuestaIdDeclarante`) VALUES(100, 4, '¿Sus Hijos van a Colegio Privado? (Deducción Autonómica por Gastos de Escolaridad Obligatorios)', 'SI', NULL, '', 30, 5);
INSERT INTO `t_impuestodeclaracionrespuesta` (`idt_impuestoDeclaracionRespuesta`, `t_impuestoDeclaracion_idt_impuestoDeclaracion`, `t_impuestoDeclaracionRespuestaPregunta`, `t_impuestoDeclaracionRespuestaRespuesta`, `t_impuestoDeclaracionRespuestaTituloObser`, `t_impuestoDeclaracionRespuestaObservacion`, `t_impuestoPreguntas_idt_impuestoPreguntas`, `t_impuestoDeclaracionRespuestaIdDeclarante`) VALUES(101, 4, '¿Sus hijos van a clases de Idiomas? (Deducción Autonómica por Gastos de Enseñanza de Idiomas)', 'SI', NULL, '', 31, 5);
INSERT INTO `t_impuestodeclaracionrespuesta` (`idt_impuestoDeclaracionRespuesta`, `t_impuestoDeclaracion_idt_impuestoDeclaracion`, `t_impuestoDeclaracionRespuestaPregunta`, `t_impuestoDeclaracionRespuestaRespuesta`, `t_impuestoDeclaracionRespuestaTituloObser`, `t_impuestoDeclaracionRespuestaObservacion`, `t_impuestoPreguntas_idt_impuestoPreguntas`, `t_impuestoDeclaracionRespuestaIdDeclarante`) VALUES(102, 4, '¿En el Colegio sus Hijos tienen Uniforme Obligatorio a partir de Primaria?', 'SI', NULL, '', 32, 5);
INSERT INTO `t_impuestodeclaracionrespuesta` (`idt_impuestoDeclaracionRespuesta`, `t_impuestoDeclaracion_idt_impuestoDeclaracion`, `t_impuestoDeclaracionRespuestaPregunta`, `t_impuestoDeclaracionRespuestaRespuesta`, `t_impuestoDeclaracionRespuestaTituloObser`, `t_impuestoDeclaracionRespuestaObservacion`, `t_impuestoPreguntas_idt_impuestoPreguntas`, `t_impuestoDeclaracionRespuestaIdDeclarante`) VALUES(103, 4, '¿Ha realizado Donativos a Entidades sin ánimo de Lucro?', 'NO', NULL, '', 33, 5);
INSERT INTO `t_impuestodeclaracionrespuesta` (`idt_impuestoDeclaracionRespuesta`, `t_impuestoDeclaracion_idt_impuestoDeclaracion`, `t_impuestoDeclaracionRespuestaPregunta`, `t_impuestoDeclaracionRespuestaRespuesta`, `t_impuestoDeclaracionRespuestaTituloObser`, `t_impuestoDeclaracionRespuestaObservacion`, `t_impuestoPreguntas_idt_impuestoPreguntas`, `t_impuestoDeclaracionRespuestaIdDeclarante`) VALUES(104, 4, '¿Paga Anualidades por Alimentos a Hijos o Pensión Compensatoria a un Ex-Cónyuge?', 'SI', 'El Cliente PAGA cantidades por Pensión Compensatoria o Anualidades por Alimentos y los datos son:', 'El Cliente manifiesta que las Cantidades Pagadas han sido Fijadas o Convalidadas Judicialmente', 34, 5);
INSERT INTO `t_impuestodeclaracionrespuesta` (`idt_impuestoDeclaracionRespuesta`, `t_impuestoDeclaracion_idt_impuestoDeclaracion`, `t_impuestoDeclaracionRespuestaPregunta`, `t_impuestoDeclaracionRespuestaRespuesta`, `t_impuestoDeclaracionRespuestaTituloObser`, `t_impuestoDeclaracionRespuestaObservacion`, `t_impuestoPreguntas_idt_impuestoPreguntas`, `t_impuestoDeclaracionRespuestaIdDeclarante`) VALUES(105, 4, '¿En la Cuenta que nos ha traído para la Devolución o el Pago Figura como Titular de la misma?', 'SI', NULL, '', 35, 5);
INSERT INTO `t_impuestodeclaracionrespuesta` (`idt_impuestoDeclaracionRespuesta`, `t_impuestoDeclaracion_idt_impuestoDeclaracion`, `t_impuestoDeclaracionRespuestaPregunta`, `t_impuestoDeclaracionRespuestaRespuesta`, `t_impuestoDeclaracionRespuestaTituloObser`, `t_impuestoDeclaracionRespuestaObservacion`, `t_impuestoPreguntas_idt_impuestoPreguntas`, `t_impuestoDeclaracionRespuestaIdDeclarante`) VALUES(106, 4, '¿Nos Autorizan TODOS los miembros de la Unidad Familiar a enviar por Internet la declaración?', 'SI', NULL, '', 36, 5);
INSERT INTO `t_impuestodeclaracionrespuesta` (`idt_impuestoDeclaracionRespuesta`, `t_impuestoDeclaracion_idt_impuestoDeclaracion`, `t_impuestoDeclaracionRespuestaPregunta`, `t_impuestoDeclaracionRespuestaRespuesta`, `t_impuestoDeclaracionRespuestaTituloObser`, `t_impuestoDeclaracionRespuestaObservacion`, `t_impuestoPreguntas_idt_impuestoPreguntas`, `t_impuestoDeclaracionRespuestaIdDeclarante`) VALUES(107, 4, 'En caso de pago ¿Desea Fraccionar el Pago?', 'NO', NULL, '', 37, 5);
INSERT INTO `t_impuestodeclaracionrespuesta` (`idt_impuestoDeclaracionRespuesta`, `t_impuestoDeclaracion_idt_impuestoDeclaracion`, `t_impuestoDeclaracionRespuestaPregunta`, `t_impuestoDeclaracionRespuestaRespuesta`, `t_impuestoDeclaracionRespuestaTituloObser`, `t_impuestoDeclaracionRespuestaObservacion`, `t_impuestoPreguntas_idt_impuestoPreguntas`, `t_impuestoDeclaracionRespuestaIdDeclarante`) VALUES(108, 4, '¿Proporciona fecha de validez de los DNI del Grupo Familiar?', 'NO', 'Las fechas de validez de los DNI de los integrantes del Grupo Familiar son:', '', 38, 5);
INSERT INTO `t_impuestodeclaracionrespuesta` (`idt_impuestoDeclaracionRespuesta`, `t_impuestoDeclaracion_idt_impuestoDeclaracion`, `t_impuestoDeclaracionRespuestaPregunta`, `t_impuestoDeclaracionRespuestaRespuesta`, `t_impuestoDeclaracionRespuestaTituloObser`, `t_impuestoDeclaracionRespuestaObservacion`, `t_impuestoPreguntas_idt_impuestoPreguntas`, `t_impuestoDeclaracionRespuestaIdDeclarante`) VALUES(109, 5, '¿Ha habido algún cambio en la Situación Familiar con respecto a la Renta anterior?', 'NO', 'En relación al cambio en la Situación Familiar con respecto a la Renta del año anterior el Declarante manifiesta:', '', 2, 6);
INSERT INTO `t_impuestodeclaracionrespuesta` (`idt_impuestoDeclaracionRespuesta`, `t_impuestoDeclaracion_idt_impuestoDeclaracion`, `t_impuestoDeclaracionRespuestaPregunta`, `t_impuestoDeclaracionRespuestaRespuesta`, `t_impuestoDeclaracionRespuestaTituloObser`, `t_impuestoDeclaracionRespuestaObservacion`, `t_impuestoPreguntas_idt_impuestoPreguntas`, `t_impuestoDeclaracionRespuestaIdDeclarante`) VALUES(110, 5, '¿Tiene algún Hijo < de 25 años que haya tenido Ingresos o sea Titular de Algún Bien Inmueble?', 'SI', 'En Relación a los Ingresos de los Hijos el Cliente Manifiesta:', 'Se nos manifiesta que el Hijo ha Presentado Declaración pero ha ganado MENOS de 1.800 euros', 7, 6);
INSERT INTO `t_impuestodeclaracionrespuesta` (`idt_impuestoDeclaracionRespuesta`, `t_impuestoDeclaracion_idt_impuestoDeclaracion`, `t_impuestoDeclaracionRespuestaPregunta`, `t_impuestoDeclaracionRespuestaRespuesta`, `t_impuestoDeclaracionRespuestaTituloObser`, `t_impuestoDeclaracionRespuestaObservacion`, `t_impuestoPreguntas_idt_impuestoPreguntas`, `t_impuestoDeclaracionRespuestaIdDeclarante`) VALUES(111, 5, '¿Tiene algún Hijo Menor de 3 años por el que tenga derecho a la deducción por maternidad?', 'SI', 'En Relación a la Deducción por Maternidad se manifiesta:', 'La MADRE confirma que NO ha cobrado la Deducción de Forma Anticipada', 8, 6);
INSERT INTO `t_impuestodeclaracionrespuesta` (`idt_impuestoDeclaracionRespuesta`, `t_impuestoDeclaracion_idt_impuestoDeclaracion`, `t_impuestoDeclaracionRespuestaPregunta`, `t_impuestoDeclaracionRespuestaRespuesta`, `t_impuestoDeclaracionRespuestaTituloObser`, `t_impuestoDeclaracionRespuestaObservacion`, `t_impuestoPreguntas_idt_impuestoPreguntas`, `t_impuestoDeclaracionRespuestaIdDeclarante`) VALUES(112, 5, '¿Ha Cambiado de Domicilio y desea marcarlo?\r\n', 'NO', NULL, '', 9, 6);
INSERT INTO `t_impuestodeclaracionrespuesta` (`idt_impuestoDeclaracionRespuesta`, `t_impuestoDeclaracion_idt_impuestoDeclaracion`, `t_impuestoDeclaracionRespuestaPregunta`, `t_impuestoDeclaracionRespuestaRespuesta`, `t_impuestoDeclaracionRespuestaTituloObser`, `t_impuestoDeclaracionRespuestaObservacion`, `t_impuestoPreguntas_idt_impuestoPreguntas`, `t_impuestoDeclaracionRespuestaIdDeclarante`) VALUES(113, 5, '¿A dónde elige que vaya a parar el 0,7 % de sus impuestos?\r\n', 'NO', 'En Relación a la Asignación Tributaria el Cliente manifesta:\r\n', '', 11, 6);
INSERT INTO `t_impuestodeclaracionrespuesta` (`idt_impuestoDeclaracionRespuesta`, `t_impuestoDeclaracion_idt_impuestoDeclaracion`, `t_impuestoDeclaracionRespuestaPregunta`, `t_impuestoDeclaracionRespuestaRespuesta`, `t_impuestoDeclaracionRespuestaTituloObser`, `t_impuestoDeclaracionRespuestaObservacion`, `t_impuestoPreguntas_idt_impuestoPreguntas`, `t_impuestoDeclaracionRespuestaIdDeclarante`) VALUES(114, 5, '¿Ha sido despedido de alguna Empresa o ha tenido algún Juicio o ha Cobrado algo de un Juicio Anterior?', 'NO', 'Situación a Informar en Caso de Despido - Juicio - FOGASA, etc:', '', 17, 6);
INSERT INTO `t_impuestodeclaracionrespuesta` (`idt_impuestoDeclaracionRespuesta`, `t_impuestoDeclaracion_idt_impuestoDeclaracion`, `t_impuestoDeclaracionRespuestaPregunta`, `t_impuestoDeclaracionRespuestaRespuesta`, `t_impuestoDeclaracionRespuestaTituloObser`, `t_impuestoDeclaracionRespuestaObservacion`, `t_impuestoPreguntas_idt_impuestoPreguntas`, `t_impuestoDeclaracionRespuestaIdDeclarante`) VALUES(115, 5, '¿Ha Cobrado Alguna Pensión Compensatoria Usted o alguno de sus hijos a cargo?', 'NO', 'En Relación a la Pensión Compensatoria y/o Anualidades por Alimentos el Cliente manifiesta:', '', 19, 6);
INSERT INTO `t_impuestodeclaracionrespuesta` (`idt_impuestoDeclaracionRespuesta`, `t_impuestoDeclaracion_idt_impuestoDeclaracion`, `t_impuestoDeclaracionRespuestaPregunta`, `t_impuestoDeclaracionRespuestaRespuesta`, `t_impuestoDeclaracionRespuestaTituloObser`, `t_impuestoDeclaracionRespuestaObservacion`, `t_impuestoPreguntas_idt_impuestoPreguntas`, `t_impuestoDeclaracionRespuestaIdDeclarante`) VALUES(116, 5, '¿Tiene algún ingreso Bancario, Dividendo, etc, que NO venga en los Datos Fiscales? ¿Particip. Preferentes?', 'SI', 'En Relación a los RC Mobiliario y/o Preferentes se manifiesta lo siguiente:', 'Se informa al Cliente que si está esperando Sentencia Judicial o Arbitraje posiblemente tenga que rectificar la Declaración del Año en el que declaró el canje de las preferentes para valorar la operación por el importe que diga la Sentencia.', 20, 6);
INSERT INTO `t_impuestodeclaracionrespuesta` (`idt_impuestoDeclaracionRespuesta`, `t_impuestoDeclaracion_idt_impuestoDeclaracion`, `t_impuestoDeclaracionRespuestaPregunta`, `t_impuestoDeclaracionRespuestaRespuesta`, `t_impuestoDeclaracionRespuestaTituloObser`, `t_impuestoDeclaracionRespuestaObservacion`, `t_impuestoPreguntas_idt_impuestoPreguntas`, `t_impuestoDeclaracionRespuestaIdDeclarante`) VALUES(117, 5, '¿Es propietario de algún Inmueble que tenga Alquilado?', 'NO', 'En Relación al Arrendamiento de Inmuebles se manifiesta lo siguiente:', '', 21, 6);
INSERT INTO `t_impuestodeclaracionrespuesta` (`idt_impuestoDeclaracionRespuesta`, `t_impuestoDeclaracion_idt_impuestoDeclaracion`, `t_impuestoDeclaracionRespuestaPregunta`, `t_impuestoDeclaracionRespuestaRespuesta`, `t_impuestoDeclaracionRespuestaTituloObser`, `t_impuestoDeclaracionRespuestaObservacion`, `t_impuestoPreguntas_idt_impuestoPreguntas`, `t_impuestoDeclaracionRespuestaIdDeclarante`) VALUES(118, 5, '¿Tiene algún Inmueble que NO venga en los Datos Fiscales?', 'NO', 'En Relación a Inmuebles que NO vienen en los Datos Fiscales se manifiesta:', '', 22, 6);
INSERT INTO `t_impuestodeclaracionrespuesta` (`idt_impuestoDeclaracionRespuesta`, `t_impuestoDeclaracion_idt_impuestoDeclaracion`, `t_impuestoDeclaracionRespuestaPregunta`, `t_impuestoDeclaracionRespuestaRespuesta`, `t_impuestoDeclaracionRespuestaTituloObser`, `t_impuestoDeclaracionRespuestaObservacion`, `t_impuestoPreguntas_idt_impuestoPreguntas`, `t_impuestoDeclaracionRespuestaIdDeclarante`) VALUES(119, 5, '¿Ha vendido Acciones o cualquier otro Producto Financiero que NO venga en los Datos Fiscales?', 'NO', 'En Relación a la Venta de Acciones se manifiesta:', '', 24, 6);
INSERT INTO `t_impuestodeclaracionrespuesta` (`idt_impuestoDeclaracionRespuesta`, `t_impuestoDeclaracion_idt_impuestoDeclaracion`, `t_impuestoDeclaracionRespuestaPregunta`, `t_impuestoDeclaracionRespuestaRespuesta`, `t_impuestoDeclaracionRespuestaTituloObser`, `t_impuestoDeclaracionRespuestaObservacion`, `t_impuestoPreguntas_idt_impuestoPreguntas`, `t_impuestoDeclaracionRespuestaIdDeclarante`) VALUES(120, 5, '¿Ha transmitido algún Inmueble en el ejercicio (Venta - Donación - Dación en Pago - Ejecución Hip.)?', 'NO', 'En Relación a la Venta de Inmueble se manifiesta:', '', 25, 6);
INSERT INTO `t_impuestodeclaracionrespuesta` (`idt_impuestoDeclaracionRespuesta`, `t_impuestoDeclaracion_idt_impuestoDeclaracion`, `t_impuestoDeclaracionRespuestaPregunta`, `t_impuestoDeclaracionRespuestaRespuesta`, `t_impuestoDeclaracionRespuestaTituloObser`, `t_impuestoDeclaracionRespuestaObservacion`, `t_impuestoPreguntas_idt_impuestoPreguntas`, `t_impuestoDeclaracionRespuestaIdDeclarante`) VALUES(121, 5, '¿Tiene Cláusula Suelo - Gastos de Hipoteca que haya reclamado y recibido del Banco?', 'NO', 'En Relación a Cláusulas Suelo y Gastos de Hipoteca:', '', 26, 6);
INSERT INTO `t_impuestodeclaracionrespuesta` (`idt_impuestoDeclaracionRespuesta`, `t_impuestoDeclaracion_idt_impuestoDeclaracion`, `t_impuestoDeclaracionRespuestaPregunta`, `t_impuestoDeclaracionRespuestaRespuesta`, `t_impuestoDeclaracionRespuestaTituloObser`, `t_impuestoDeclaracionRespuestaObservacion`, `t_impuestoPreguntas_idt_impuestoPreguntas`, `t_impuestoDeclaracionRespuestaIdDeclarante`) VALUES(122, 5, '¿Ha cobrado algún tipo de Subvención en el Ejercicio?', 'NO', 'En Relación con el Cobro de Subvenciones el Cliente manifiesta:', '', 27, 6);
INSERT INTO `t_impuestodeclaracionrespuesta` (`idt_impuestoDeclaracionRespuesta`, `t_impuestoDeclaracion_idt_impuestoDeclaracion`, `t_impuestoDeclaracionRespuestaPregunta`, `t_impuestoDeclaracionRespuestaRespuesta`, `t_impuestoDeclaracionRespuestaTituloObser`, `t_impuestoDeclaracionRespuestaObservacion`, `t_impuestoPreguntas_idt_impuestoPreguntas`, `t_impuestoDeclaracionRespuestaIdDeclarante`) VALUES(123, 5, '¿Sus Hijos van a Colegio Privado? (Deducción Autonómica por Gastos de Escolaridad Obligatorios)', 'SI', NULL, '', 30, 6);
INSERT INTO `t_impuestodeclaracionrespuesta` (`idt_impuestoDeclaracionRespuesta`, `t_impuestoDeclaracion_idt_impuestoDeclaracion`, `t_impuestoDeclaracionRespuestaPregunta`, `t_impuestoDeclaracionRespuestaRespuesta`, `t_impuestoDeclaracionRespuestaTituloObser`, `t_impuestoDeclaracionRespuestaObservacion`, `t_impuestoPreguntas_idt_impuestoPreguntas`, `t_impuestoDeclaracionRespuestaIdDeclarante`) VALUES(124, 5, 'En caso de pago ¿Desea Fraccionar el Pago?', 'NO', NULL, '', 37, 6);
INSERT INTO `t_impuestodeclaracionrespuesta` (`idt_impuestoDeclaracionRespuesta`, `t_impuestoDeclaracion_idt_impuestoDeclaracion`, `t_impuestoDeclaracionRespuestaPregunta`, `t_impuestoDeclaracionRespuestaRespuesta`, `t_impuestoDeclaracionRespuestaTituloObser`, `t_impuestoDeclaracionRespuestaObservacion`, `t_impuestoPreguntas_idt_impuestoPreguntas`, `t_impuestoDeclaracionRespuestaIdDeclarante`) VALUES(125, 5, '¿Proporciona fecha de validez de los DNI del Grupo Familiar?', 'NO', 'Las fechas de validez de los DNI de los integrantes del Grupo Familiar son:', '', 38, 6);
INSERT INTO `t_impuestodeclaracionrespuesta` (`idt_impuestoDeclaracionRespuesta`, `t_impuestoDeclaracion_idt_impuestoDeclaracion`, `t_impuestoDeclaracionRespuestaPregunta`, `t_impuestoDeclaracionRespuestaRespuesta`, `t_impuestoDeclaracionRespuestaTituloObser`, `t_impuestoDeclaracionRespuestaObservacion`, `t_impuestoPreguntas_idt_impuestoPreguntas`, `t_impuestoDeclaracionRespuestaIdDeclarante`) VALUES(126, 5, '¿Ha habido algún cambio en la Situación Familiar con respecto a la Renta anterior?', 'NO', 'En relación al cambio en la Situación Familiar con respecto a la Renta del año anterior el Declarante manifiesta:', '', 2, 7);
INSERT INTO `t_impuestodeclaracionrespuesta` (`idt_impuestoDeclaracionRespuesta`, `t_impuestoDeclaracion_idt_impuestoDeclaracion`, `t_impuestoDeclaracionRespuestaPregunta`, `t_impuestoDeclaracionRespuestaRespuesta`, `t_impuestoDeclaracionRespuestaTituloObser`, `t_impuestoDeclaracionRespuestaObservacion`, `t_impuestoPreguntas_idt_impuestoPreguntas`, `t_impuestoDeclaracionRespuestaIdDeclarante`) VALUES(127, 5, '¿Tiene algún Hijo < de 25 años que haya tenido Ingresos o sea Titular de Algún Bien Inmueble?', 'SI', 'En Relación a los Ingresos de los Hijos el Cliente Manifiesta:', NULL, 7, 7);
INSERT INTO `t_impuestodeclaracionrespuesta` (`idt_impuestoDeclaracionRespuesta`, `t_impuestoDeclaracion_idt_impuestoDeclaracion`, `t_impuestoDeclaracionRespuestaPregunta`, `t_impuestoDeclaracionRespuestaRespuesta`, `t_impuestoDeclaracionRespuestaTituloObser`, `t_impuestoDeclaracionRespuestaObservacion`, `t_impuestoPreguntas_idt_impuestoPreguntas`, `t_impuestoDeclaracionRespuestaIdDeclarante`) VALUES(128, 5, '¿Tiene algún Hijo Menor de 3 años por el que tenga derecho a la deducción por maternidad?', 'SI', 'En Relación a la Deducción por Maternidad se manifiesta:', NULL, 8, 7);
INSERT INTO `t_impuestodeclaracionrespuesta` (`idt_impuestoDeclaracionRespuesta`, `t_impuestoDeclaracion_idt_impuestoDeclaracion`, `t_impuestoDeclaracionRespuestaPregunta`, `t_impuestoDeclaracionRespuestaRespuesta`, `t_impuestoDeclaracionRespuestaTituloObser`, `t_impuestoDeclaracionRespuestaObservacion`, `t_impuestoPreguntas_idt_impuestoPreguntas`, `t_impuestoDeclaracionRespuestaIdDeclarante`) VALUES(129, 5, '¿Ha Cambiado de Domicilio y desea marcarlo?\r\n', 'NO', NULL, '', 9, 7);
INSERT INTO `t_impuestodeclaracionrespuesta` (`idt_impuestoDeclaracionRespuesta`, `t_impuestoDeclaracion_idt_impuestoDeclaracion`, `t_impuestoDeclaracionRespuestaPregunta`, `t_impuestoDeclaracionRespuestaRespuesta`, `t_impuestoDeclaracionRespuestaTituloObser`, `t_impuestoDeclaracionRespuestaObservacion`, `t_impuestoPreguntas_idt_impuestoPreguntas`, `t_impuestoDeclaracionRespuestaIdDeclarante`) VALUES(130, 5, '¿A dónde elige que vaya a parar el 0,7 % de sus impuestos?\r\n', 'NO', 'En Relación a la Asignación Tributaria el Cliente manifesta:\r\n', '', 11, 7);
INSERT INTO `t_impuestodeclaracionrespuesta` (`idt_impuestoDeclaracionRespuesta`, `t_impuestoDeclaracion_idt_impuestoDeclaracion`, `t_impuestoDeclaracionRespuestaPregunta`, `t_impuestoDeclaracionRespuestaRespuesta`, `t_impuestoDeclaracionRespuestaTituloObser`, `t_impuestoDeclaracionRespuestaObservacion`, `t_impuestoPreguntas_idt_impuestoPreguntas`, `t_impuestoDeclaracionRespuestaIdDeclarante`) VALUES(131, 5, '¿Ha sido despedido de alguna Empresa o ha tenido algún Juicio o ha Cobrado algo de un Juicio Anterior?', 'SI', 'Situación a Informar en Caso de Despido - Juicio - FOGASA, etc:', 'El Cliente manifiesta que el Despido fue Improcedente y hubo Concilación / Juicio (Indemnización Exenta)', 17, 7);
INSERT INTO `t_impuestodeclaracionrespuesta` (`idt_impuestoDeclaracionRespuesta`, `t_impuestoDeclaracion_idt_impuestoDeclaracion`, `t_impuestoDeclaracionRespuestaPregunta`, `t_impuestoDeclaracionRespuestaRespuesta`, `t_impuestoDeclaracionRespuestaTituloObser`, `t_impuestoDeclaracionRespuestaObservacion`, `t_impuestoPreguntas_idt_impuestoPreguntas`, `t_impuestoDeclaracionRespuestaIdDeclarante`) VALUES(132, 5, '¿Ha Cobrado Alguna Pensión Compensatoria Usted o alguno de sus hijos a cargo?', 'NO', 'En Relación a la Pensión Compensatoria y/o Anualidades por Alimentos el Cliente manifiesta:', '', 19, 7);
INSERT INTO `t_impuestodeclaracionrespuesta` (`idt_impuestoDeclaracionRespuesta`, `t_impuestoDeclaracion_idt_impuestoDeclaracion`, `t_impuestoDeclaracionRespuestaPregunta`, `t_impuestoDeclaracionRespuestaRespuesta`, `t_impuestoDeclaracionRespuestaTituloObser`, `t_impuestoDeclaracionRespuestaObservacion`, `t_impuestoPreguntas_idt_impuestoPreguntas`, `t_impuestoDeclaracionRespuestaIdDeclarante`) VALUES(133, 5, '¿Tiene algún ingreso Bancario, Dividendo, etc, que NO venga en los Datos Fiscales? ¿Particip. Preferentes?', 'NO', 'En Relación a los RC Mobiliario y/o Preferentes se manifiesta lo siguiente:', '', 20, 7);
INSERT INTO `t_impuestodeclaracionrespuesta` (`idt_impuestoDeclaracionRespuesta`, `t_impuestoDeclaracion_idt_impuestoDeclaracion`, `t_impuestoDeclaracionRespuestaPregunta`, `t_impuestoDeclaracionRespuestaRespuesta`, `t_impuestoDeclaracionRespuestaTituloObser`, `t_impuestoDeclaracionRespuestaObservacion`, `t_impuestoPreguntas_idt_impuestoPreguntas`, `t_impuestoDeclaracionRespuestaIdDeclarante`) VALUES(134, 5, '¿Es propietario de algún Inmueble que tenga Alquilado?', 'NO', 'En Relación al Arrendamiento de Inmuebles se manifiesta lo siguiente:', '', 21, 7);
INSERT INTO `t_impuestodeclaracionrespuesta` (`idt_impuestoDeclaracionRespuesta`, `t_impuestoDeclaracion_idt_impuestoDeclaracion`, `t_impuestoDeclaracionRespuestaPregunta`, `t_impuestoDeclaracionRespuestaRespuesta`, `t_impuestoDeclaracionRespuestaTituloObser`, `t_impuestoDeclaracionRespuestaObservacion`, `t_impuestoPreguntas_idt_impuestoPreguntas`, `t_impuestoDeclaracionRespuestaIdDeclarante`) VALUES(135, 5, '¿Tiene algún Inmueble que NO venga en los Datos Fiscales?', 'NO', 'En Relación a Inmuebles que NO vienen en los Datos Fiscales se manifiesta:', '', 22, 7);
INSERT INTO `t_impuestodeclaracionrespuesta` (`idt_impuestoDeclaracionRespuesta`, `t_impuestoDeclaracion_idt_impuestoDeclaracion`, `t_impuestoDeclaracionRespuestaPregunta`, `t_impuestoDeclaracionRespuestaRespuesta`, `t_impuestoDeclaracionRespuestaTituloObser`, `t_impuestoDeclaracionRespuestaObservacion`, `t_impuestoPreguntas_idt_impuestoPreguntas`, `t_impuestoDeclaracionRespuestaIdDeclarante`) VALUES(136, 5, '¿Ha vendido Acciones o cualquier otro Producto Financiero que NO venga en los Datos Fiscales?', 'NO', 'En Relación a la Venta de Acciones se manifiesta:', '', 24, 7);
INSERT INTO `t_impuestodeclaracionrespuesta` (`idt_impuestoDeclaracionRespuesta`, `t_impuestoDeclaracion_idt_impuestoDeclaracion`, `t_impuestoDeclaracionRespuestaPregunta`, `t_impuestoDeclaracionRespuestaRespuesta`, `t_impuestoDeclaracionRespuestaTituloObser`, `t_impuestoDeclaracionRespuestaObservacion`, `t_impuestoPreguntas_idt_impuestoPreguntas`, `t_impuestoDeclaracionRespuestaIdDeclarante`) VALUES(137, 5, '¿Ha transmitido algún Inmueble en el ejercicio (Venta - Donación - Dación en Pago - Ejecución Hip.)?', 'SI', 'En Relación a la Venta de Inmueble se manifiesta:', 'El Cliente aporta todos los datos de la Compra Original y de la Venta del Inmueble', 25, 7);
INSERT INTO `t_impuestodeclaracionrespuesta` (`idt_impuestoDeclaracionRespuesta`, `t_impuestoDeclaracion_idt_impuestoDeclaracion`, `t_impuestoDeclaracionRespuestaPregunta`, `t_impuestoDeclaracionRespuestaRespuesta`, `t_impuestoDeclaracionRespuestaTituloObser`, `t_impuestoDeclaracionRespuestaObservacion`, `t_impuestoPreguntas_idt_impuestoPreguntas`, `t_impuestoDeclaracionRespuestaIdDeclarante`) VALUES(138, 5, '¿Tiene Cláusula Suelo - Gastos de Hipoteca que haya reclamado y recibido del Banco?', 'NO', 'En Relación a Cláusulas Suelo y Gastos de Hipoteca:', '', 26, 7);
INSERT INTO `t_impuestodeclaracionrespuesta` (`idt_impuestoDeclaracionRespuesta`, `t_impuestoDeclaracion_idt_impuestoDeclaracion`, `t_impuestoDeclaracionRespuestaPregunta`, `t_impuestoDeclaracionRespuestaRespuesta`, `t_impuestoDeclaracionRespuestaTituloObser`, `t_impuestoDeclaracionRespuestaObservacion`, `t_impuestoPreguntas_idt_impuestoPreguntas`, `t_impuestoDeclaracionRespuestaIdDeclarante`) VALUES(139, 5, '¿Ha cobrado algún tipo de Subvención en el Ejercicio?', 'NO', 'En Relación con el Cobro de Subvenciones el Cliente manifiesta:', '', 27, 7);
INSERT INTO `t_impuestodeclaracionrespuesta` (`idt_impuestoDeclaracionRespuesta`, `t_impuestoDeclaracion_idt_impuestoDeclaracion`, `t_impuestoDeclaracionRespuestaPregunta`, `t_impuestoDeclaracionRespuestaRespuesta`, `t_impuestoDeclaracionRespuestaTituloObser`, `t_impuestoDeclaracionRespuestaObservacion`, `t_impuestoPreguntas_idt_impuestoPreguntas`, `t_impuestoDeclaracionRespuestaIdDeclarante`) VALUES(140, 5, '¿Sus Hijos van a Colegio Privado? (Deducción Autonómica por Gastos de Escolaridad Obligatorios)', 'SI', NULL, '', 30, 7);
INSERT INTO `t_impuestodeclaracionrespuesta` (`idt_impuestoDeclaracionRespuesta`, `t_impuestoDeclaracion_idt_impuestoDeclaracion`, `t_impuestoDeclaracionRespuestaPregunta`, `t_impuestoDeclaracionRespuestaRespuesta`, `t_impuestoDeclaracionRespuestaTituloObser`, `t_impuestoDeclaracionRespuestaObservacion`, `t_impuestoPreguntas_idt_impuestoPreguntas`, `t_impuestoDeclaracionRespuestaIdDeclarante`) VALUES(141, 5, 'En caso de pago ¿Desea Fraccionar el Pago?', 'NO', NULL, '', 37, 7);
INSERT INTO `t_impuestodeclaracionrespuesta` (`idt_impuestoDeclaracionRespuesta`, `t_impuestoDeclaracion_idt_impuestoDeclaracion`, `t_impuestoDeclaracionRespuestaPregunta`, `t_impuestoDeclaracionRespuestaRespuesta`, `t_impuestoDeclaracionRespuestaTituloObser`, `t_impuestoDeclaracionRespuestaObservacion`, `t_impuestoPreguntas_idt_impuestoPreguntas`, `t_impuestoDeclaracionRespuestaIdDeclarante`) VALUES(142, 5, '¿Proporciona fecha de validez de los DNI del Grupo Familiar?', 'NO', 'Las fechas de validez de los DNI de los integrantes del Grupo Familiar son:', '', 38, 7);
INSERT INTO `t_impuestodeclaracionrespuesta` (`idt_impuestoDeclaracionRespuesta`, `t_impuestoDeclaracion_idt_impuestoDeclaracion`, `t_impuestoDeclaracionRespuestaPregunta`, `t_impuestoDeclaracionRespuestaRespuesta`, `t_impuestoDeclaracionRespuestaTituloObser`, `t_impuestoDeclaracionRespuestaObservacion`, `t_impuestoPreguntas_idt_impuestoPreguntas`, `t_impuestoDeclaracionRespuestaIdDeclarante`) VALUES(143, 6, '¿Ha habido algún cambio en la Situación Familiar con respecto a la Renta anterior?', 'NO', 'En relación al cambio en la Situación Familiar con respecto a la Renta del año anterior el Declarante manifiesta:', '', 2, 8);
INSERT INTO `t_impuestodeclaracionrespuesta` (`idt_impuestoDeclaracionRespuesta`, `t_impuestoDeclaracion_idt_impuestoDeclaracion`, `t_impuestoDeclaracionRespuestaPregunta`, `t_impuestoDeclaracionRespuestaRespuesta`, `t_impuestoDeclaracionRespuestaTituloObser`, `t_impuestoDeclaracionRespuestaObservacion`, `t_impuestoPreguntas_idt_impuestoPreguntas`, `t_impuestoDeclaracionRespuestaIdDeclarante`) VALUES(144, 6, '¿Nos ha traído la Declaración de la Renta del Ejercicio Anterior?', 'SI', NULL, '', 1, 8);
INSERT INTO `t_impuestodeclaracionrespuesta` (`idt_impuestoDeclaracionRespuesta`, `t_impuestoDeclaracion_idt_impuestoDeclaracion`, `t_impuestoDeclaracionRespuestaPregunta`, `t_impuestoDeclaracionRespuestaRespuesta`, `t_impuestoDeclaracionRespuestaTituloObser`, `t_impuestoDeclaracionRespuestaObservacion`, `t_impuestoPreguntas_idt_impuestoPreguntas`, `t_impuestoDeclaracionRespuestaIdDeclarante`) VALUES(145, 6, '¿Tiene Ascendientes (Padres, Abuelos, etc) a su cargo?', 'NO', 'En Relación al Ascendiente que convive con el Declarante se manifiesta:', '', 5, 8);
INSERT INTO `t_impuestodeclaracionrespuesta` (`idt_impuestoDeclaracionRespuesta`, `t_impuestoDeclaracion_idt_impuestoDeclaracion`, `t_impuestoDeclaracionRespuestaPregunta`, `t_impuestoDeclaracionRespuestaRespuesta`, `t_impuestoDeclaracionRespuestaTituloObser`, `t_impuestoDeclaracionRespuestaObservacion`, `t_impuestoPreguntas_idt_impuestoPreguntas`, `t_impuestoDeclaracionRespuestaIdDeclarante`) VALUES(146, 6, '¿Existe Alguna Discapacidad en la Familia?', 'NO', 'En Relación a la Discapacidad se manifiesta:', '', 6, 8);
INSERT INTO `t_impuestodeclaracionrespuesta` (`idt_impuestoDeclaracionRespuesta`, `t_impuestoDeclaracion_idt_impuestoDeclaracion`, `t_impuestoDeclaracionRespuestaPregunta`, `t_impuestoDeclaracionRespuestaRespuesta`, `t_impuestoDeclaracionRespuestaTituloObser`, `t_impuestoDeclaracionRespuestaObservacion`, `t_impuestoPreguntas_idt_impuestoPreguntas`, `t_impuestoDeclaracionRespuestaIdDeclarante`) VALUES(147, 6, '¿Ha Cambiado de Domicilio y desea marcarlo?\r\n', 'SI', NULL, '', 9, 8);
INSERT INTO `t_impuestodeclaracionrespuesta` (`idt_impuestoDeclaracionRespuesta`, `t_impuestoDeclaracion_idt_impuestoDeclaracion`, `t_impuestoDeclaracionRespuestaPregunta`, `t_impuestoDeclaracionRespuestaRespuesta`, `t_impuestoDeclaracionRespuestaTituloObser`, `t_impuestoDeclaracionRespuestaObservacion`, `t_impuestoPreguntas_idt_impuestoPreguntas`, `t_impuestoDeclaracionRespuestaIdDeclarante`) VALUES(148, 6, '¿Hay Bases / Deducciones / Cantidades Pendientes de Compensar del Ejercicio Anterior?\r\n', 'SI', NULL, '', 10, 8);
INSERT INTO `t_impuestodeclaracionrespuesta` (`idt_impuestoDeclaracionRespuesta`, `t_impuestoDeclaracion_idt_impuestoDeclaracion`, `t_impuestoDeclaracionRespuestaPregunta`, `t_impuestoDeclaracionRespuestaRespuesta`, `t_impuestoDeclaracionRespuestaTituloObser`, `t_impuestoDeclaracionRespuestaObservacion`, `t_impuestoPreguntas_idt_impuestoPreguntas`, `t_impuestoDeclaracionRespuestaIdDeclarante`) VALUES(149, 6, '¿Hay Bases / Deducciones / Cantidades Pendientes de Compensar del Ejercicio Anterior?\r\n', 'SI', NULL, '', 10, 8);
INSERT INTO `t_impuestodeclaracionrespuesta` (`idt_impuestoDeclaracionRespuesta`, `t_impuestoDeclaracion_idt_impuestoDeclaracion`, `t_impuestoDeclaracionRespuestaPregunta`, `t_impuestoDeclaracionRespuestaRespuesta`, `t_impuestoDeclaracionRespuestaTituloObser`, `t_impuestoDeclaracionRespuestaObservacion`, `t_impuestoPreguntas_idt_impuestoPreguntas`, `t_impuestoDeclaracionRespuestaIdDeclarante`) VALUES(150, 6, '¿Nos ha traído los Certificados de Ingresos de las Todas las Empresas en las que ha trabajado?', 'SI', NULL, '', 12, 8);
INSERT INTO `t_impuestodeclaracionrespuesta` (`idt_impuestoDeclaracionRespuesta`, `t_impuestoDeclaracion_idt_impuestoDeclaracion`, `t_impuestoDeclaracionRespuestaPregunta`, `t_impuestoDeclaracionRespuestaRespuesta`, `t_impuestoDeclaracionRespuestaTituloObser`, `t_impuestoDeclaracionRespuestaObservacion`, `t_impuestoPreguntas_idt_impuestoPreguntas`, `t_impuestoDeclaracionRespuestaIdDeclarante`) VALUES(151, 6, '¿Ha vuelto a trabajar en alguna empresa que le hubiera despedido en los 3 últimos años?', 'NO', 'El Cliente ha vuelto a vincularse a la Empresa que le despidió hace menos de 3 años y se manifiesta: ', '', 13, 8);
INSERT INTO `t_impuestodeclaracionrespuesta` (`idt_impuestoDeclaracionRespuesta`, `t_impuestoDeclaracion_idt_impuestoDeclaracion`, `t_impuestoDeclaracionRespuestaPregunta`, `t_impuestoDeclaracionRespuestaRespuesta`, `t_impuestoDeclaracionRespuestaTituloObser`, `t_impuestoDeclaracionRespuestaObservacion`, `t_impuestoPreguntas_idt_impuestoPreguntas`, `t_impuestoDeclaracionRespuestaIdDeclarante`) VALUES(152, 6, '¿Paga Cuota de Sindicato?', 'SI', 'Cuota de Sindicato Pagada Anualmente que manifiesta el Cliente:', 'Cuota: 50', 14, 8);
INSERT INTO `t_impuestodeclaracionrespuesta` (`idt_impuestoDeclaracionRespuesta`, `t_impuestoDeclaracion_idt_impuestoDeclaracion`, `t_impuestoDeclaracionRespuestaPregunta`, `t_impuestoDeclaracionRespuestaRespuesta`, `t_impuestoDeclaracionRespuestaTituloObser`, `t_impuestoDeclaracionRespuestaObservacion`, `t_impuestoPreguntas_idt_impuestoPreguntas`, `t_impuestoDeclaracionRespuestaIdDeclarante`) VALUES(153, 6, '¿Paga Cuota de Colegio Profesional?', 'SI', 'Cuota de Colegio Profesional Pagada Anualmente que manifiesta el Cliente:', 'Cuota: 43', 15, 8);
INSERT INTO `t_impuestodeclaracionrespuesta` (`idt_impuestoDeclaracionRespuesta`, `t_impuestoDeclaracion_idt_impuestoDeclaracion`, `t_impuestoDeclaracionRespuestaPregunta`, `t_impuestoDeclaracionRespuestaRespuesta`, `t_impuestoDeclaracionRespuestaTituloObser`, `t_impuestoDeclaracionRespuestaObservacion`, `t_impuestoPreguntas_idt_impuestoPreguntas`, `t_impuestoDeclaracionRespuestaIdDeclarante`) VALUES(154, 6, '¿Ha cobrado alguna Pensión del Extranjero?', 'NO', 'En Relación al Cobro de Pensión en el Extranjero se manifiesta:', '', 16, 8);
INSERT INTO `t_impuestodeclaracionrespuesta` (`idt_impuestoDeclaracionRespuesta`, `t_impuestoDeclaracion_idt_impuestoDeclaracion`, `t_impuestoDeclaracionRespuestaPregunta`, `t_impuestoDeclaracionRespuestaRespuesta`, `t_impuestoDeclaracionRespuestaTituloObser`, `t_impuestoDeclaracionRespuestaObservacion`, `t_impuestoPreguntas_idt_impuestoPreguntas`, `t_impuestoDeclaracionRespuestaIdDeclarante`) VALUES(155, 6, '¿Ha sido despedido de alguna Empresa o ha tenido algún Juicio o ha Cobrado algo de un Juicio Anterior?', 'NO', 'Situación a Informar en Caso de Despido - Juicio - FOGASA, etc:', '', 17, 8);
INSERT INTO `t_impuestodeclaracionrespuesta` (`idt_impuestoDeclaracionRespuesta`, `t_impuestoDeclaracion_idt_impuestoDeclaracion`, `t_impuestoDeclaracionRespuestaPregunta`, `t_impuestoDeclaracionRespuestaRespuesta`, `t_impuestoDeclaracionRespuestaTituloObser`, `t_impuestoDeclaracionRespuestaObservacion`, `t_impuestoPreguntas_idt_impuestoPreguntas`, `t_impuestoDeclaracionRespuestaIdDeclarante`) VALUES(156, 6, '¿Ha Cobrado Alguna Pensión Compensatoria Usted o alguno de sus hijos a cargo?', 'NO', 'En Relación a la Pensión Compensatoria y/o Anualidades por Alimentos el Cliente manifiesta:', '', 19, 8);
INSERT INTO `t_impuestodeclaracionrespuesta` (`idt_impuestoDeclaracionRespuesta`, `t_impuestoDeclaracion_idt_impuestoDeclaracion`, `t_impuestoDeclaracionRespuestaPregunta`, `t_impuestoDeclaracionRespuestaRespuesta`, `t_impuestoDeclaracionRespuestaTituloObser`, `t_impuestoDeclaracionRespuestaObservacion`, `t_impuestoPreguntas_idt_impuestoPreguntas`, `t_impuestoDeclaracionRespuestaIdDeclarante`) VALUES(157, 6, '¿Tiene algún ingreso Bancario, Dividendo, etc, que NO venga en los Datos Fiscales? ¿Particip. Preferentes?', 'SI', 'En Relación a los RC Mobiliario y/o Preferentes se manifiesta lo siguiente:', 'El Cliente Manifiesta que ya tiene todo canjeado y vendido y que de este tema NO hay nada que declarar.', 20, 8);
INSERT INTO `t_impuestodeclaracionrespuesta` (`idt_impuestoDeclaracionRespuesta`, `t_impuestoDeclaracion_idt_impuestoDeclaracion`, `t_impuestoDeclaracionRespuestaPregunta`, `t_impuestoDeclaracionRespuestaRespuesta`, `t_impuestoDeclaracionRespuestaTituloObser`, `t_impuestoDeclaracionRespuestaObservacion`, `t_impuestoPreguntas_idt_impuestoPreguntas`, `t_impuestoDeclaracionRespuestaIdDeclarante`) VALUES(158, 6, '¿Es propietario de algún Inmueble que tenga Alquilado?', 'SI', 'En Relación al Arrendamiento de Inmuebles se manifiesta lo siguiente:', 'Ha estado Alquilado TODO el año', 21, 8);
INSERT INTO `t_impuestodeclaracionrespuesta` (`idt_impuestoDeclaracionRespuesta`, `t_impuestoDeclaracion_idt_impuestoDeclaracion`, `t_impuestoDeclaracionRespuestaPregunta`, `t_impuestoDeclaracionRespuestaRespuesta`, `t_impuestoDeclaracionRespuestaTituloObser`, `t_impuestoDeclaracionRespuestaObservacion`, `t_impuestoPreguntas_idt_impuestoPreguntas`, `t_impuestoDeclaracionRespuestaIdDeclarante`) VALUES(159, 6, '¿Tiene algún Inmueble que NO venga en los Datos Fiscales?', 'NO', 'En Relación a Inmuebles que NO vienen en los Datos Fiscales se manifiesta:', '', 22, 8);
INSERT INTO `t_impuestodeclaracionrespuesta` (`idt_impuestoDeclaracionRespuesta`, `t_impuestoDeclaracion_idt_impuestoDeclaracion`, `t_impuestoDeclaracionRespuestaPregunta`, `t_impuestoDeclaracionRespuestaRespuesta`, `t_impuestoDeclaracionRespuestaTituloObser`, `t_impuestoDeclaracionRespuestaObservacion`, `t_impuestoPreguntas_idt_impuestoPreguntas`, `t_impuestoDeclaracionRespuestaIdDeclarante`) VALUES(160, 6, '¿Ejerce algún tipo de Actividad Económica o Profesional?', 'NO', 'En Relación al Ejercicio de una Actividad Económica se manifiesta:', '', 23, 8);
INSERT INTO `t_impuestodeclaracionrespuesta` (`idt_impuestoDeclaracionRespuesta`, `t_impuestoDeclaracion_idt_impuestoDeclaracion`, `t_impuestoDeclaracionRespuestaPregunta`, `t_impuestoDeclaracionRespuestaRespuesta`, `t_impuestoDeclaracionRespuestaTituloObser`, `t_impuestoDeclaracionRespuestaObservacion`, `t_impuestoPreguntas_idt_impuestoPreguntas`, `t_impuestoDeclaracionRespuestaIdDeclarante`) VALUES(161, 6, '¿Ha vendido Acciones o cualquier otro Producto Financiero que NO venga en los Datos Fiscales?', 'NO', 'En Relación a la Venta de Acciones se manifiesta:', '', 24, 8);
INSERT INTO `t_impuestodeclaracionrespuesta` (`idt_impuestoDeclaracionRespuesta`, `t_impuestoDeclaracion_idt_impuestoDeclaracion`, `t_impuestoDeclaracionRespuestaPregunta`, `t_impuestoDeclaracionRespuestaRespuesta`, `t_impuestoDeclaracionRespuestaTituloObser`, `t_impuestoDeclaracionRespuestaObservacion`, `t_impuestoPreguntas_idt_impuestoPreguntas`, `t_impuestoDeclaracionRespuestaIdDeclarante`) VALUES(162, 6, '¿Ha transmitido algún Inmueble en el ejercicio (Venta - Donación - Dación en Pago - Ejecución Hip.)?', 'SI', 'En Relación a la Venta de Inmueble se manifiesta:', 'El Cliente manifiesta que el Inmueble Transmitido NO ha estado Afecto dentro de los TRES años Anteriores a la Venta', 25, 8);
INSERT INTO `t_impuestodeclaracionrespuesta` (`idt_impuestoDeclaracionRespuesta`, `t_impuestoDeclaracion_idt_impuestoDeclaracion`, `t_impuestoDeclaracionRespuestaPregunta`, `t_impuestoDeclaracionRespuestaRespuesta`, `t_impuestoDeclaracionRespuestaTituloObser`, `t_impuestoDeclaracionRespuestaObservacion`, `t_impuestoPreguntas_idt_impuestoPreguntas`, `t_impuestoDeclaracionRespuestaIdDeclarante`) VALUES(163, 6, '¿Tiene Cláusula Suelo - Gastos de Hipoteca que haya reclamado y recibido del Banco?', 'NO', 'En Relación a Cláusulas Suelo y Gastos de Hipoteca:', '', 26, 8);
INSERT INTO `t_impuestodeclaracionrespuesta` (`idt_impuestoDeclaracionRespuesta`, `t_impuestoDeclaracion_idt_impuestoDeclaracion`, `t_impuestoDeclaracionRespuestaPregunta`, `t_impuestoDeclaracionRespuestaRespuesta`, `t_impuestoDeclaracionRespuestaTituloObser`, `t_impuestoDeclaracionRespuestaObservacion`, `t_impuestoPreguntas_idt_impuestoPreguntas`, `t_impuestoDeclaracionRespuestaIdDeclarante`) VALUES(164, 6, '¿Tiene deducción por haber comprado su Vivienda ANTES de 01 de Enero de 2013?', 'SI', 'El Cliente manifiesta que tiene Derecho a la Deducción por Adquisición de Vivienda anterior al 01 de Enero de 2013:', 'El Cliente manifiesta que el Préstamo Hipotecario que paga NUNCA fue ampliado', 28, 8);
INSERT INTO `t_impuestodeclaracionrespuesta` (`idt_impuestoDeclaracionRespuesta`, `t_impuestoDeclaracion_idt_impuestoDeclaracion`, `t_impuestoDeclaracionRespuestaPregunta`, `t_impuestoDeclaracionRespuestaRespuesta`, `t_impuestoDeclaracionRespuestaTituloObser`, `t_impuestoDeclaracionRespuestaObservacion`, `t_impuestoPreguntas_idt_impuestoPreguntas`, `t_impuestoDeclaracionRespuestaIdDeclarante`) VALUES(165, 6, '¿Vive de Alquiler y tiene Contrato Propio a su Nombre ANTERIOR al 01 de Enero de 2015?', 'SI', 'El Cliente manifiesta que vive de Alquiler y se deja constancia de:', 'El Cliente Manifiesta que la Fianza ESTÁ DEPOSITADA, pero NO lo Acredita', 29, 8);
INSERT INTO `t_impuestodeclaracionrespuesta` (`idt_impuestoDeclaracionRespuesta`, `t_impuestoDeclaracion_idt_impuestoDeclaracion`, `t_impuestoDeclaracionRespuestaPregunta`, `t_impuestoDeclaracionRespuestaRespuesta`, `t_impuestoDeclaracionRespuestaTituloObser`, `t_impuestoDeclaracionRespuestaObservacion`, `t_impuestoPreguntas_idt_impuestoPreguntas`, `t_impuestoDeclaracionRespuestaIdDeclarante`) VALUES(166, 6, '¿Ha realizado Donativos a Entidades sin ánimo de Lucro?', 'SI', NULL, '', 33, 8);
INSERT INTO `t_impuestodeclaracionrespuesta` (`idt_impuestoDeclaracionRespuesta`, `t_impuestoDeclaracion_idt_impuestoDeclaracion`, `t_impuestoDeclaracionRespuestaPregunta`, `t_impuestoDeclaracionRespuestaRespuesta`, `t_impuestoDeclaracionRespuestaTituloObser`, `t_impuestoDeclaracionRespuestaObservacion`, `t_impuestoPreguntas_idt_impuestoPreguntas`, `t_impuestoDeclaracionRespuestaIdDeclarante`) VALUES(167, 6, '¿En la Cuenta que nos ha traído para la Devolución o el Pago Figura como Titular de la misma?', 'SI', NULL, '', 35, 8);
INSERT INTO `t_impuestodeclaracionrespuesta` (`idt_impuestoDeclaracionRespuesta`, `t_impuestoDeclaracion_idt_impuestoDeclaracion`, `t_impuestoDeclaracionRespuestaPregunta`, `t_impuestoDeclaracionRespuestaRespuesta`, `t_impuestoDeclaracionRespuestaTituloObser`, `t_impuestoDeclaracionRespuestaObservacion`, `t_impuestoPreguntas_idt_impuestoPreguntas`, `t_impuestoDeclaracionRespuestaIdDeclarante`) VALUES(168, 6, '¿Nos Autorizan TODOS los miembros de la Unidad Familiar a enviar por Internet la declaración?', 'SI', NULL, '', 36, 8);
INSERT INTO `t_impuestodeclaracionrespuesta` (`idt_impuestoDeclaracionRespuesta`, `t_impuestoDeclaracion_idt_impuestoDeclaracion`, `t_impuestoDeclaracionRespuestaPregunta`, `t_impuestoDeclaracionRespuestaRespuesta`, `t_impuestoDeclaracionRespuestaTituloObser`, `t_impuestoDeclaracionRespuestaObservacion`, `t_impuestoPreguntas_idt_impuestoPreguntas`, `t_impuestoDeclaracionRespuestaIdDeclarante`) VALUES(169, 6, 'En caso de pago ¿Desea Fraccionar el Pago?', 'SI', NULL, '', 37, 8);
INSERT INTO `t_impuestodeclaracionrespuesta` (`idt_impuestoDeclaracionRespuesta`, `t_impuestoDeclaracion_idt_impuestoDeclaracion`, `t_impuestoDeclaracionRespuestaPregunta`, `t_impuestoDeclaracionRespuestaRespuesta`, `t_impuestoDeclaracionRespuestaTituloObser`, `t_impuestoDeclaracionRespuestaObservacion`, `t_impuestoPreguntas_idt_impuestoPreguntas`, `t_impuestoDeclaracionRespuestaIdDeclarante`) VALUES(170, 6, '¿Proporciona fecha de validez de los DNI del Grupo Familiar?', 'NO', 'Las fechas de validez de los DNI de los integrantes del Grupo Familiar son:', '', 38, 8);
INSERT INTO `t_impuestodeclaracionrespuesta` (`idt_impuestoDeclaracionRespuesta`, `t_impuestoDeclaracion_idt_impuestoDeclaracion`, `t_impuestoDeclaracionRespuestaPregunta`, `t_impuestoDeclaracionRespuestaRespuesta`, `t_impuestoDeclaracionRespuestaTituloObser`, `t_impuestoDeclaracionRespuestaObservacion`, `t_impuestoPreguntas_idt_impuestoPreguntas`, `t_impuestoDeclaracionRespuestaIdDeclarante`) VALUES(171, 6, '¿Ha habido algún cambio en la Situación Familiar con respecto a la Renta anterior?', 'NO', 'En relación al cambio en la Situación Familiar con respecto a la Renta del año anterior el Declarante manifiesta:', '', 2, 9);
INSERT INTO `t_impuestodeclaracionrespuesta` (`idt_impuestoDeclaracionRespuesta`, `t_impuestoDeclaracion_idt_impuestoDeclaracion`, `t_impuestoDeclaracionRespuestaPregunta`, `t_impuestoDeclaracionRespuestaRespuesta`, `t_impuestoDeclaracionRespuestaTituloObser`, `t_impuestoDeclaracionRespuestaObservacion`, `t_impuestoPreguntas_idt_impuestoPreguntas`, `t_impuestoDeclaracionRespuestaIdDeclarante`) VALUES(172, 6, '¿Nos ha traído la Declaración de la Renta del Ejercicio Anterior?', 'NO', NULL, '', 1, 9);
INSERT INTO `t_impuestodeclaracionrespuesta` (`idt_impuestoDeclaracionRespuesta`, `t_impuestoDeclaracion_idt_impuestoDeclaracion`, `t_impuestoDeclaracionRespuestaPregunta`, `t_impuestoDeclaracionRespuestaRespuesta`, `t_impuestoDeclaracionRespuestaTituloObser`, `t_impuestoDeclaracionRespuestaObservacion`, `t_impuestoPreguntas_idt_impuestoPreguntas`, `t_impuestoDeclaracionRespuestaIdDeclarante`) VALUES(173, 6, '¿Tiene Ascendientes (Padres, Abuelos, etc) a su cargo?', 'NO', 'En Relación al Ascendiente que convive con el Declarante se manifiesta:', '', 5, 9);
INSERT INTO `t_impuestodeclaracionrespuesta` (`idt_impuestoDeclaracionRespuesta`, `t_impuestoDeclaracion_idt_impuestoDeclaracion`, `t_impuestoDeclaracionRespuestaPregunta`, `t_impuestoDeclaracionRespuestaRespuesta`, `t_impuestoDeclaracionRespuestaTituloObser`, `t_impuestoDeclaracionRespuestaObservacion`, `t_impuestoPreguntas_idt_impuestoPreguntas`, `t_impuestoDeclaracionRespuestaIdDeclarante`) VALUES(174, 6, '¿Existe Alguna Discapacidad en la Familia?', 'SI', 'En Relación a la Discapacidad se manifiesta:', 'Manifiesta NO haber cobrado todos los meses que le corresponden de Deducción por Discapacidad', 6, 9);
INSERT INTO `t_impuestodeclaracionrespuesta` (`idt_impuestoDeclaracionRespuesta`, `t_impuestoDeclaracion_idt_impuestoDeclaracion`, `t_impuestoDeclaracionRespuestaPregunta`, `t_impuestoDeclaracionRespuestaRespuesta`, `t_impuestoDeclaracionRespuestaTituloObser`, `t_impuestoDeclaracionRespuestaObservacion`, `t_impuestoPreguntas_idt_impuestoPreguntas`, `t_impuestoDeclaracionRespuestaIdDeclarante`) VALUES(175, 6, '¿Ha Cambiado de Domicilio y desea marcarlo?\r\n', 'SI', NULL, '', 9, 9);
INSERT INTO `t_impuestodeclaracionrespuesta` (`idt_impuestoDeclaracionRespuesta`, `t_impuestoDeclaracion_idt_impuestoDeclaracion`, `t_impuestoDeclaracionRespuestaPregunta`, `t_impuestoDeclaracionRespuestaRespuesta`, `t_impuestoDeclaracionRespuestaTituloObser`, `t_impuestoDeclaracionRespuestaObservacion`, `t_impuestoPreguntas_idt_impuestoPreguntas`, `t_impuestoDeclaracionRespuestaIdDeclarante`) VALUES(176, 6, '¿Hay Bases / Deducciones / Cantidades Pendientes de Compensar del Ejercicio Anterior?\r\n', 'SI', NULL, '', 10, 9);
INSERT INTO `t_impuestodeclaracionrespuesta` (`idt_impuestoDeclaracionRespuesta`, `t_impuestoDeclaracion_idt_impuestoDeclaracion`, `t_impuestoDeclaracionRespuestaPregunta`, `t_impuestoDeclaracionRespuestaRespuesta`, `t_impuestoDeclaracionRespuestaTituloObser`, `t_impuestoDeclaracionRespuestaObservacion`, `t_impuestoPreguntas_idt_impuestoPreguntas`, `t_impuestoDeclaracionRespuestaIdDeclarante`) VALUES(177, 6, '¿Hay Bases / Deducciones / Cantidades Pendientes de Compensar del Ejercicio Anterior?\r\n', 'SI', NULL, '', 10, 9);
INSERT INTO `t_impuestodeclaracionrespuesta` (`idt_impuestoDeclaracionRespuesta`, `t_impuestoDeclaracion_idt_impuestoDeclaracion`, `t_impuestoDeclaracionRespuestaPregunta`, `t_impuestoDeclaracionRespuestaRespuesta`, `t_impuestoDeclaracionRespuestaTituloObser`, `t_impuestoDeclaracionRespuestaObservacion`, `t_impuestoPreguntas_idt_impuestoPreguntas`, `t_impuestoDeclaracionRespuestaIdDeclarante`) VALUES(178, 6, '¿Nos ha traído los Certificados de Ingresos de las Todas las Empresas en las que ha trabajado?', 'SI', NULL, '', 12, 9);
INSERT INTO `t_impuestodeclaracionrespuesta` (`idt_impuestoDeclaracionRespuesta`, `t_impuestoDeclaracion_idt_impuestoDeclaracion`, `t_impuestoDeclaracionRespuestaPregunta`, `t_impuestoDeclaracionRespuestaRespuesta`, `t_impuestoDeclaracionRespuestaTituloObser`, `t_impuestoDeclaracionRespuestaObservacion`, `t_impuestoPreguntas_idt_impuestoPreguntas`, `t_impuestoDeclaracionRespuestaIdDeclarante`) VALUES(179, 6, '¿Ha vuelto a trabajar en alguna empresa que le hubiera despedido en los 3 últimos años?', 'NO', 'El Cliente ha vuelto a vincularse a la Empresa que le despidió hace menos de 3 años y se manifiesta: ', '', 13, 9);
INSERT INTO `t_impuestodeclaracionrespuesta` (`idt_impuestoDeclaracionRespuesta`, `t_impuestoDeclaracion_idt_impuestoDeclaracion`, `t_impuestoDeclaracionRespuestaPregunta`, `t_impuestoDeclaracionRespuestaRespuesta`, `t_impuestoDeclaracionRespuestaTituloObser`, `t_impuestoDeclaracionRespuestaObservacion`, `t_impuestoPreguntas_idt_impuestoPreguntas`, `t_impuestoDeclaracionRespuestaIdDeclarante`) VALUES(180, 6, '¿Paga Cuota de Sindicato?', 'SI', 'Cuota de Sindicato Pagada Anualmente que manifiesta el Cliente:', NULL, 14, 9);
INSERT INTO `t_impuestodeclaracionrespuesta` (`idt_impuestoDeclaracionRespuesta`, `t_impuestoDeclaracion_idt_impuestoDeclaracion`, `t_impuestoDeclaracionRespuestaPregunta`, `t_impuestoDeclaracionRespuestaRespuesta`, `t_impuestoDeclaracionRespuestaTituloObser`, `t_impuestoDeclaracionRespuestaObservacion`, `t_impuestoPreguntas_idt_impuestoPreguntas`, `t_impuestoDeclaracionRespuestaIdDeclarante`) VALUES(181, 6, '¿Paga Cuota de Colegio Profesional?', 'SI', 'Cuota de Colegio Profesional Pagada Anualmente que manifiesta el Cliente:', NULL, 15, 9);
INSERT INTO `t_impuestodeclaracionrespuesta` (`idt_impuestoDeclaracionRespuesta`, `t_impuestoDeclaracion_idt_impuestoDeclaracion`, `t_impuestoDeclaracionRespuestaPregunta`, `t_impuestoDeclaracionRespuestaRespuesta`, `t_impuestoDeclaracionRespuestaTituloObser`, `t_impuestoDeclaracionRespuestaObservacion`, `t_impuestoPreguntas_idt_impuestoPreguntas`, `t_impuestoDeclaracionRespuestaIdDeclarante`) VALUES(182, 6, '¿Ha cobrado alguna Pensión del Extranjero?', 'SI', 'En Relación al Cobro de Pensión en el Extranjero se manifiesta:', 'El Cliente NO aporta documentos que acrediten el Cobro TOTAL de la Pensión del Extranjero', 16, 9);
INSERT INTO `t_impuestodeclaracionrespuesta` (`idt_impuestoDeclaracionRespuesta`, `t_impuestoDeclaracion_idt_impuestoDeclaracion`, `t_impuestoDeclaracionRespuestaPregunta`, `t_impuestoDeclaracionRespuestaRespuesta`, `t_impuestoDeclaracionRespuestaTituloObser`, `t_impuestoDeclaracionRespuestaObservacion`, `t_impuestoPreguntas_idt_impuestoPreguntas`, `t_impuestoDeclaracionRespuestaIdDeclarante`) VALUES(183, 6, '¿Ha sido despedido de alguna Empresa o ha tenido algún Juicio o ha Cobrado algo de un Juicio Anterior?', 'NO', 'Situación a Informar en Caso de Despido - Juicio - FOGASA, etc:', '', 17, 9);
INSERT INTO `t_impuestodeclaracionrespuesta` (`idt_impuestoDeclaracionRespuesta`, `t_impuestoDeclaracion_idt_impuestoDeclaracion`, `t_impuestoDeclaracionRespuestaPregunta`, `t_impuestoDeclaracionRespuestaRespuesta`, `t_impuestoDeclaracionRespuestaTituloObser`, `t_impuestoDeclaracionRespuestaObservacion`, `t_impuestoPreguntas_idt_impuestoPreguntas`, `t_impuestoDeclaracionRespuestaIdDeclarante`) VALUES(184, 6, '¿Ha Cobrado Alguna Pensión Compensatoria Usted o alguno de sus hijos a cargo?', 'NO', 'En Relación a la Pensión Compensatoria y/o Anualidades por Alimentos el Cliente manifiesta:', '', 19, 9);
INSERT INTO `t_impuestodeclaracionrespuesta` (`idt_impuestoDeclaracionRespuesta`, `t_impuestoDeclaracion_idt_impuestoDeclaracion`, `t_impuestoDeclaracionRespuestaPregunta`, `t_impuestoDeclaracionRespuestaRespuesta`, `t_impuestoDeclaracionRespuestaTituloObser`, `t_impuestoDeclaracionRespuestaObservacion`, `t_impuestoPreguntas_idt_impuestoPreguntas`, `t_impuestoDeclaracionRespuestaIdDeclarante`) VALUES(185, 6, '¿Tiene algún ingreso Bancario, Dividendo, etc, que NO venga en los Datos Fiscales? ¿Particip. Preferentes?', 'SI', 'En Relación a los RC Mobiliario y/o Preferentes se manifiesta lo siguiente:', NULL, 20, 9);
INSERT INTO `t_impuestodeclaracionrespuesta` (`idt_impuestoDeclaracionRespuesta`, `t_impuestoDeclaracion_idt_impuestoDeclaracion`, `t_impuestoDeclaracionRespuestaPregunta`, `t_impuestoDeclaracionRespuestaRespuesta`, `t_impuestoDeclaracionRespuestaTituloObser`, `t_impuestoDeclaracionRespuestaObservacion`, `t_impuestoPreguntas_idt_impuestoPreguntas`, `t_impuestoDeclaracionRespuestaIdDeclarante`) VALUES(186, 6, '¿Es propietario de algún Inmueble que tenga Alquilado?', 'SI', 'En Relación al Arrendamiento de Inmuebles se manifiesta lo siguiente:', NULL, 21, 9);
INSERT INTO `t_impuestodeclaracionrespuesta` (`idt_impuestoDeclaracionRespuesta`, `t_impuestoDeclaracion_idt_impuestoDeclaracion`, `t_impuestoDeclaracionRespuestaPregunta`, `t_impuestoDeclaracionRespuestaRespuesta`, `t_impuestoDeclaracionRespuestaTituloObser`, `t_impuestoDeclaracionRespuestaObservacion`, `t_impuestoPreguntas_idt_impuestoPreguntas`, `t_impuestoDeclaracionRespuestaIdDeclarante`) VALUES(187, 6, '¿Tiene algún Inmueble que NO venga en los Datos Fiscales?', 'NO', 'En Relación a Inmuebles que NO vienen en los Datos Fiscales se manifiesta:', '', 22, 9);
INSERT INTO `t_impuestodeclaracionrespuesta` (`idt_impuestoDeclaracionRespuesta`, `t_impuestoDeclaracion_idt_impuestoDeclaracion`, `t_impuestoDeclaracionRespuestaPregunta`, `t_impuestoDeclaracionRespuestaRespuesta`, `t_impuestoDeclaracionRespuestaTituloObser`, `t_impuestoDeclaracionRespuestaObservacion`, `t_impuestoPreguntas_idt_impuestoPreguntas`, `t_impuestoDeclaracionRespuestaIdDeclarante`) VALUES(188, 6, '¿Ejerce algún tipo de Actividad Económica o Profesional?', 'NO', 'En Relación al Ejercicio de una Actividad Económica se manifiesta:', '', 23, 9);
INSERT INTO `t_impuestodeclaracionrespuesta` (`idt_impuestoDeclaracionRespuesta`, `t_impuestoDeclaracion_idt_impuestoDeclaracion`, `t_impuestoDeclaracionRespuestaPregunta`, `t_impuestoDeclaracionRespuestaRespuesta`, `t_impuestoDeclaracionRespuestaTituloObser`, `t_impuestoDeclaracionRespuestaObservacion`, `t_impuestoPreguntas_idt_impuestoPreguntas`, `t_impuestoDeclaracionRespuestaIdDeclarante`) VALUES(189, 6, '¿Ha vendido Acciones o cualquier otro Producto Financiero que NO venga en los Datos Fiscales?', 'NO', 'En Relación a la Venta de Acciones se manifiesta:', '', 24, 9);
INSERT INTO `t_impuestodeclaracionrespuesta` (`idt_impuestoDeclaracionRespuesta`, `t_impuestoDeclaracion_idt_impuestoDeclaracion`, `t_impuestoDeclaracionRespuestaPregunta`, `t_impuestoDeclaracionRespuestaRespuesta`, `t_impuestoDeclaracionRespuestaTituloObser`, `t_impuestoDeclaracionRespuestaObservacion`, `t_impuestoPreguntas_idt_impuestoPreguntas`, `t_impuestoDeclaracionRespuestaIdDeclarante`) VALUES(190, 6, '¿Ha transmitido algún Inmueble en el ejercicio (Venta - Donación - Dación en Pago - Ejecución Hip.)?', 'NO', 'En Relación a la Venta de Inmueble se manifiesta:', '', 25, 9);
INSERT INTO `t_impuestodeclaracionrespuesta` (`idt_impuestoDeclaracionRespuesta`, `t_impuestoDeclaracion_idt_impuestoDeclaracion`, `t_impuestoDeclaracionRespuestaPregunta`, `t_impuestoDeclaracionRespuestaRespuesta`, `t_impuestoDeclaracionRespuestaTituloObser`, `t_impuestoDeclaracionRespuestaObservacion`, `t_impuestoPreguntas_idt_impuestoPreguntas`, `t_impuestoDeclaracionRespuestaIdDeclarante`) VALUES(191, 6, '¿Tiene Cláusula Suelo - Gastos de Hipoteca que haya reclamado y recibido del Banco?', 'NO', 'En Relación a Cláusulas Suelo y Gastos de Hipoteca:', '', 26, 9);
INSERT INTO `t_impuestodeclaracionrespuesta` (`idt_impuestoDeclaracionRespuesta`, `t_impuestoDeclaracion_idt_impuestoDeclaracion`, `t_impuestoDeclaracionRespuestaPregunta`, `t_impuestoDeclaracionRespuestaRespuesta`, `t_impuestoDeclaracionRespuestaTituloObser`, `t_impuestoDeclaracionRespuestaObservacion`, `t_impuestoPreguntas_idt_impuestoPreguntas`, `t_impuestoDeclaracionRespuestaIdDeclarante`) VALUES(192, 6, '¿Tiene deducción por haber comprado su Vivienda ANTES de 01 de Enero de 2013?', 'SI', 'El Cliente manifiesta que tiene Derecho a la Deducción por Adquisición de Vivienda anterior al 01 de Enero de 2013:', NULL, 28, 9);
INSERT INTO `t_impuestodeclaracionrespuesta` (`idt_impuestoDeclaracionRespuesta`, `t_impuestoDeclaracion_idt_impuestoDeclaracion`, `t_impuestoDeclaracionRespuestaPregunta`, `t_impuestoDeclaracionRespuestaRespuesta`, `t_impuestoDeclaracionRespuestaTituloObser`, `t_impuestoDeclaracionRespuestaObservacion`, `t_impuestoPreguntas_idt_impuestoPreguntas`, `t_impuestoDeclaracionRespuestaIdDeclarante`) VALUES(193, 6, '¿Vive de Alquiler y tiene Contrato Propio a su Nombre ANTERIOR al 01 de Enero de 2015?', 'SI', 'El Cliente manifiesta que vive de Alquiler y se deja constancia de:', NULL, 29, 9);
INSERT INTO `t_impuestodeclaracionrespuesta` (`idt_impuestoDeclaracionRespuesta`, `t_impuestoDeclaracion_idt_impuestoDeclaracion`, `t_impuestoDeclaracionRespuestaPregunta`, `t_impuestoDeclaracionRespuestaRespuesta`, `t_impuestoDeclaracionRespuestaTituloObser`, `t_impuestoDeclaracionRespuestaObservacion`, `t_impuestoPreguntas_idt_impuestoPreguntas`, `t_impuestoDeclaracionRespuestaIdDeclarante`) VALUES(194, 6, '¿Ha realizado Donativos a Entidades sin ánimo de Lucro?', 'SI', NULL, '', 33, 9);
INSERT INTO `t_impuestodeclaracionrespuesta` (`idt_impuestoDeclaracionRespuesta`, `t_impuestoDeclaracion_idt_impuestoDeclaracion`, `t_impuestoDeclaracionRespuestaPregunta`, `t_impuestoDeclaracionRespuestaRespuesta`, `t_impuestoDeclaracionRespuestaTituloObser`, `t_impuestoDeclaracionRespuestaObservacion`, `t_impuestoPreguntas_idt_impuestoPreguntas`, `t_impuestoDeclaracionRespuestaIdDeclarante`) VALUES(195, 6, '¿En la Cuenta que nos ha traído para la Devolución o el Pago Figura como Titular de la misma?', 'SI', NULL, '', 35, 9);
INSERT INTO `t_impuestodeclaracionrespuesta` (`idt_impuestoDeclaracionRespuesta`, `t_impuestoDeclaracion_idt_impuestoDeclaracion`, `t_impuestoDeclaracionRespuestaPregunta`, `t_impuestoDeclaracionRespuestaRespuesta`, `t_impuestoDeclaracionRespuestaTituloObser`, `t_impuestoDeclaracionRespuestaObservacion`, `t_impuestoPreguntas_idt_impuestoPreguntas`, `t_impuestoDeclaracionRespuestaIdDeclarante`) VALUES(196, 6, '¿Nos Autorizan TODOS los miembros de la Unidad Familiar a enviar por Internet la declaración?', 'SI', NULL, '', 36, 9);
INSERT INTO `t_impuestodeclaracionrespuesta` (`idt_impuestoDeclaracionRespuesta`, `t_impuestoDeclaracion_idt_impuestoDeclaracion`, `t_impuestoDeclaracionRespuestaPregunta`, `t_impuestoDeclaracionRespuestaRespuesta`, `t_impuestoDeclaracionRespuestaTituloObser`, `t_impuestoDeclaracionRespuestaObservacion`, `t_impuestoPreguntas_idt_impuestoPreguntas`, `t_impuestoDeclaracionRespuestaIdDeclarante`) VALUES(197, 6, 'En caso de pago ¿Desea Fraccionar el Pago?', 'SI', NULL, '', 37, 9);
INSERT INTO `t_impuestodeclaracionrespuesta` (`idt_impuestoDeclaracionRespuesta`, `t_impuestoDeclaracion_idt_impuestoDeclaracion`, `t_impuestoDeclaracionRespuestaPregunta`, `t_impuestoDeclaracionRespuestaRespuesta`, `t_impuestoDeclaracionRespuestaTituloObser`, `t_impuestoDeclaracionRespuestaObservacion`, `t_impuestoPreguntas_idt_impuestoPreguntas`, `t_impuestoDeclaracionRespuestaIdDeclarante`) VALUES(198, 6, '¿Proporciona fecha de validez de los DNI del Grupo Familiar?', 'NO', 'Las fechas de validez de los DNI de los integrantes del Grupo Familiar son:', '', 38, 9);
INSERT INTO `t_impuestodeclaracionrespuesta` (`idt_impuestoDeclaracionRespuesta`, `t_impuestoDeclaracion_idt_impuestoDeclaracion`, `t_impuestoDeclaracionRespuestaPregunta`, `t_impuestoDeclaracionRespuestaRespuesta`, `t_impuestoDeclaracionRespuestaTituloObser`, `t_impuestoDeclaracionRespuestaObservacion`, `t_impuestoPreguntas_idt_impuestoPreguntas`, `t_impuestoDeclaracionRespuestaIdDeclarante`) VALUES(199, 7, '¿Ha habido algún cambio en la Situación Familiar con respecto a la Renta anterior?', 'NO', 'En relación al cambio en la Situación Familiar con respecto a la Renta del año anterior el Declarante manifiesta:', '', 2, 10);
INSERT INTO `t_impuestodeclaracionrespuesta` (`idt_impuestoDeclaracionRespuesta`, `t_impuestoDeclaracion_idt_impuestoDeclaracion`, `t_impuestoDeclaracionRespuestaPregunta`, `t_impuestoDeclaracionRespuestaRespuesta`, `t_impuestoDeclaracionRespuestaTituloObser`, `t_impuestoDeclaracionRespuestaObservacion`, `t_impuestoPreguntas_idt_impuestoPreguntas`, `t_impuestoDeclaracionRespuestaIdDeclarante`) VALUES(200, 7, '¿Nos ha traído la Declaración de la Renta del Ejercicio Anterior?', 'SI', NULL, '', 1, 10);
INSERT INTO `t_impuestodeclaracionrespuesta` (`idt_impuestoDeclaracionRespuesta`, `t_impuestoDeclaracion_idt_impuestoDeclaracion`, `t_impuestoDeclaracionRespuestaPregunta`, `t_impuestoDeclaracionRespuestaRespuesta`, `t_impuestoDeclaracionRespuestaTituloObser`, `t_impuestoDeclaracionRespuestaObservacion`, `t_impuestoPreguntas_idt_impuestoPreguntas`, `t_impuestoDeclaracionRespuestaIdDeclarante`) VALUES(201, 7, '¿Es Usted Familia Numerosa?', 'SI', NULL, '', 4, 10);
INSERT INTO `t_impuestodeclaracionrespuesta` (`idt_impuestoDeclaracionRespuesta`, `t_impuestoDeclaracion_idt_impuestoDeclaracion`, `t_impuestoDeclaracionRespuestaPregunta`, `t_impuestoDeclaracionRespuestaRespuesta`, `t_impuestoDeclaracionRespuestaTituloObser`, `t_impuestoDeclaracionRespuestaObservacion`, `t_impuestoPreguntas_idt_impuestoPreguntas`, `t_impuestoDeclaracionRespuestaIdDeclarante`) VALUES(202, 7, '¿Tiene Ascendientes (Padres, Abuelos, etc) a su cargo?', 'SI', 'En Relación al Ascendiente que convive con el Declarante se manifiesta:', 'NO se pueden Obtener los Datos Fiscales del ASCENDIENTE ni el Cliente los Aporta.', 5, 10);
INSERT INTO `t_impuestodeclaracionrespuesta` (`idt_impuestoDeclaracionRespuesta`, `t_impuestoDeclaracion_idt_impuestoDeclaracion`, `t_impuestoDeclaracionRespuestaPregunta`, `t_impuestoDeclaracionRespuestaRespuesta`, `t_impuestoDeclaracionRespuestaTituloObser`, `t_impuestoDeclaracionRespuestaObservacion`, `t_impuestoPreguntas_idt_impuestoPreguntas`, `t_impuestoDeclaracionRespuestaIdDeclarante`) VALUES(203, 7, '¿Existe Alguna Discapacidad en la Familia?', 'SI', 'En Relación a la Discapacidad se manifiesta:', 'Manifiesta haber trabajado y cobrado prestación todo el año y por tanto tiene derecho a la Ded. Por Discapacidad.', 6, 10);
INSERT INTO `t_impuestodeclaracionrespuesta` (`idt_impuestoDeclaracionRespuesta`, `t_impuestoDeclaracion_idt_impuestoDeclaracion`, `t_impuestoDeclaracionRespuestaPregunta`, `t_impuestoDeclaracionRespuestaRespuesta`, `t_impuestoDeclaracionRespuestaTituloObser`, `t_impuestoDeclaracionRespuestaObservacion`, `t_impuestoPreguntas_idt_impuestoPreguntas`, `t_impuestoDeclaracionRespuestaIdDeclarante`) VALUES(204, 7, '¿Tiene algún Hijo < de 25 años que haya tenido Ingresos o sea Titular de Algún Bien Inmueble?', 'NO', 'En Relación a los Ingresos de los Hijos el Cliente Manifiesta:', '', 7, 10);
INSERT INTO `t_impuestodeclaracionrespuesta` (`idt_impuestoDeclaracionRespuesta`, `t_impuestoDeclaracion_idt_impuestoDeclaracion`, `t_impuestoDeclaracionRespuestaPregunta`, `t_impuestoDeclaracionRespuestaRespuesta`, `t_impuestoDeclaracionRespuestaTituloObser`, `t_impuestoDeclaracionRespuestaObservacion`, `t_impuestoPreguntas_idt_impuestoPreguntas`, `t_impuestoDeclaracionRespuestaIdDeclarante`) VALUES(205, 7, '¿Tiene algún Hijo Menor de 3 años por el que tenga derecho a la deducción por maternidad?', 'SI', 'En Relación a la Deducción por Maternidad se manifiesta:', 'Se Confirma que la Madre ha Cobrado toda la Deducción por Maternidad.', 8, 10);
INSERT INTO `t_impuestodeclaracionrespuesta` (`idt_impuestoDeclaracionRespuesta`, `t_impuestoDeclaracion_idt_impuestoDeclaracion`, `t_impuestoDeclaracionRespuestaPregunta`, `t_impuestoDeclaracionRespuestaRespuesta`, `t_impuestoDeclaracionRespuestaTituloObser`, `t_impuestoDeclaracionRespuestaObservacion`, `t_impuestoPreguntas_idt_impuestoPreguntas`, `t_impuestoDeclaracionRespuestaIdDeclarante`) VALUES(206, 7, '¿Ha Cambiado de Domicilio y desea marcarlo?\r\n', 'NO', NULL, '', 9, 10);
INSERT INTO `t_impuestodeclaracionrespuesta` (`idt_impuestoDeclaracionRespuesta`, `t_impuestoDeclaracion_idt_impuestoDeclaracion`, `t_impuestoDeclaracionRespuestaPregunta`, `t_impuestoDeclaracionRespuestaRespuesta`, `t_impuestoDeclaracionRespuestaTituloObser`, `t_impuestoDeclaracionRespuestaObservacion`, `t_impuestoPreguntas_idt_impuestoPreguntas`, `t_impuestoDeclaracionRespuestaIdDeclarante`) VALUES(207, 7, '¿Hay Bases / Deducciones / Cantidades Pendientes de Compensar del Ejercicio Anterior?\r\n', 'SI', NULL, '', 10, 10);
INSERT INTO `t_impuestodeclaracionrespuesta` (`idt_impuestoDeclaracionRespuesta`, `t_impuestoDeclaracion_idt_impuestoDeclaracion`, `t_impuestoDeclaracionRespuestaPregunta`, `t_impuestoDeclaracionRespuestaRespuesta`, `t_impuestoDeclaracionRespuestaTituloObser`, `t_impuestoDeclaracionRespuestaObservacion`, `t_impuestoPreguntas_idt_impuestoPreguntas`, `t_impuestoDeclaracionRespuestaIdDeclarante`) VALUES(208, 7, '¿A dónde elige que vaya a parar el 0,7 % de sus impuestos?\r\n', 'SI', 'En Relación a la Asignación Tributaria el Cliente manifesta:\r\n', 'A la Iglesia Católica', 11, 10);
INSERT INTO `t_impuestodeclaracionrespuesta` (`idt_impuestoDeclaracionRespuesta`, `t_impuestoDeclaracion_idt_impuestoDeclaracion`, `t_impuestoDeclaracionRespuestaPregunta`, `t_impuestoDeclaracionRespuestaRespuesta`, `t_impuestoDeclaracionRespuestaTituloObser`, `t_impuestoDeclaracionRespuestaObservacion`, `t_impuestoPreguntas_idt_impuestoPreguntas`, `t_impuestoDeclaracionRespuestaIdDeclarante`) VALUES(209, 7, '¿Nos ha traído los Certificados de Ingresos de las Todas las Empresas en las que ha trabajado?', 'SI', NULL, '', 12, 10);
INSERT INTO `t_impuestodeclaracionrespuesta` (`idt_impuestoDeclaracionRespuesta`, `t_impuestoDeclaracion_idt_impuestoDeclaracion`, `t_impuestoDeclaracionRespuestaPregunta`, `t_impuestoDeclaracionRespuestaRespuesta`, `t_impuestoDeclaracionRespuestaTituloObser`, `t_impuestoDeclaracionRespuestaObservacion`, `t_impuestoPreguntas_idt_impuestoPreguntas`, `t_impuestoDeclaracionRespuestaIdDeclarante`) VALUES(210, 7, '¿Ha vuelto a trabajar en alguna empresa que le hubiera despedido en los 3 últimos años?', 'NO', 'El Cliente ha vuelto a vincularse a la Empresa que le despidió hace menos de 3 años y se manifiesta: ', '', 13, 10);
INSERT INTO `t_impuestodeclaracionrespuesta` (`idt_impuestoDeclaracionRespuesta`, `t_impuestoDeclaracion_idt_impuestoDeclaracion`, `t_impuestoDeclaracionRespuestaPregunta`, `t_impuestoDeclaracionRespuestaRespuesta`, `t_impuestoDeclaracionRespuestaTituloObser`, `t_impuestoDeclaracionRespuestaObservacion`, `t_impuestoPreguntas_idt_impuestoPreguntas`, `t_impuestoDeclaracionRespuestaIdDeclarante`) VALUES(211, 7, '¿Paga Cuota de Sindicato?', 'SI', 'Cuota de Sindicato Pagada Anualmente que manifiesta el Cliente:', 'Cuota: 10€', 14, 10);
INSERT INTO `t_impuestodeclaracionrespuesta` (`idt_impuestoDeclaracionRespuesta`, `t_impuestoDeclaracion_idt_impuestoDeclaracion`, `t_impuestoDeclaracionRespuestaPregunta`, `t_impuestoDeclaracionRespuestaRespuesta`, `t_impuestoDeclaracionRespuestaTituloObser`, `t_impuestoDeclaracionRespuestaObservacion`, `t_impuestoPreguntas_idt_impuestoPreguntas`, `t_impuestoDeclaracionRespuestaIdDeclarante`) VALUES(212, 7, '¿Paga Cuota de Colegio Profesional?', 'NO', 'Cuota de Colegio Profesional Pagada Anualmente que manifiesta el Cliente:', '', 15, 10);
INSERT INTO `t_impuestodeclaracionrespuesta` (`idt_impuestoDeclaracionRespuesta`, `t_impuestoDeclaracion_idt_impuestoDeclaracion`, `t_impuestoDeclaracionRespuestaPregunta`, `t_impuestoDeclaracionRespuestaRespuesta`, `t_impuestoDeclaracionRespuestaTituloObser`, `t_impuestoDeclaracionRespuestaObservacion`, `t_impuestoPreguntas_idt_impuestoPreguntas`, `t_impuestoDeclaracionRespuestaIdDeclarante`) VALUES(213, 7, '¿Ha cobrado alguna Pensión del Extranjero?', 'SI', 'En Relación al Cobro de Pensión en el Extranjero se manifiesta:', 'El Cliente manifiesta que la cantidad que ha ganado en el año por la Pensión del Extranjero ha sido de 2000 euros', 16, 10);
INSERT INTO `t_impuestodeclaracionrespuesta` (`idt_impuestoDeclaracionRespuesta`, `t_impuestoDeclaracion_idt_impuestoDeclaracion`, `t_impuestoDeclaracionRespuestaPregunta`, `t_impuestoDeclaracionRespuestaRespuesta`, `t_impuestoDeclaracionRespuestaTituloObser`, `t_impuestoDeclaracionRespuestaObservacion`, `t_impuestoPreguntas_idt_impuestoPreguntas`, `t_impuestoDeclaracionRespuestaIdDeclarante`) VALUES(214, 7, '¿Ha sido despedido de alguna Empresa o ha tenido algún Juicio o ha Cobrado algo de un Juicio Anterior?', 'NO', 'Situación a Informar en Caso de Despido - Juicio - FOGASA, etc:', '', 17, 10);
INSERT INTO `t_impuestodeclaracionrespuesta` (`idt_impuestoDeclaracionRespuesta`, `t_impuestoDeclaracion_idt_impuestoDeclaracion`, `t_impuestoDeclaracionRespuestaPregunta`, `t_impuestoDeclaracionRespuestaRespuesta`, `t_impuestoDeclaracionRespuestaTituloObser`, `t_impuestoDeclaracionRespuestaObservacion`, `t_impuestoPreguntas_idt_impuestoPreguntas`, `t_impuestoDeclaracionRespuestaIdDeclarante`) VALUES(215, 7, '¿Ha Cobrado Alguna Pensión Compensatoria Usted o alguno de sus hijos a cargo?', 'NO', 'En Relación a la Pensión Compensatoria y/o Anualidades por Alimentos el Cliente manifiesta:', '', 19, 10);
INSERT INTO `t_impuestodeclaracionrespuesta` (`idt_impuestoDeclaracionRespuesta`, `t_impuestoDeclaracion_idt_impuestoDeclaracion`, `t_impuestoDeclaracionRespuestaPregunta`, `t_impuestoDeclaracionRespuestaRespuesta`, `t_impuestoDeclaracionRespuestaTituloObser`, `t_impuestoDeclaracionRespuestaObservacion`, `t_impuestoPreguntas_idt_impuestoPreguntas`, `t_impuestoDeclaracionRespuestaIdDeclarante`) VALUES(216, 7, '¿Tiene algún ingreso Bancario, Dividendo, etc, que NO venga en los Datos Fiscales? ¿Particip. Preferentes?', 'SI', 'En Relación a los RC Mobiliario y/o Preferentes se manifiesta lo siguiente:', 'Se informa al Cliente que los Rendimientos Negativos del Canje de Preferentes que ha tenido, se pueden compensar con el Beneficio que pueda obtener cuando venda las acciones que le han dado a cambio.', 20, 10);
INSERT INTO `t_impuestodeclaracionrespuesta` (`idt_impuestoDeclaracionRespuesta`, `t_impuestoDeclaracion_idt_impuestoDeclaracion`, `t_impuestoDeclaracionRespuestaPregunta`, `t_impuestoDeclaracionRespuestaRespuesta`, `t_impuestoDeclaracionRespuestaTituloObser`, `t_impuestoDeclaracionRespuestaObservacion`, `t_impuestoPreguntas_idt_impuestoPreguntas`, `t_impuestoDeclaracionRespuestaIdDeclarante`) VALUES(217, 7, '¿Es propietario de algún Inmueble que tenga Alquilado?', 'SI', 'En Relación al Arrendamiento de Inmuebles se manifiesta lo siguiente:', 'Nos dice el Importe del Alquiler pero no trae las Facturas o Recibos', 21, 10);
INSERT INTO `t_impuestodeclaracionrespuesta` (`idt_impuestoDeclaracionRespuesta`, `t_impuestoDeclaracion_idt_impuestoDeclaracion`, `t_impuestoDeclaracionRespuestaPregunta`, `t_impuestoDeclaracionRespuestaRespuesta`, `t_impuestoDeclaracionRespuestaTituloObser`, `t_impuestoDeclaracionRespuestaObservacion`, `t_impuestoPreguntas_idt_impuestoPreguntas`, `t_impuestoDeclaracionRespuestaIdDeclarante`) VALUES(218, 7, '¿Tiene algún Inmueble que NO venga en los Datos Fiscales?', 'SI', 'En Relación a Inmuebles que NO vienen en los Datos Fiscales se manifiesta:', 'El Cliente manifiesta que ha heredado unos Inmuebles que todavia no aparecen en la Información Fiscal pero que hay que declarar', 22, 10);
INSERT INTO `t_impuestodeclaracionrespuesta` (`idt_impuestoDeclaracionRespuesta`, `t_impuestoDeclaracion_idt_impuestoDeclaracion`, `t_impuestoDeclaracionRespuestaPregunta`, `t_impuestoDeclaracionRespuestaRespuesta`, `t_impuestoDeclaracionRespuestaTituloObser`, `t_impuestoDeclaracionRespuestaObservacion`, `t_impuestoPreguntas_idt_impuestoPreguntas`, `t_impuestoDeclaracionRespuestaIdDeclarante`) VALUES(219, 7, '¿Ha vendido Acciones o cualquier otro Producto Financiero que NO venga en los Datos Fiscales?', 'NO', 'En Relación a la Venta de Acciones se manifiesta:', '', 24, 10);
INSERT INTO `t_impuestodeclaracionrespuesta` (`idt_impuestoDeclaracionRespuesta`, `t_impuestoDeclaracion_idt_impuestoDeclaracion`, `t_impuestoDeclaracionRespuestaPregunta`, `t_impuestoDeclaracionRespuestaRespuesta`, `t_impuestoDeclaracionRespuestaTituloObser`, `t_impuestoDeclaracionRespuestaObservacion`, `t_impuestoPreguntas_idt_impuestoPreguntas`, `t_impuestoDeclaracionRespuestaIdDeclarante`) VALUES(220, 7, '¿Ha transmitido algún Inmueble en el ejercicio (Venta - Donación - Dación en Pago - Ejecución Hip.)?', 'NO', 'En Relación a la Venta de Inmueble se manifiesta:', '', 25, 10);
INSERT INTO `t_impuestodeclaracionrespuesta` (`idt_impuestoDeclaracionRespuesta`, `t_impuestoDeclaracion_idt_impuestoDeclaracion`, `t_impuestoDeclaracionRespuestaPregunta`, `t_impuestoDeclaracionRespuestaRespuesta`, `t_impuestoDeclaracionRespuestaTituloObser`, `t_impuestoDeclaracionRespuestaObservacion`, `t_impuestoPreguntas_idt_impuestoPreguntas`, `t_impuestoDeclaracionRespuestaIdDeclarante`) VALUES(221, 7, '¿Tiene Cláusula Suelo - Gastos de Hipoteca que haya reclamado y recibido del Banco?', 'SI', 'En Relación a Cláusulas Suelo y Gastos de Hipoteca:', 'Está reclamado pero aun sin resolución', 26, 10);
INSERT INTO `t_impuestodeclaracionrespuesta` (`idt_impuestoDeclaracionRespuesta`, `t_impuestoDeclaracion_idt_impuestoDeclaracion`, `t_impuestoDeclaracionRespuestaPregunta`, `t_impuestoDeclaracionRespuestaRespuesta`, `t_impuestoDeclaracionRespuestaTituloObser`, `t_impuestoDeclaracionRespuestaObservacion`, `t_impuestoPreguntas_idt_impuestoPreguntas`, `t_impuestoDeclaracionRespuestaIdDeclarante`) VALUES(222, 7, '¿Ha cobrado algún tipo de Subvención en el Ejercicio?', 'SI', 'En Relación con el Cobro de Subvenciones el Cliente manifiesta:', 'El Cliente aporta Documentación que Acredita que es una Ayuda para Compensar Defectos Estructurales en su Vivienda Habitual y por tanto se declara en 4 años', 27, 10);
INSERT INTO `t_impuestodeclaracionrespuesta` (`idt_impuestoDeclaracionRespuesta`, `t_impuestoDeclaracion_idt_impuestoDeclaracion`, `t_impuestoDeclaracionRespuestaPregunta`, `t_impuestoDeclaracionRespuestaRespuesta`, `t_impuestoDeclaracionRespuestaTituloObser`, `t_impuestoDeclaracionRespuestaObservacion`, `t_impuestoPreguntas_idt_impuestoPreguntas`, `t_impuestoDeclaracionRespuestaIdDeclarante`) VALUES(223, 7, '¿Tiene deducción por haber comprado su Vivienda ANTES de 01 de Enero de 2013?', 'SI', 'El Cliente manifiesta que tiene Derecho a la Deducción por Adquisición de Vivienda anterior al 01 de Enero de 2013:', 'El Cliente manifiesta que el Préstamo Hipotecario que paga NUNCA fue ampliado', 28, 10);
INSERT INTO `t_impuestodeclaracionrespuesta` (`idt_impuestoDeclaracionRespuesta`, `t_impuestoDeclaracion_idt_impuestoDeclaracion`, `t_impuestoDeclaracionRespuestaPregunta`, `t_impuestoDeclaracionRespuestaRespuesta`, `t_impuestoDeclaracionRespuestaTituloObser`, `t_impuestoDeclaracionRespuestaObservacion`, `t_impuestoPreguntas_idt_impuestoPreguntas`, `t_impuestoDeclaracionRespuestaIdDeclarante`) VALUES(224, 7, '¿Vive de Alquiler y tiene Contrato Propio a su Nombre ANTERIOR al 01 de Enero de 2015?', 'NO', 'El Cliente manifiesta que vive de Alquiler y se deja constancia de:', '', 29, 10);
INSERT INTO `t_impuestodeclaracionrespuesta` (`idt_impuestoDeclaracionRespuesta`, `t_impuestoDeclaracion_idt_impuestoDeclaracion`, `t_impuestoDeclaracionRespuestaPregunta`, `t_impuestoDeclaracionRespuestaRespuesta`, `t_impuestoDeclaracionRespuestaTituloObser`, `t_impuestoDeclaracionRespuestaObservacion`, `t_impuestoPreguntas_idt_impuestoPreguntas`, `t_impuestoDeclaracionRespuestaIdDeclarante`) VALUES(225, 7, '¿Sus Hijos van a Colegio Privado? (Deducción Autonómica por Gastos de Escolaridad Obligatorios)', 'NO', NULL, '', 30, 10);
INSERT INTO `t_impuestodeclaracionrespuesta` (`idt_impuestoDeclaracionRespuesta`, `t_impuestoDeclaracion_idt_impuestoDeclaracion`, `t_impuestoDeclaracionRespuestaPregunta`, `t_impuestoDeclaracionRespuestaRespuesta`, `t_impuestoDeclaracionRespuestaTituloObser`, `t_impuestoDeclaracionRespuestaObservacion`, `t_impuestoPreguntas_idt_impuestoPreguntas`, `t_impuestoDeclaracionRespuestaIdDeclarante`) VALUES(226, 7, '¿Sus hijos van a clases de Idiomas? (Deducción Autonómica por Gastos de Enseñanza de Idiomas)', 'NO', NULL, '', 31, 10);
INSERT INTO `t_impuestodeclaracionrespuesta` (`idt_impuestoDeclaracionRespuesta`, `t_impuestoDeclaracion_idt_impuestoDeclaracion`, `t_impuestoDeclaracionRespuestaPregunta`, `t_impuestoDeclaracionRespuestaRespuesta`, `t_impuestoDeclaracionRespuestaTituloObser`, `t_impuestoDeclaracionRespuestaObservacion`, `t_impuestoPreguntas_idt_impuestoPreguntas`, `t_impuestoDeclaracionRespuestaIdDeclarante`) VALUES(227, 7, '¿En el Colegio sus Hijos tienen Uniforme Obligatorio a partir de Primaria?', 'SI', NULL, '', 32, 10);
INSERT INTO `t_impuestodeclaracionrespuesta` (`idt_impuestoDeclaracionRespuesta`, `t_impuestoDeclaracion_idt_impuestoDeclaracion`, `t_impuestoDeclaracionRespuestaPregunta`, `t_impuestoDeclaracionRespuestaRespuesta`, `t_impuestoDeclaracionRespuestaTituloObser`, `t_impuestoDeclaracionRespuestaObservacion`, `t_impuestoPreguntas_idt_impuestoPreguntas`, `t_impuestoDeclaracionRespuestaIdDeclarante`) VALUES(228, 7, '¿Ha realizado Donativos a Entidades sin ánimo de Lucro?', 'NO', NULL, '', 33, 10);
INSERT INTO `t_impuestodeclaracionrespuesta` (`idt_impuestoDeclaracionRespuesta`, `t_impuestoDeclaracion_idt_impuestoDeclaracion`, `t_impuestoDeclaracionRespuestaPregunta`, `t_impuestoDeclaracionRespuestaRespuesta`, `t_impuestoDeclaracionRespuestaTituloObser`, `t_impuestoDeclaracionRespuestaObservacion`, `t_impuestoPreguntas_idt_impuestoPreguntas`, `t_impuestoDeclaracionRespuestaIdDeclarante`) VALUES(229, 7, '¿Paga Anualidades por Alimentos a Hijos o Pensión Compensatoria a un Ex-Cónyuge?', 'SI', 'El Cliente PAGA cantidades por Pensión Compensatoria o Anualidades por Alimentos y los datos son:', 'Se ha pagado en Concepto de Anualidades por Alimentos la Cantidad Anual de 500 euros', 34, 10);
INSERT INTO `t_impuestodeclaracionrespuesta` (`idt_impuestoDeclaracionRespuesta`, `t_impuestoDeclaracion_idt_impuestoDeclaracion`, `t_impuestoDeclaracionRespuestaPregunta`, `t_impuestoDeclaracionRespuestaRespuesta`, `t_impuestoDeclaracionRespuestaTituloObser`, `t_impuestoDeclaracionRespuestaObservacion`, `t_impuestoPreguntas_idt_impuestoPreguntas`, `t_impuestoDeclaracionRespuestaIdDeclarante`) VALUES(230, 7, '¿En la Cuenta que nos ha traído para la Devolución o el Pago Figura como Titular de la misma?', 'SI', NULL, '', 35, 10);
INSERT INTO `t_impuestodeclaracionrespuesta` (`idt_impuestoDeclaracionRespuesta`, `t_impuestoDeclaracion_idt_impuestoDeclaracion`, `t_impuestoDeclaracionRespuestaPregunta`, `t_impuestoDeclaracionRespuestaRespuesta`, `t_impuestoDeclaracionRespuestaTituloObser`, `t_impuestoDeclaracionRespuestaObservacion`, `t_impuestoPreguntas_idt_impuestoPreguntas`, `t_impuestoDeclaracionRespuestaIdDeclarante`) VALUES(231, 7, '¿Nos Autorizan TODOS los miembros de la Unidad Familiar a enviar por Internet la declaración?', 'SI', NULL, '', 36, 10);
INSERT INTO `t_impuestodeclaracionrespuesta` (`idt_impuestoDeclaracionRespuesta`, `t_impuestoDeclaracion_idt_impuestoDeclaracion`, `t_impuestoDeclaracionRespuestaPregunta`, `t_impuestoDeclaracionRespuestaRespuesta`, `t_impuestoDeclaracionRespuestaTituloObser`, `t_impuestoDeclaracionRespuestaObservacion`, `t_impuestoPreguntas_idt_impuestoPreguntas`, `t_impuestoDeclaracionRespuestaIdDeclarante`) VALUES(232, 7, 'En caso de pago ¿Desea Fraccionar el Pago?', 'SI', NULL, '', 37, 10);
INSERT INTO `t_impuestodeclaracionrespuesta` (`idt_impuestoDeclaracionRespuesta`, `t_impuestoDeclaracion_idt_impuestoDeclaracion`, `t_impuestoDeclaracionRespuestaPregunta`, `t_impuestoDeclaracionRespuestaRespuesta`, `t_impuestoDeclaracionRespuestaTituloObser`, `t_impuestoDeclaracionRespuestaObservacion`, `t_impuestoPreguntas_idt_impuestoPreguntas`, `t_impuestoDeclaracionRespuestaIdDeclarante`) VALUES(233, 7, '¿Proporciona fecha de validez de los DNI del Grupo Familiar?', 'SI', 'Las fechas de validez de los DNI de los integrantes del Grupo Familiar son:', '25-10-2022', 38, 10);
INSERT INTO `t_impuestodeclaracionrespuesta` (`idt_impuestoDeclaracionRespuesta`, `t_impuestoDeclaracion_idt_impuestoDeclaracion`, `t_impuestoDeclaracionRespuestaPregunta`, `t_impuestoDeclaracionRespuestaRespuesta`, `t_impuestoDeclaracionRespuestaTituloObser`, `t_impuestoDeclaracionRespuestaObservacion`, `t_impuestoPreguntas_idt_impuestoPreguntas`, `t_impuestoDeclaracionRespuestaIdDeclarante`) VALUES(234, 8, '¿Ha tenido algún ingreso adicional a la  Pensión por jubilación?', 'NO', 'En relación al ingreso adicional a la Pensión por Jubilación el declarante manifiesta:', '', 3, 11);
INSERT INTO `t_impuestodeclaracionrespuesta` (`idt_impuestoDeclaracionRespuesta`, `t_impuestoDeclaracion_idt_impuestoDeclaracion`, `t_impuestoDeclaracionRespuestaPregunta`, `t_impuestoDeclaracionRespuestaRespuesta`, `t_impuestoDeclaracionRespuestaTituloObser`, `t_impuestoDeclaracionRespuestaObservacion`, `t_impuestoPreguntas_idt_impuestoPreguntas`, `t_impuestoDeclaracionRespuestaIdDeclarante`) VALUES(235, 8, '¿Nos ha traído la Declaración de la Renta del Ejercicio Anterior?', 'NO', NULL, '', 1, 11);
INSERT INTO `t_impuestodeclaracionrespuesta` (`idt_impuestoDeclaracionRespuesta`, `t_impuestoDeclaracion_idt_impuestoDeclaracion`, `t_impuestoDeclaracionRespuestaPregunta`, `t_impuestoDeclaracionRespuestaRespuesta`, `t_impuestoDeclaracionRespuestaTituloObser`, `t_impuestoDeclaracionRespuestaObservacion`, `t_impuestoPreguntas_idt_impuestoPreguntas`, `t_impuestoDeclaracionRespuestaIdDeclarante`) VALUES(236, 8, '¿Tiene Ascendientes (Padres, Abuelos, etc) a su cargo?', 'SI', 'En Relación al Ascendiente que convive con el Declarante se manifiesta:', 'Se nos manifiesta que el ASCENDIENTE NO ha Declarado NI presentado Borrador.', 5, 11);
INSERT INTO `t_impuestodeclaracionrespuesta` (`idt_impuestoDeclaracionRespuesta`, `t_impuestoDeclaracion_idt_impuestoDeclaracion`, `t_impuestoDeclaracionRespuestaPregunta`, `t_impuestoDeclaracionRespuestaRespuesta`, `t_impuestoDeclaracionRespuestaTituloObser`, `t_impuestoDeclaracionRespuestaObservacion`, `t_impuestoPreguntas_idt_impuestoPreguntas`, `t_impuestoDeclaracionRespuestaIdDeclarante`) VALUES(237, 8, '¿Existe Alguna Discapacidad en la Familia?', 'SI', 'En Relación a la Discapacidad se manifiesta:', 'Manifiesta NO haber cobrado todos los meses que le corresponden de Deducción por Discapacidad', 6, 11);
INSERT INTO `t_impuestodeclaracionrespuesta` (`idt_impuestoDeclaracionRespuesta`, `t_impuestoDeclaracion_idt_impuestoDeclaracion`, `t_impuestoDeclaracionRespuestaPregunta`, `t_impuestoDeclaracionRespuestaRespuesta`, `t_impuestoDeclaracionRespuestaTituloObser`, `t_impuestoDeclaracionRespuestaObservacion`, `t_impuestoPreguntas_idt_impuestoPreguntas`, `t_impuestoDeclaracionRespuestaIdDeclarante`) VALUES(238, 8, '¿Ha Cambiado de Domicilio y desea marcarlo?\r\n', 'SI', NULL, '', 9, 11);
INSERT INTO `t_impuestodeclaracionrespuesta` (`idt_impuestoDeclaracionRespuesta`, `t_impuestoDeclaracion_idt_impuestoDeclaracion`, `t_impuestoDeclaracionRespuestaPregunta`, `t_impuestoDeclaracionRespuestaRespuesta`, `t_impuestoDeclaracionRespuestaTituloObser`, `t_impuestoDeclaracionRespuestaObservacion`, `t_impuestoPreguntas_idt_impuestoPreguntas`, `t_impuestoDeclaracionRespuestaIdDeclarante`) VALUES(239, 8, '¿Hay Bases / Deducciones / Cantidades Pendientes de Compensar del Ejercicio Anterior?\r\n', 'SI', NULL, '', 10, 11);
INSERT INTO `t_impuestodeclaracionrespuesta` (`idt_impuestoDeclaracionRespuesta`, `t_impuestoDeclaracion_idt_impuestoDeclaracion`, `t_impuestoDeclaracionRespuestaPregunta`, `t_impuestoDeclaracionRespuestaRespuesta`, `t_impuestoDeclaracionRespuestaTituloObser`, `t_impuestoDeclaracionRespuestaObservacion`, `t_impuestoPreguntas_idt_impuestoPreguntas`, `t_impuestoDeclaracionRespuestaIdDeclarante`) VALUES(240, 8, '¿A dónde elige que vaya a parar el 0,7 % de sus impuestos?\r\n', 'SI', 'En Relación a la Asignación Tributaria el Cliente manifesta:\r\n', 'A las dos', 11, 11);
INSERT INTO `t_impuestodeclaracionrespuesta` (`idt_impuestoDeclaracionRespuesta`, `t_impuestoDeclaracion_idt_impuestoDeclaracion`, `t_impuestoDeclaracionRespuestaPregunta`, `t_impuestoDeclaracionRespuestaRespuesta`, `t_impuestoDeclaracionRespuestaTituloObser`, `t_impuestoDeclaracionRespuestaObservacion`, `t_impuestoPreguntas_idt_impuestoPreguntas`, `t_impuestoDeclaracionRespuestaIdDeclarante`) VALUES(241, 8, '¿Ha cobrado alguna Pensión del Extranjero?', 'SI', 'En Relación al Cobro de Pensión en el Extranjero se manifiesta:', 'El Cliente NO aporta documentos que acrediten el Cobro TOTAL de la Pensión del Extranjero', 16, 11);
INSERT INTO `t_impuestodeclaracionrespuesta` (`idt_impuestoDeclaracionRespuesta`, `t_impuestoDeclaracion_idt_impuestoDeclaracion`, `t_impuestoDeclaracionRespuestaPregunta`, `t_impuestoDeclaracionRespuestaRespuesta`, `t_impuestoDeclaracionRespuestaTituloObser`, `t_impuestoDeclaracionRespuestaObservacion`, `t_impuestoPreguntas_idt_impuestoPreguntas`, `t_impuestoDeclaracionRespuestaIdDeclarante`) VALUES(242, 8, '¿Tiene algún ingreso Bancario, Dividendo, etc, que NO venga en los Datos Fiscales? ¿Particip. Preferentes?', 'SI', 'En Relación a los RC Mobiliario y/o Preferentes se manifiesta lo siguiente:', 'Se informa al Cliente que si está esperando Sentencia Judicial o Arbitraje posiblemente tenga que rectificar la Declaración del Año en el que declaró el canje de las preferentes para valorar la operación por el importe que diga la Sentencia.', 20, 11);
INSERT INTO `t_impuestodeclaracionrespuesta` (`idt_impuestoDeclaracionRespuesta`, `t_impuestoDeclaracion_idt_impuestoDeclaracion`, `t_impuestoDeclaracionRespuestaPregunta`, `t_impuestoDeclaracionRespuestaRespuesta`, `t_impuestoDeclaracionRespuestaTituloObser`, `t_impuestoDeclaracionRespuestaObservacion`, `t_impuestoPreguntas_idt_impuestoPreguntas`, `t_impuestoDeclaracionRespuestaIdDeclarante`) VALUES(243, 8, '¿Es propietario de algún Inmueble que tenga Alquilado?', 'SI', 'En Relación al Arrendamiento de Inmuebles se manifiesta lo siguiente:', 'Ha estado Alquilado TODO el año', 21, 11);
INSERT INTO `t_impuestodeclaracionrespuesta` (`idt_impuestoDeclaracionRespuesta`, `t_impuestoDeclaracion_idt_impuestoDeclaracion`, `t_impuestoDeclaracionRespuestaPregunta`, `t_impuestoDeclaracionRespuestaRespuesta`, `t_impuestoDeclaracionRespuestaTituloObser`, `t_impuestoDeclaracionRespuestaObservacion`, `t_impuestoPreguntas_idt_impuestoPreguntas`, `t_impuestoDeclaracionRespuestaIdDeclarante`) VALUES(244, 8, '¿Tiene algún Inmueble que NO venga en los Datos Fiscales?', 'SI', 'En Relación a Inmuebles que NO vienen en los Datos Fiscales se manifiesta:', 'El Cliente manifiesta Verbalmente que tiene los siguientes Inmuebles', 22, 11);
INSERT INTO `t_impuestodeclaracionrespuesta` (`idt_impuestoDeclaracionRespuesta`, `t_impuestoDeclaracion_idt_impuestoDeclaracion`, `t_impuestoDeclaracionRespuestaPregunta`, `t_impuestoDeclaracionRespuestaRespuesta`, `t_impuestoDeclaracionRespuestaTituloObser`, `t_impuestoDeclaracionRespuestaObservacion`, `t_impuestoPreguntas_idt_impuestoPreguntas`, `t_impuestoDeclaracionRespuestaIdDeclarante`) VALUES(245, 8, '¿Ejerce algún tipo de Actividad Económica o Profesional?', 'SI', 'En Relación al Ejercicio de una Actividad Económica se manifiesta:', 'Frutero', 23, 11);
INSERT INTO `t_impuestodeclaracionrespuesta` (`idt_impuestoDeclaracionRespuesta`, `t_impuestoDeclaracion_idt_impuestoDeclaracion`, `t_impuestoDeclaracionRespuestaPregunta`, `t_impuestoDeclaracionRespuestaRespuesta`, `t_impuestoDeclaracionRespuestaTituloObser`, `t_impuestoDeclaracionRespuestaObservacion`, `t_impuestoPreguntas_idt_impuestoPreguntas`, `t_impuestoDeclaracionRespuestaIdDeclarante`) VALUES(246, 8, '¿Ha vendido Acciones o cualquier otro Producto Financiero que NO venga en los Datos Fiscales?', 'NO', 'En Relación a la Venta de Acciones se manifiesta:', '', 24, 11);
INSERT INTO `t_impuestodeclaracionrespuesta` (`idt_impuestoDeclaracionRespuesta`, `t_impuestoDeclaracion_idt_impuestoDeclaracion`, `t_impuestoDeclaracionRespuestaPregunta`, `t_impuestoDeclaracionRespuestaRespuesta`, `t_impuestoDeclaracionRespuestaTituloObser`, `t_impuestoDeclaracionRespuestaObservacion`, `t_impuestoPreguntas_idt_impuestoPreguntas`, `t_impuestoDeclaracionRespuestaIdDeclarante`) VALUES(247, 8, '¿Ha transmitido algún Inmueble en el ejercicio (Venta - Donación - Dación en Pago - Ejecución Hip.)?', 'SI', 'En Relación a la Venta de Inmueble se manifiesta:', 'En Caso de Reinversión el Cliente también aporta los Datos de Cancelación de la Hipoteca anterior y el porcentaje que esta Hipoteca representaba en la Primera Hipoteca de Adquisición', 25, 11);
INSERT INTO `t_impuestodeclaracionrespuesta` (`idt_impuestoDeclaracionRespuesta`, `t_impuestoDeclaracion_idt_impuestoDeclaracion`, `t_impuestoDeclaracionRespuestaPregunta`, `t_impuestoDeclaracionRespuestaRespuesta`, `t_impuestoDeclaracionRespuestaTituloObser`, `t_impuestoDeclaracionRespuestaObservacion`, `t_impuestoPreguntas_idt_impuestoPreguntas`, `t_impuestoDeclaracionRespuestaIdDeclarante`) VALUES(248, 8, '¿Tiene Cláusula Suelo - Gastos de Hipoteca que haya reclamado y recibido del Banco?', 'NO', 'En Relación a Cláusulas Suelo y Gastos de Hipoteca:', '', 26, 11);
INSERT INTO `t_impuestodeclaracionrespuesta` (`idt_impuestoDeclaracionRespuesta`, `t_impuestoDeclaracion_idt_impuestoDeclaracion`, `t_impuestoDeclaracionRespuestaPregunta`, `t_impuestoDeclaracionRespuestaRespuesta`, `t_impuestoDeclaracionRespuestaTituloObser`, `t_impuestoDeclaracionRespuestaObservacion`, `t_impuestoPreguntas_idt_impuestoPreguntas`, `t_impuestoDeclaracionRespuestaIdDeclarante`) VALUES(249, 8, '¿Ha cobrado algún tipo de Subvención en el Ejercicio?', 'SI', 'En Relación con el Cobro de Subvenciones el Cliente manifiesta:', 'El Cliente indica que la Ayuda Recibida es el Plan PIVE pero NO Acredita su importe simplemente manifiesta que es la Cantidad: 5000€', 27, 11);
INSERT INTO `t_impuestodeclaracionrespuesta` (`idt_impuestoDeclaracionRespuesta`, `t_impuestoDeclaracion_idt_impuestoDeclaracion`, `t_impuestoDeclaracionRespuestaPregunta`, `t_impuestoDeclaracionRespuestaRespuesta`, `t_impuestoDeclaracionRespuestaTituloObser`, `t_impuestoDeclaracionRespuestaObservacion`, `t_impuestoPreguntas_idt_impuestoPreguntas`, `t_impuestoDeclaracionRespuestaIdDeclarante`) VALUES(250, 8, '¿Tiene deducción por haber comprado su Vivienda ANTES de 01 de Enero de 2013?', 'SI', 'El Cliente manifiesta que tiene Derecho a la Deducción por Adquisición de Vivienda anterior al 01 de Enero de 2013:', 'El Cliente manifiesta que el Préstamo hipotecario que paga está ligado a la Compra de la Vivienda', 28, 11);
INSERT INTO `t_impuestodeclaracionrespuesta` (`idt_impuestoDeclaracionRespuesta`, `t_impuestoDeclaracion_idt_impuestoDeclaracion`, `t_impuestoDeclaracionRespuestaPregunta`, `t_impuestoDeclaracionRespuestaRespuesta`, `t_impuestoDeclaracionRespuestaTituloObser`, `t_impuestoDeclaracionRespuestaObservacion`, `t_impuestoPreguntas_idt_impuestoPreguntas`, `t_impuestoDeclaracionRespuestaIdDeclarante`) VALUES(251, 8, '¿Vive de Alquiler y tiene Contrato Propio a su Nombre ANTERIOR al 01 de Enero de 2015?', 'NO', 'El Cliente manifiesta que vive de Alquiler y se deja constancia de:', '', 29, 11);
INSERT INTO `t_impuestodeclaracionrespuesta` (`idt_impuestoDeclaracionRespuesta`, `t_impuestoDeclaracion_idt_impuestoDeclaracion`, `t_impuestoDeclaracionRespuestaPregunta`, `t_impuestoDeclaracionRespuestaRespuesta`, `t_impuestoDeclaracionRespuestaTituloObser`, `t_impuestoDeclaracionRespuestaObservacion`, `t_impuestoPreguntas_idt_impuestoPreguntas`, `t_impuestoDeclaracionRespuestaIdDeclarante`) VALUES(252, 8, '¿Ha realizado Donativos a Entidades sin ánimo de Lucro?', 'SI', NULL, '', 33, 11);
INSERT INTO `t_impuestodeclaracionrespuesta` (`idt_impuestoDeclaracionRespuesta`, `t_impuestoDeclaracion_idt_impuestoDeclaracion`, `t_impuestoDeclaracionRespuestaPregunta`, `t_impuestoDeclaracionRespuestaRespuesta`, `t_impuestoDeclaracionRespuestaTituloObser`, `t_impuestoDeclaracionRespuestaObservacion`, `t_impuestoPreguntas_idt_impuestoPreguntas`, `t_impuestoDeclaracionRespuestaIdDeclarante`) VALUES(253, 8, '¿En la Cuenta que nos ha traído para la Devolución o el Pago Figura como Titular de la misma?', 'SI', NULL, '', 35, 11);
INSERT INTO `t_impuestodeclaracionrespuesta` (`idt_impuestoDeclaracionRespuesta`, `t_impuestoDeclaracion_idt_impuestoDeclaracion`, `t_impuestoDeclaracionRespuestaPregunta`, `t_impuestoDeclaracionRespuestaRespuesta`, `t_impuestoDeclaracionRespuestaTituloObser`, `t_impuestoDeclaracionRespuestaObservacion`, `t_impuestoPreguntas_idt_impuestoPreguntas`, `t_impuestoDeclaracionRespuestaIdDeclarante`) VALUES(254, 8, '¿Nos Autorizan TODOS los miembros de la Unidad Familiar a enviar por Internet la declaración?', 'SI', NULL, '', 36, 11);
INSERT INTO `t_impuestodeclaracionrespuesta` (`idt_impuestoDeclaracionRespuesta`, `t_impuestoDeclaracion_idt_impuestoDeclaracion`, `t_impuestoDeclaracionRespuestaPregunta`, `t_impuestoDeclaracionRespuestaRespuesta`, `t_impuestoDeclaracionRespuestaTituloObser`, `t_impuestoDeclaracionRespuestaObservacion`, `t_impuestoPreguntas_idt_impuestoPreguntas`, `t_impuestoDeclaracionRespuestaIdDeclarante`) VALUES(255, 8, 'En caso de pago ¿Desea Fraccionar el Pago?', 'SI', NULL, '', 37, 11);
INSERT INTO `t_impuestodeclaracionrespuesta` (`idt_impuestoDeclaracionRespuesta`, `t_impuestoDeclaracion_idt_impuestoDeclaracion`, `t_impuestoDeclaracionRespuestaPregunta`, `t_impuestoDeclaracionRespuestaRespuesta`, `t_impuestoDeclaracionRespuestaTituloObser`, `t_impuestoDeclaracionRespuestaObservacion`, `t_impuestoPreguntas_idt_impuestoPreguntas`, `t_impuestoDeclaracionRespuestaIdDeclarante`) VALUES(256, 8, '¿Proporciona fecha de validez de los DNI del Grupo Familiar?', 'SI', 'Las fechas de validez de los DNI de los integrantes del Grupo Familiar son:', '11-12-2020', 38, 11);
INSERT INTO `t_impuestodeclaracionrespuesta` (`idt_impuestoDeclaracionRespuesta`, `t_impuestoDeclaracion_idt_impuestoDeclaracion`, `t_impuestoDeclaracionRespuestaPregunta`, `t_impuestoDeclaracionRespuestaRespuesta`, `t_impuestoDeclaracionRespuestaTituloObser`, `t_impuestoDeclaracionRespuestaObservacion`, `t_impuestoPreguntas_idt_impuestoPreguntas`, `t_impuestoDeclaracionRespuestaIdDeclarante`) VALUES(257, 9, '¿Ha tenido algún ingreso adicional a la  Pensión por jubilación?', 'SI', 'En relación al ingreso adicional a la Pensión por Jubilación el declarante manifiesta:', '500€', 3, 12);
INSERT INTO `t_impuestodeclaracionrespuesta` (`idt_impuestoDeclaracionRespuesta`, `t_impuestoDeclaracion_idt_impuestoDeclaracion`, `t_impuestoDeclaracionRespuestaPregunta`, `t_impuestoDeclaracionRespuestaRespuesta`, `t_impuestoDeclaracionRespuestaTituloObser`, `t_impuestoDeclaracionRespuestaObservacion`, `t_impuestoPreguntas_idt_impuestoPreguntas`, `t_impuestoDeclaracionRespuestaIdDeclarante`) VALUES(258, 9, '¿Nos ha traído la Declaración de la Renta del Ejercicio Anterior?', 'SI', NULL, '', 1, 12);
INSERT INTO `t_impuestodeclaracionrespuesta` (`idt_impuestoDeclaracionRespuesta`, `t_impuestoDeclaracion_idt_impuestoDeclaracion`, `t_impuestoDeclaracionRespuestaPregunta`, `t_impuestoDeclaracionRespuestaRespuesta`, `t_impuestoDeclaracionRespuestaTituloObser`, `t_impuestoDeclaracionRespuestaObservacion`, `t_impuestoPreguntas_idt_impuestoPreguntas`, `t_impuestoDeclaracionRespuestaIdDeclarante`) VALUES(259, 9, '¿Tiene Ascendientes (Padres, Abuelos, etc) a su cargo?', 'NO', 'En Relación al Ascendiente que convive con el Declarante se manifiesta:', '', 5, 12);
INSERT INTO `t_impuestodeclaracionrespuesta` (`idt_impuestoDeclaracionRespuesta`, `t_impuestoDeclaracion_idt_impuestoDeclaracion`, `t_impuestoDeclaracionRespuestaPregunta`, `t_impuestoDeclaracionRespuestaRespuesta`, `t_impuestoDeclaracionRespuestaTituloObser`, `t_impuestoDeclaracionRespuestaObservacion`, `t_impuestoPreguntas_idt_impuestoPreguntas`, `t_impuestoDeclaracionRespuestaIdDeclarante`) VALUES(260, 9, '¿Existe Alguna Discapacidad en la Familia?', 'NO', 'En Relación a la Discapacidad se manifiesta:', '', 6, 12);
INSERT INTO `t_impuestodeclaracionrespuesta` (`idt_impuestoDeclaracionRespuesta`, `t_impuestoDeclaracion_idt_impuestoDeclaracion`, `t_impuestoDeclaracionRespuestaPregunta`, `t_impuestoDeclaracionRespuestaRespuesta`, `t_impuestoDeclaracionRespuestaTituloObser`, `t_impuestoDeclaracionRespuestaObservacion`, `t_impuestoPreguntas_idt_impuestoPreguntas`, `t_impuestoDeclaracionRespuestaIdDeclarante`) VALUES(261, 9, '¿Ha Cambiado de Domicilio y desea marcarlo?\r\n', 'SI', NULL, '', 9, 12);
INSERT INTO `t_impuestodeclaracionrespuesta` (`idt_impuestoDeclaracionRespuesta`, `t_impuestoDeclaracion_idt_impuestoDeclaracion`, `t_impuestoDeclaracionRespuestaPregunta`, `t_impuestoDeclaracionRespuestaRespuesta`, `t_impuestoDeclaracionRespuestaTituloObser`, `t_impuestoDeclaracionRespuestaObservacion`, `t_impuestoPreguntas_idt_impuestoPreguntas`, `t_impuestoDeclaracionRespuestaIdDeclarante`) VALUES(262, 9, '¿Hay Bases / Deducciones / Cantidades Pendientes de Compensar del Ejercicio Anterior?\r\n', 'SI', NULL, '', 10, 12);
INSERT INTO `t_impuestodeclaracionrespuesta` (`idt_impuestoDeclaracionRespuesta`, `t_impuestoDeclaracion_idt_impuestoDeclaracion`, `t_impuestoDeclaracionRespuestaPregunta`, `t_impuestoDeclaracionRespuestaRespuesta`, `t_impuestoDeclaracionRespuestaTituloObser`, `t_impuestoDeclaracionRespuestaObservacion`, `t_impuestoPreguntas_idt_impuestoPreguntas`, `t_impuestoDeclaracionRespuestaIdDeclarante`) VALUES(263, 9, '¿A dónde elige que vaya a parar el 0,7 % de sus impuestos?\r\n', 'SI', 'En Relación a la Asignación Tributaria el Cliente manifesta:\r\n', 'A la Iglesia Católica', 11, 12);
INSERT INTO `t_impuestodeclaracionrespuesta` (`idt_impuestoDeclaracionRespuesta`, `t_impuestoDeclaracion_idt_impuestoDeclaracion`, `t_impuestoDeclaracionRespuestaPregunta`, `t_impuestoDeclaracionRespuestaRespuesta`, `t_impuestoDeclaracionRespuestaTituloObser`, `t_impuestoDeclaracionRespuestaObservacion`, `t_impuestoPreguntas_idt_impuestoPreguntas`, `t_impuestoDeclaracionRespuestaIdDeclarante`) VALUES(264, 9, '¿Ha cobrado alguna Pensión del Extranjero?', 'SI', 'En Relación al Cobro de Pensión en el Extranjero se manifiesta:', 'El Cliente NO aporta documentos que acrediten el Cobro TOTAL de la Pensión del Extranjero', 16, 12);
INSERT INTO `t_impuestodeclaracionrespuesta` (`idt_impuestoDeclaracionRespuesta`, `t_impuestoDeclaracion_idt_impuestoDeclaracion`, `t_impuestoDeclaracionRespuestaPregunta`, `t_impuestoDeclaracionRespuestaRespuesta`, `t_impuestoDeclaracionRespuestaTituloObser`, `t_impuestoDeclaracionRespuestaObservacion`, `t_impuestoPreguntas_idt_impuestoPreguntas`, `t_impuestoDeclaracionRespuestaIdDeclarante`) VALUES(265, 9, '¿Tiene algún ingreso Bancario, Dividendo, etc, que NO venga en los Datos Fiscales? ¿Particip. Preferentes?', 'SI', 'En Relación a los RC Mobiliario y/o Preferentes se manifiesta lo siguiente:', 'Se informa al Cliente que los Rendimientos Negativos del Canje de Preferentes que ha tenido, se pueden compensar con el Beneficio que pueda obtener cuando venda las acciones que le han dado a cambio.', 20, 12);
INSERT INTO `t_impuestodeclaracionrespuesta` (`idt_impuestoDeclaracionRespuesta`, `t_impuestoDeclaracion_idt_impuestoDeclaracion`, `t_impuestoDeclaracionRespuestaPregunta`, `t_impuestoDeclaracionRespuestaRespuesta`, `t_impuestoDeclaracionRespuestaTituloObser`, `t_impuestoDeclaracionRespuestaObservacion`, `t_impuestoPreguntas_idt_impuestoPreguntas`, `t_impuestoDeclaracionRespuestaIdDeclarante`) VALUES(266, 9, '¿Es propietario de algún Inmueble que tenga Alquilado?', 'SI', 'En Relación al Arrendamiento de Inmuebles se manifiesta lo siguiente:', 'Nos dice el Importe del Alquiler pero no trae las Facturas o Recibos', 21, 12);
INSERT INTO `t_impuestodeclaracionrespuesta` (`idt_impuestoDeclaracionRespuesta`, `t_impuestoDeclaracion_idt_impuestoDeclaracion`, `t_impuestoDeclaracionRespuestaPregunta`, `t_impuestoDeclaracionRespuestaRespuesta`, `t_impuestoDeclaracionRespuestaTituloObser`, `t_impuestoDeclaracionRespuestaObservacion`, `t_impuestoPreguntas_idt_impuestoPreguntas`, `t_impuestoDeclaracionRespuestaIdDeclarante`) VALUES(267, 9, '¿Tiene algún Inmueble que NO venga en los Datos Fiscales?', 'SI', 'En Relación a Inmuebles que NO vienen en los Datos Fiscales se manifiesta:', 'El Cliente manifiesta que ha heredado unos Inmuebles que todavia no aparecen en la Información Fiscal pero que hay que declarar', 22, 12);
INSERT INTO `t_impuestodeclaracionrespuesta` (`idt_impuestoDeclaracionRespuesta`, `t_impuestoDeclaracion_idt_impuestoDeclaracion`, `t_impuestoDeclaracionRespuestaPregunta`, `t_impuestoDeclaracionRespuestaRespuesta`, `t_impuestoDeclaracionRespuestaTituloObser`, `t_impuestoDeclaracionRespuestaObservacion`, `t_impuestoPreguntas_idt_impuestoPreguntas`, `t_impuestoDeclaracionRespuestaIdDeclarante`) VALUES(268, 9, '¿Ejerce algún tipo de Actividad Económica o Profesional?', 'NO', 'En Relación al Ejercicio de una Actividad Económica se manifiesta:', '', 23, 12);
INSERT INTO `t_impuestodeclaracionrespuesta` (`idt_impuestoDeclaracionRespuesta`, `t_impuestoDeclaracion_idt_impuestoDeclaracion`, `t_impuestoDeclaracionRespuestaPregunta`, `t_impuestoDeclaracionRespuestaRespuesta`, `t_impuestoDeclaracionRespuestaTituloObser`, `t_impuestoDeclaracionRespuestaObservacion`, `t_impuestoPreguntas_idt_impuestoPreguntas`, `t_impuestoDeclaracionRespuestaIdDeclarante`) VALUES(269, 9, '¿Ha vendido Acciones o cualquier otro Producto Financiero que NO venga en los Datos Fiscales?', 'SI', 'En Relación a la Venta de Acciones se manifiesta:', 'Las compré el 16-1-2017 por un valor de 100€', 24, 12);
INSERT INTO `t_impuestodeclaracionrespuesta` (`idt_impuestoDeclaracionRespuesta`, `t_impuestoDeclaracion_idt_impuestoDeclaracion`, `t_impuestoDeclaracionRespuestaPregunta`, `t_impuestoDeclaracionRespuestaRespuesta`, `t_impuestoDeclaracionRespuestaTituloObser`, `t_impuestoDeclaracionRespuestaObservacion`, `t_impuestoPreguntas_idt_impuestoPreguntas`, `t_impuestoDeclaracionRespuestaIdDeclarante`) VALUES(270, 9, '¿Ha transmitido algún Inmueble en el ejercicio (Venta - Donación - Dación en Pago - Ejecución Hip.)?', 'NO', 'En Relación a la Venta de Inmueble se manifiesta:', '', 25, 12);
INSERT INTO `t_impuestodeclaracionrespuesta` (`idt_impuestoDeclaracionRespuesta`, `t_impuestoDeclaracion_idt_impuestoDeclaracion`, `t_impuestoDeclaracionRespuestaPregunta`, `t_impuestoDeclaracionRespuestaRespuesta`, `t_impuestoDeclaracionRespuestaTituloObser`, `t_impuestoDeclaracionRespuestaObservacion`, `t_impuestoPreguntas_idt_impuestoPreguntas`, `t_impuestoDeclaracionRespuestaIdDeclarante`) VALUES(271, 9, '¿Tiene Cláusula Suelo - Gastos de Hipoteca que haya reclamado y recibido del Banco?', 'NO', 'En Relación a Cláusulas Suelo y Gastos de Hipoteca:', '', 26, 12);
INSERT INTO `t_impuestodeclaracionrespuesta` (`idt_impuestoDeclaracionRespuesta`, `t_impuestoDeclaracion_idt_impuestoDeclaracion`, `t_impuestoDeclaracionRespuestaPregunta`, `t_impuestoDeclaracionRespuestaRespuesta`, `t_impuestoDeclaracionRespuestaTituloObser`, `t_impuestoDeclaracionRespuestaObservacion`, `t_impuestoPreguntas_idt_impuestoPreguntas`, `t_impuestoDeclaracionRespuestaIdDeclarante`) VALUES(272, 9, '¿Ha cobrado algún tipo de Subvención en el Ejercicio?', 'SI', 'En Relación con el Cobro de Subvenciones el Cliente manifiesta:', 'El Cliente indica que la Ayuda Recibida es el Plan PIVE pero NO Acredita su importe simplemente manifiesta que es la Cantidad: 3500€', 27, 12);
INSERT INTO `t_impuestodeclaracionrespuesta` (`idt_impuestoDeclaracionRespuesta`, `t_impuestoDeclaracion_idt_impuestoDeclaracion`, `t_impuestoDeclaracionRespuestaPregunta`, `t_impuestoDeclaracionRespuestaRespuesta`, `t_impuestoDeclaracionRespuestaTituloObser`, `t_impuestoDeclaracionRespuestaObservacion`, `t_impuestoPreguntas_idt_impuestoPreguntas`, `t_impuestoDeclaracionRespuestaIdDeclarante`) VALUES(273, 9, '¿Tiene deducción por haber comprado su Vivienda ANTES de 01 de Enero de 2013?', 'NO', 'El Cliente manifiesta que tiene Derecho a la Deducción por Adquisición de Vivienda anterior al 01 de Enero de 2013:', '', 28, 12);
INSERT INTO `t_impuestodeclaracionrespuesta` (`idt_impuestoDeclaracionRespuesta`, `t_impuestoDeclaracion_idt_impuestoDeclaracion`, `t_impuestoDeclaracionRespuestaPregunta`, `t_impuestoDeclaracionRespuestaRespuesta`, `t_impuestoDeclaracionRespuestaTituloObser`, `t_impuestoDeclaracionRespuestaObservacion`, `t_impuestoPreguntas_idt_impuestoPreguntas`, `t_impuestoDeclaracionRespuestaIdDeclarante`) VALUES(274, 9, '¿Vive de Alquiler y tiene Contrato Propio a su Nombre ANTERIOR al 01 de Enero de 2015?', 'SI', 'El Cliente manifiesta que vive de Alquiler y se deja constancia de:', 'El Cliente aporta Contrato de Arrendamiento a su nombre del Inmueble en el que vive y los datos del Alquiler', 29, 12);
INSERT INTO `t_impuestodeclaracionrespuesta` (`idt_impuestoDeclaracionRespuesta`, `t_impuestoDeclaracion_idt_impuestoDeclaracion`, `t_impuestoDeclaracionRespuestaPregunta`, `t_impuestoDeclaracionRespuestaRespuesta`, `t_impuestoDeclaracionRespuestaTituloObser`, `t_impuestoDeclaracionRespuestaObservacion`, `t_impuestoPreguntas_idt_impuestoPreguntas`, `t_impuestoDeclaracionRespuestaIdDeclarante`) VALUES(275, 9, '¿Ha realizado Donativos a Entidades sin ánimo de Lucro?', 'SI', NULL, '', 33, 12);
INSERT INTO `t_impuestodeclaracionrespuesta` (`idt_impuestoDeclaracionRespuesta`, `t_impuestoDeclaracion_idt_impuestoDeclaracion`, `t_impuestoDeclaracionRespuestaPregunta`, `t_impuestoDeclaracionRespuestaRespuesta`, `t_impuestoDeclaracionRespuestaTituloObser`, `t_impuestoDeclaracionRespuestaObservacion`, `t_impuestoPreguntas_idt_impuestoPreguntas`, `t_impuestoDeclaracionRespuestaIdDeclarante`) VALUES(276, 9, '¿En la Cuenta que nos ha traído para la Devolución o el Pago Figura como Titular de la misma?', 'SI', NULL, '', 35, 12);
INSERT INTO `t_impuestodeclaracionrespuesta` (`idt_impuestoDeclaracionRespuesta`, `t_impuestoDeclaracion_idt_impuestoDeclaracion`, `t_impuestoDeclaracionRespuestaPregunta`, `t_impuestoDeclaracionRespuestaRespuesta`, `t_impuestoDeclaracionRespuestaTituloObser`, `t_impuestoDeclaracionRespuestaObservacion`, `t_impuestoPreguntas_idt_impuestoPreguntas`, `t_impuestoDeclaracionRespuestaIdDeclarante`) VALUES(277, 9, '¿Nos Autorizan TODOS los miembros de la Unidad Familiar a enviar por Internet la declaración?', 'SI', NULL, '', 36, 12);
INSERT INTO `t_impuestodeclaracionrespuesta` (`idt_impuestoDeclaracionRespuesta`, `t_impuestoDeclaracion_idt_impuestoDeclaracion`, `t_impuestoDeclaracionRespuestaPregunta`, `t_impuestoDeclaracionRespuestaRespuesta`, `t_impuestoDeclaracionRespuestaTituloObser`, `t_impuestoDeclaracionRespuestaObservacion`, `t_impuestoPreguntas_idt_impuestoPreguntas`, `t_impuestoDeclaracionRespuestaIdDeclarante`) VALUES(278, 9, 'En caso de pago ¿Desea Fraccionar el Pago?', 'SI', NULL, '', 37, 12);
INSERT INTO `t_impuestodeclaracionrespuesta` (`idt_impuestoDeclaracionRespuesta`, `t_impuestoDeclaracion_idt_impuestoDeclaracion`, `t_impuestoDeclaracionRespuestaPregunta`, `t_impuestoDeclaracionRespuestaRespuesta`, `t_impuestoDeclaracionRespuestaTituloObser`, `t_impuestoDeclaracionRespuestaObservacion`, `t_impuestoPreguntas_idt_impuestoPreguntas`, `t_impuestoDeclaracionRespuestaIdDeclarante`) VALUES(279, 9, '¿Proporciona fecha de validez de los DNI del Grupo Familiar?', 'SI', 'Las fechas de validez de los DNI de los integrantes del Grupo Familiar son:', '20-7-2025', 38, 12);
INSERT INTO `t_impuestodeclaracionrespuesta` (`idt_impuestoDeclaracionRespuesta`, `t_impuestoDeclaracion_idt_impuestoDeclaracion`, `t_impuestoDeclaracionRespuestaPregunta`, `t_impuestoDeclaracionRespuestaRespuesta`, `t_impuestoDeclaracionRespuestaTituloObser`, `t_impuestoDeclaracionRespuestaObservacion`, `t_impuestoPreguntas_idt_impuestoPreguntas`, `t_impuestoDeclaracionRespuestaIdDeclarante`) VALUES(280, 10, '¿Ha habido algún cambio en la Situación Familiar con respecto a la Renta anterior?', 'NO', 'En relación al cambio en la Situación Familiar con respecto a la Renta del año anterior el Declarante manifiesta:', '', 2, 13);
INSERT INTO `t_impuestodeclaracionrespuesta` (`idt_impuestoDeclaracionRespuesta`, `t_impuestoDeclaracion_idt_impuestoDeclaracion`, `t_impuestoDeclaracionRespuestaPregunta`, `t_impuestoDeclaracionRespuestaRespuesta`, `t_impuestoDeclaracionRespuestaTituloObser`, `t_impuestoDeclaracionRespuestaObservacion`, `t_impuestoPreguntas_idt_impuestoPreguntas`, `t_impuestoDeclaracionRespuestaIdDeclarante`) VALUES(281, 10, '¿Tiene algún Hijo < de 25 años que haya tenido Ingresos o sea Titular de Algún Bien Inmueble?', 'SI', 'En Relación a los Ingresos de los Hijos el Cliente Manifiesta:', 'Se nos manifiesta que el Hijo NO ha Declarado NI presentado Borrador.', 7, 13);
INSERT INTO `t_impuestodeclaracionrespuesta` (`idt_impuestoDeclaracionRespuesta`, `t_impuestoDeclaracion_idt_impuestoDeclaracion`, `t_impuestoDeclaracionRespuestaPregunta`, `t_impuestoDeclaracionRespuestaRespuesta`, `t_impuestoDeclaracionRespuestaTituloObser`, `t_impuestoDeclaracionRespuestaObservacion`, `t_impuestoPreguntas_idt_impuestoPreguntas`, `t_impuestoDeclaracionRespuestaIdDeclarante`) VALUES(282, 10, '¿Tiene algún Hijo Menor de 3 años por el que tenga derecho a la deducción por maternidad?', 'SI', 'En Relación a la Deducción por Maternidad se manifiesta:', 'Se Confirma con los Datos Fiscales que la MADRE ha cotizado como Mínimo 100 euros al Mes (En Media Anual).', 8, 13);
INSERT INTO `t_impuestodeclaracionrespuesta` (`idt_impuestoDeclaracionRespuesta`, `t_impuestoDeclaracion_idt_impuestoDeclaracion`, `t_impuestoDeclaracionRespuestaPregunta`, `t_impuestoDeclaracionRespuestaRespuesta`, `t_impuestoDeclaracionRespuestaTituloObser`, `t_impuestoDeclaracionRespuestaObservacion`, `t_impuestoPreguntas_idt_impuestoPreguntas`, `t_impuestoDeclaracionRespuestaIdDeclarante`) VALUES(283, 10, '¿Ha Cambiado de Domicilio y desea marcarlo?\r\n', 'SI', NULL, '', 9, 13);
INSERT INTO `t_impuestodeclaracionrespuesta` (`idt_impuestoDeclaracionRespuesta`, `t_impuestoDeclaracion_idt_impuestoDeclaracion`, `t_impuestoDeclaracionRespuestaPregunta`, `t_impuestoDeclaracionRespuestaRespuesta`, `t_impuestoDeclaracionRespuestaTituloObser`, `t_impuestoDeclaracionRespuestaObservacion`, `t_impuestoPreguntas_idt_impuestoPreguntas`, `t_impuestoDeclaracionRespuestaIdDeclarante`) VALUES(284, 10, '¿A dónde elige que vaya a parar el 0,7 % de sus impuestos?\r\n', 'SI', 'En Relación a la Asignación Tributaria el Cliente manifesta:\r\n', 'A la Iglesia Católica', 11, 13);
INSERT INTO `t_impuestodeclaracionrespuesta` (`idt_impuestoDeclaracionRespuesta`, `t_impuestoDeclaracion_idt_impuestoDeclaracion`, `t_impuestoDeclaracionRespuestaPregunta`, `t_impuestoDeclaracionRespuestaRespuesta`, `t_impuestoDeclaracionRespuestaTituloObser`, `t_impuestoDeclaracionRespuestaObservacion`, `t_impuestoPreguntas_idt_impuestoPreguntas`, `t_impuestoDeclaracionRespuestaIdDeclarante`) VALUES(285, 10, '¿Ha sido despedido de alguna Empresa o ha tenido algún Juicio o ha Cobrado algo de un Juicio Anterior?', 'NO', 'Situación a Informar en Caso de Despido - Juicio - FOGASA, etc:', '', 17, 13);
INSERT INTO `t_impuestodeclaracionrespuesta` (`idt_impuestoDeclaracionRespuesta`, `t_impuestoDeclaracion_idt_impuestoDeclaracion`, `t_impuestoDeclaracionRespuestaPregunta`, `t_impuestoDeclaracionRespuestaRespuesta`, `t_impuestoDeclaracionRespuestaTituloObser`, `t_impuestoDeclaracionRespuestaObservacion`, `t_impuestoPreguntas_idt_impuestoPreguntas`, `t_impuestoDeclaracionRespuestaIdDeclarante`) VALUES(286, 10, '¿Ha Cobrado Alguna Pensión Compensatoria Usted o alguno de sus hijos a cargo?', 'NO', 'En Relación a la Pensión Compensatoria y/o Anualidades por Alimentos el Cliente manifiesta:', '', 19, 13);
INSERT INTO `t_impuestodeclaracionrespuesta` (`idt_impuestoDeclaracionRespuesta`, `t_impuestoDeclaracion_idt_impuestoDeclaracion`, `t_impuestoDeclaracionRespuestaPregunta`, `t_impuestoDeclaracionRespuestaRespuesta`, `t_impuestoDeclaracionRespuestaTituloObser`, `t_impuestoDeclaracionRespuestaObservacion`, `t_impuestoPreguntas_idt_impuestoPreguntas`, `t_impuestoDeclaracionRespuestaIdDeclarante`) VALUES(287, 10, '¿Tiene algún ingreso Bancario, Dividendo, etc, que NO venga en los Datos Fiscales? ¿Particip. Preferentes?', 'SI', 'En Relación a los RC Mobiliario y/o Preferentes se manifiesta lo siguiente:', 'Se informa al Cliente que los Rendimientos Negativos del Canje de Preferentes que ha tenido, se pueden compensar con el Beneficio que pueda obtener cuando venda las acciones que le han dado a cambio.', 20, 13);
INSERT INTO `t_impuestodeclaracionrespuesta` (`idt_impuestoDeclaracionRespuesta`, `t_impuestoDeclaracion_idt_impuestoDeclaracion`, `t_impuestoDeclaracionRespuestaPregunta`, `t_impuestoDeclaracionRespuestaRespuesta`, `t_impuestoDeclaracionRespuestaTituloObser`, `t_impuestoDeclaracionRespuestaObservacion`, `t_impuestoPreguntas_idt_impuestoPreguntas`, `t_impuestoDeclaracionRespuestaIdDeclarante`) VALUES(288, 10, '¿Es propietario de algún Inmueble que tenga Alquilado?', 'SI', 'En Relación al Arrendamiento de Inmuebles se manifiesta lo siguiente:', 'Nos dice el Importe del Alquiler pero no trae las Facturas o Recibos', 21, 13);
INSERT INTO `t_impuestodeclaracionrespuesta` (`idt_impuestoDeclaracionRespuesta`, `t_impuestoDeclaracion_idt_impuestoDeclaracion`, `t_impuestoDeclaracionRespuestaPregunta`, `t_impuestoDeclaracionRespuestaRespuesta`, `t_impuestoDeclaracionRespuestaTituloObser`, `t_impuestoDeclaracionRespuestaObservacion`, `t_impuestoPreguntas_idt_impuestoPreguntas`, `t_impuestoDeclaracionRespuestaIdDeclarante`) VALUES(289, 10, '¿Tiene algún Inmueble que NO venga en los Datos Fiscales?', 'SI', 'En Relación a Inmuebles que NO vienen en los Datos Fiscales se manifiesta:', 'El Cliente manifiesta Verbalmente que tiene los siguientes Inmuebles', 22, 13);
INSERT INTO `t_impuestodeclaracionrespuesta` (`idt_impuestoDeclaracionRespuesta`, `t_impuestoDeclaracion_idt_impuestoDeclaracion`, `t_impuestoDeclaracionRespuestaPregunta`, `t_impuestoDeclaracionRespuestaRespuesta`, `t_impuestoDeclaracionRespuestaTituloObser`, `t_impuestoDeclaracionRespuestaObservacion`, `t_impuestoPreguntas_idt_impuestoPreguntas`, `t_impuestoDeclaracionRespuestaIdDeclarante`) VALUES(290, 10, '¿Ha vendido Acciones o cualquier otro Producto Financiero que NO venga en los Datos Fiscales?', 'NO', 'En Relación a la Venta de Acciones se manifiesta:', '', 24, 13);
INSERT INTO `t_impuestodeclaracionrespuesta` (`idt_impuestoDeclaracionRespuesta`, `t_impuestoDeclaracion_idt_impuestoDeclaracion`, `t_impuestoDeclaracionRespuestaPregunta`, `t_impuestoDeclaracionRespuestaRespuesta`, `t_impuestoDeclaracionRespuestaTituloObser`, `t_impuestoDeclaracionRespuestaObservacion`, `t_impuestoPreguntas_idt_impuestoPreguntas`, `t_impuestoDeclaracionRespuestaIdDeclarante`) VALUES(291, 10, '¿Ha transmitido algún Inmueble en el ejercicio (Venta - Donación - Dación en Pago - Ejecución Hip.)?', 'SI', 'En Relación a la Venta de Inmueble se manifiesta:', 'El Cliente manifiesta que HA REINVERTIDO en la compra de una nueva vivienda habitual y aporta todos los Gastos de la Nueva Compra', 25, 13);
INSERT INTO `t_impuestodeclaracionrespuesta` (`idt_impuestoDeclaracionRespuesta`, `t_impuestoDeclaracion_idt_impuestoDeclaracion`, `t_impuestoDeclaracionRespuestaPregunta`, `t_impuestoDeclaracionRespuestaRespuesta`, `t_impuestoDeclaracionRespuestaTituloObser`, `t_impuestoDeclaracionRespuestaObservacion`, `t_impuestoPreguntas_idt_impuestoPreguntas`, `t_impuestoDeclaracionRespuestaIdDeclarante`) VALUES(292, 10, '¿Tiene Cláusula Suelo - Gastos de Hipoteca que haya reclamado y recibido del Banco?', 'NO', 'En Relación a Cláusulas Suelo y Gastos de Hipoteca:', '', 26, 13);
INSERT INTO `t_impuestodeclaracionrespuesta` (`idt_impuestoDeclaracionRespuesta`, `t_impuestoDeclaracion_idt_impuestoDeclaracion`, `t_impuestoDeclaracionRespuestaPregunta`, `t_impuestoDeclaracionRespuestaRespuesta`, `t_impuestoDeclaracionRespuestaTituloObser`, `t_impuestoDeclaracionRespuestaObservacion`, `t_impuestoPreguntas_idt_impuestoPreguntas`, `t_impuestoDeclaracionRespuestaIdDeclarante`) VALUES(293, 10, '¿Ha cobrado algún tipo de Subvención en el Ejercicio?', 'SI', 'En Relación con el Cobro de Subvenciones el Cliente manifiesta:', 'El Cliente indica que la Ayuda Recibida es el Plan PIVE y Acredita el Importe de la Subvención Recibida', 27, 13);
INSERT INTO `t_impuestodeclaracionrespuesta` (`idt_impuestoDeclaracionRespuesta`, `t_impuestoDeclaracion_idt_impuestoDeclaracion`, `t_impuestoDeclaracionRespuestaPregunta`, `t_impuestoDeclaracionRespuestaRespuesta`, `t_impuestoDeclaracionRespuestaTituloObser`, `t_impuestoDeclaracionRespuestaObservacion`, `t_impuestoPreguntas_idt_impuestoPreguntas`, `t_impuestoDeclaracionRespuestaIdDeclarante`) VALUES(294, 10, '¿Sus Hijos van a Colegio Privado? (Deducción Autonómica por Gastos de Escolaridad Obligatorios)', 'SI', NULL, '', 30, 13);
INSERT INTO `t_impuestodeclaracionrespuesta` (`idt_impuestoDeclaracionRespuesta`, `t_impuestoDeclaracion_idt_impuestoDeclaracion`, `t_impuestoDeclaracionRespuestaPregunta`, `t_impuestoDeclaracionRespuestaRespuesta`, `t_impuestoDeclaracionRespuestaTituloObser`, `t_impuestoDeclaracionRespuestaObservacion`, `t_impuestoPreguntas_idt_impuestoPreguntas`, `t_impuestoDeclaracionRespuestaIdDeclarante`) VALUES(295, 10, 'En caso de pago ¿Desea Fraccionar el Pago?', 'SI', NULL, '', 37, 13);
INSERT INTO `t_impuestodeclaracionrespuesta` (`idt_impuestoDeclaracionRespuesta`, `t_impuestoDeclaracion_idt_impuestoDeclaracion`, `t_impuestoDeclaracionRespuestaPregunta`, `t_impuestoDeclaracionRespuestaRespuesta`, `t_impuestoDeclaracionRespuestaTituloObser`, `t_impuestoDeclaracionRespuestaObservacion`, `t_impuestoPreguntas_idt_impuestoPreguntas`, `t_impuestoDeclaracionRespuestaIdDeclarante`) VALUES(296, 10, '¿Proporciona fecha de validez de los DNI del Grupo Familiar?', 'SI', 'Las fechas de validez de los DNI de los integrantes del Grupo Familiar son:', '6-10-2020\r\n7-6-2021', 38, 13);
INSERT INTO `t_impuestodeclaracionrespuesta` (`idt_impuestoDeclaracionRespuesta`, `t_impuestoDeclaracion_idt_impuestoDeclaracion`, `t_impuestoDeclaracionRespuestaPregunta`, `t_impuestoDeclaracionRespuestaRespuesta`, `t_impuestoDeclaracionRespuestaTituloObser`, `t_impuestoDeclaracionRespuestaObservacion`, `t_impuestoPreguntas_idt_impuestoPreguntas`, `t_impuestoDeclaracionRespuestaIdDeclarante`) VALUES(297, 10, '¿Ha habido algún cambio en la Situación Familiar con respecto a la Renta anterior?', 'NO', 'En relación al cambio en la Situación Familiar con respecto a la Renta del año anterior el Declarante manifiesta:', '', 2, 14);
INSERT INTO `t_impuestodeclaracionrespuesta` (`idt_impuestoDeclaracionRespuesta`, `t_impuestoDeclaracion_idt_impuestoDeclaracion`, `t_impuestoDeclaracionRespuestaPregunta`, `t_impuestoDeclaracionRespuestaRespuesta`, `t_impuestoDeclaracionRespuestaTituloObser`, `t_impuestoDeclaracionRespuestaObservacion`, `t_impuestoPreguntas_idt_impuestoPreguntas`, `t_impuestoDeclaracionRespuestaIdDeclarante`) VALUES(298, 10, '¿Tiene algún Hijo < de 25 años que haya tenido Ingresos o sea Titular de Algún Bien Inmueble?', 'SI', 'En Relación a los Ingresos de los Hijos el Cliente Manifiesta:', NULL, 7, 14);
INSERT INTO `t_impuestodeclaracionrespuesta` (`idt_impuestoDeclaracionRespuesta`, `t_impuestoDeclaracion_idt_impuestoDeclaracion`, `t_impuestoDeclaracionRespuestaPregunta`, `t_impuestoDeclaracionRespuestaRespuesta`, `t_impuestoDeclaracionRespuestaTituloObser`, `t_impuestoDeclaracionRespuestaObservacion`, `t_impuestoPreguntas_idt_impuestoPreguntas`, `t_impuestoDeclaracionRespuestaIdDeclarante`) VALUES(299, 10, '¿Tiene algún Hijo Menor de 3 años por el que tenga derecho a la deducción por maternidad?', 'SI', 'En Relación a la Deducción por Maternidad se manifiesta:', NULL, 8, 14);
INSERT INTO `t_impuestodeclaracionrespuesta` (`idt_impuestoDeclaracionRespuesta`, `t_impuestoDeclaracion_idt_impuestoDeclaracion`, `t_impuestoDeclaracionRespuestaPregunta`, `t_impuestoDeclaracionRespuestaRespuesta`, `t_impuestoDeclaracionRespuestaTituloObser`, `t_impuestoDeclaracionRespuestaObservacion`, `t_impuestoPreguntas_idt_impuestoPreguntas`, `t_impuestoDeclaracionRespuestaIdDeclarante`) VALUES(300, 10, '¿Ha Cambiado de Domicilio y desea marcarlo?\r\n', 'SI', NULL, '', 9, 14);
INSERT INTO `t_impuestodeclaracionrespuesta` (`idt_impuestoDeclaracionRespuesta`, `t_impuestoDeclaracion_idt_impuestoDeclaracion`, `t_impuestoDeclaracionRespuestaPregunta`, `t_impuestoDeclaracionRespuestaRespuesta`, `t_impuestoDeclaracionRespuestaTituloObser`, `t_impuestoDeclaracionRespuestaObservacion`, `t_impuestoPreguntas_idt_impuestoPreguntas`, `t_impuestoDeclaracionRespuestaIdDeclarante`) VALUES(301, 10, '¿A dónde elige que vaya a parar el 0,7 % de sus impuestos?\r\n', 'SI', 'En Relación a la Asignación Tributaria el Cliente manifesta:\r\n', 'A Otros Fines de Interés Social', 11, 14);
INSERT INTO `t_impuestodeclaracionrespuesta` (`idt_impuestoDeclaracionRespuesta`, `t_impuestoDeclaracion_idt_impuestoDeclaracion`, `t_impuestoDeclaracionRespuestaPregunta`, `t_impuestoDeclaracionRespuestaRespuesta`, `t_impuestoDeclaracionRespuestaTituloObser`, `t_impuestoDeclaracionRespuestaObservacion`, `t_impuestoPreguntas_idt_impuestoPreguntas`, `t_impuestoDeclaracionRespuestaIdDeclarante`) VALUES(302, 10, '¿Ha sido despedido de alguna Empresa o ha tenido algún Juicio o ha Cobrado algo de un Juicio Anterior?', 'NO', 'Situación a Informar en Caso de Despido - Juicio - FOGASA, etc:', '', 17, 14);
INSERT INTO `t_impuestodeclaracionrespuesta` (`idt_impuestoDeclaracionRespuesta`, `t_impuestoDeclaracion_idt_impuestoDeclaracion`, `t_impuestoDeclaracionRespuestaPregunta`, `t_impuestoDeclaracionRespuestaRespuesta`, `t_impuestoDeclaracionRespuestaTituloObser`, `t_impuestoDeclaracionRespuestaObservacion`, `t_impuestoPreguntas_idt_impuestoPreguntas`, `t_impuestoDeclaracionRespuestaIdDeclarante`) VALUES(303, 10, '¿Ha Cobrado Alguna Pensión Compensatoria Usted o alguno de sus hijos a cargo?', 'NO', 'En Relación a la Pensión Compensatoria y/o Anualidades por Alimentos el Cliente manifiesta:', '', 19, 14);
INSERT INTO `t_impuestodeclaracionrespuesta` (`idt_impuestoDeclaracionRespuesta`, `t_impuestoDeclaracion_idt_impuestoDeclaracion`, `t_impuestoDeclaracionRespuestaPregunta`, `t_impuestoDeclaracionRespuestaRespuesta`, `t_impuestoDeclaracionRespuestaTituloObser`, `t_impuestoDeclaracionRespuestaObservacion`, `t_impuestoPreguntas_idt_impuestoPreguntas`, `t_impuestoDeclaracionRespuestaIdDeclarante`) VALUES(304, 10, '¿Tiene algún ingreso Bancario, Dividendo, etc, que NO venga en los Datos Fiscales? ¿Particip. Preferentes?', 'SI', 'En Relación a los RC Mobiliario y/o Preferentes se manifiesta lo siguiente:', NULL, 20, 14);
INSERT INTO `t_impuestodeclaracionrespuesta` (`idt_impuestoDeclaracionRespuesta`, `t_impuestoDeclaracion_idt_impuestoDeclaracion`, `t_impuestoDeclaracionRespuestaPregunta`, `t_impuestoDeclaracionRespuestaRespuesta`, `t_impuestoDeclaracionRespuestaTituloObser`, `t_impuestoDeclaracionRespuestaObservacion`, `t_impuestoPreguntas_idt_impuestoPreguntas`, `t_impuestoDeclaracionRespuestaIdDeclarante`) VALUES(305, 10, '¿Es propietario de algún Inmueble que tenga Alquilado?', 'SI', 'En Relación al Arrendamiento de Inmuebles se manifiesta lo siguiente:', NULL, 21, 14);
INSERT INTO `t_impuestodeclaracionrespuesta` (`idt_impuestoDeclaracionRespuesta`, `t_impuestoDeclaracion_idt_impuestoDeclaracion`, `t_impuestoDeclaracionRespuestaPregunta`, `t_impuestoDeclaracionRespuestaRespuesta`, `t_impuestoDeclaracionRespuestaTituloObser`, `t_impuestoDeclaracionRespuestaObservacion`, `t_impuestoPreguntas_idt_impuestoPreguntas`, `t_impuestoDeclaracionRespuestaIdDeclarante`) VALUES(306, 10, '¿Tiene algún Inmueble que NO venga en los Datos Fiscales?', 'SI', 'En Relación a Inmuebles que NO vienen en los Datos Fiscales se manifiesta:', NULL, 22, 14);
INSERT INTO `t_impuestodeclaracionrespuesta` (`idt_impuestoDeclaracionRespuesta`, `t_impuestoDeclaracion_idt_impuestoDeclaracion`, `t_impuestoDeclaracionRespuestaPregunta`, `t_impuestoDeclaracionRespuestaRespuesta`, `t_impuestoDeclaracionRespuestaTituloObser`, `t_impuestoDeclaracionRespuestaObservacion`, `t_impuestoPreguntas_idt_impuestoPreguntas`, `t_impuestoDeclaracionRespuestaIdDeclarante`) VALUES(307, 10, '¿Ha vendido Acciones o cualquier otro Producto Financiero que NO venga en los Datos Fiscales?', 'NO', 'En Relación a la Venta de Acciones se manifiesta:', '', 24, 14);
INSERT INTO `t_impuestodeclaracionrespuesta` (`idt_impuestoDeclaracionRespuesta`, `t_impuestoDeclaracion_idt_impuestoDeclaracion`, `t_impuestoDeclaracionRespuestaPregunta`, `t_impuestoDeclaracionRespuestaRespuesta`, `t_impuestoDeclaracionRespuestaTituloObser`, `t_impuestoDeclaracionRespuestaObservacion`, `t_impuestoPreguntas_idt_impuestoPreguntas`, `t_impuestoDeclaracionRespuestaIdDeclarante`) VALUES(308, 10, '¿Ha transmitido algún Inmueble en el ejercicio (Venta - Donación - Dación en Pago - Ejecución Hip.)?', 'SI', 'En Relación a la Venta de Inmueble se manifiesta:', NULL, 25, 14);
INSERT INTO `t_impuestodeclaracionrespuesta` (`idt_impuestoDeclaracionRespuesta`, `t_impuestoDeclaracion_idt_impuestoDeclaracion`, `t_impuestoDeclaracionRespuestaPregunta`, `t_impuestoDeclaracionRespuestaRespuesta`, `t_impuestoDeclaracionRespuestaTituloObser`, `t_impuestoDeclaracionRespuestaObservacion`, `t_impuestoPreguntas_idt_impuestoPreguntas`, `t_impuestoDeclaracionRespuestaIdDeclarante`) VALUES(309, 10, '¿Tiene Cláusula Suelo - Gastos de Hipoteca que haya reclamado y recibido del Banco?', 'NO', 'En Relación a Cláusulas Suelo y Gastos de Hipoteca:', '', 26, 14);
INSERT INTO `t_impuestodeclaracionrespuesta` (`idt_impuestoDeclaracionRespuesta`, `t_impuestoDeclaracion_idt_impuestoDeclaracion`, `t_impuestoDeclaracionRespuestaPregunta`, `t_impuestoDeclaracionRespuestaRespuesta`, `t_impuestoDeclaracionRespuestaTituloObser`, `t_impuestoDeclaracionRespuestaObservacion`, `t_impuestoPreguntas_idt_impuestoPreguntas`, `t_impuestoDeclaracionRespuestaIdDeclarante`) VALUES(310, 10, '¿Ha cobrado algún tipo de Subvención en el Ejercicio?', 'SI', 'En Relación con el Cobro de Subvenciones el Cliente manifiesta:', NULL, 27, 14);
INSERT INTO `t_impuestodeclaracionrespuesta` (`idt_impuestoDeclaracionRespuesta`, `t_impuestoDeclaracion_idt_impuestoDeclaracion`, `t_impuestoDeclaracionRespuestaPregunta`, `t_impuestoDeclaracionRespuestaRespuesta`, `t_impuestoDeclaracionRespuestaTituloObser`, `t_impuestoDeclaracionRespuestaObservacion`, `t_impuestoPreguntas_idt_impuestoPreguntas`, `t_impuestoDeclaracionRespuestaIdDeclarante`) VALUES(311, 10, '¿Sus Hijos van a Colegio Privado? (Deducción Autonómica por Gastos de Escolaridad Obligatorios)', 'SI', NULL, '', 30, 14);
INSERT INTO `t_impuestodeclaracionrespuesta` (`idt_impuestoDeclaracionRespuesta`, `t_impuestoDeclaracion_idt_impuestoDeclaracion`, `t_impuestoDeclaracionRespuestaPregunta`, `t_impuestoDeclaracionRespuestaRespuesta`, `t_impuestoDeclaracionRespuestaTituloObser`, `t_impuestoDeclaracionRespuestaObservacion`, `t_impuestoPreguntas_idt_impuestoPreguntas`, `t_impuestoDeclaracionRespuestaIdDeclarante`) VALUES(312, 10, 'En caso de pago ¿Desea Fraccionar el Pago?', 'SI', NULL, '', 37, 14);
INSERT INTO `t_impuestodeclaracionrespuesta` (`idt_impuestoDeclaracionRespuesta`, `t_impuestoDeclaracion_idt_impuestoDeclaracion`, `t_impuestoDeclaracionRespuestaPregunta`, `t_impuestoDeclaracionRespuestaRespuesta`, `t_impuestoDeclaracionRespuestaTituloObser`, `t_impuestoDeclaracionRespuestaObservacion`, `t_impuestoPreguntas_idt_impuestoPreguntas`, `t_impuestoDeclaracionRespuestaIdDeclarante`) VALUES(313, 10, '¿Proporciona fecha de validez de los DNI del Grupo Familiar?', 'SI', 'Las fechas de validez de los DNI de los integrantes del Grupo Familiar son:', NULL, 38, 14);
INSERT INTO `t_impuestodeclaracionrespuesta` (`idt_impuestoDeclaracionRespuesta`, `t_impuestoDeclaracion_idt_impuestoDeclaracion`, `t_impuestoDeclaracionRespuestaPregunta`, `t_impuestoDeclaracionRespuestaRespuesta`, `t_impuestoDeclaracionRespuestaTituloObser`, `t_impuestoDeclaracionRespuestaObservacion`, `t_impuestoPreguntas_idt_impuestoPreguntas`, `t_impuestoDeclaracionRespuestaIdDeclarante`) VALUES(314, 11, '¿Ha habido algún cambio en la Situación Familiar con respecto a la Renta anterior?', 'NO', 'En relación al cambio en la Situación Familiar con respecto a la Renta del año anterior el Declarante manifiesta:', '', 2, 15);
INSERT INTO `t_impuestodeclaracionrespuesta` (`idt_impuestoDeclaracionRespuesta`, `t_impuestoDeclaracion_idt_impuestoDeclaracion`, `t_impuestoDeclaracionRespuestaPregunta`, `t_impuestoDeclaracionRespuestaRespuesta`, `t_impuestoDeclaracionRespuestaTituloObser`, `t_impuestoDeclaracionRespuestaObservacion`, `t_impuestoPreguntas_idt_impuestoPreguntas`, `t_impuestoDeclaracionRespuestaIdDeclarante`) VALUES(315, 11, '¿Ha Cambiado de Domicilio y desea marcarlo?\r\n', 'NO', NULL, '', 9, 15);
INSERT INTO `t_impuestodeclaracionrespuesta` (`idt_impuestoDeclaracionRespuesta`, `t_impuestoDeclaracion_idt_impuestoDeclaracion`, `t_impuestoDeclaracionRespuestaPregunta`, `t_impuestoDeclaracionRespuestaRespuesta`, `t_impuestoDeclaracionRespuestaTituloObser`, `t_impuestoDeclaracionRespuestaObservacion`, `t_impuestoPreguntas_idt_impuestoPreguntas`, `t_impuestoDeclaracionRespuestaIdDeclarante`) VALUES(316, 11, '¿A dónde elige que vaya a parar el 0,7 % de sus impuestos?\r\n', 'NO', 'En Relación a la Asignación Tributaria el Cliente manifesta:\r\n', '', 11, 15);
INSERT INTO `t_impuestodeclaracionrespuesta` (`idt_impuestoDeclaracionRespuesta`, `t_impuestoDeclaracion_idt_impuestoDeclaracion`, `t_impuestoDeclaracionRespuestaPregunta`, `t_impuestoDeclaracionRespuestaRespuesta`, `t_impuestoDeclaracionRespuestaTituloObser`, `t_impuestoDeclaracionRespuestaObservacion`, `t_impuestoPreguntas_idt_impuestoPreguntas`, `t_impuestoDeclaracionRespuestaIdDeclarante`) VALUES(317, 11, '¿Ha sido despedido de alguna Empresa o ha tenido algún Juicio o ha Cobrado algo de un Juicio Anterior?', 'NO', 'Situación a Informar en Caso de Despido - Juicio - FOGASA, etc:', '', 17, 15);
INSERT INTO `t_impuestodeclaracionrespuesta` (`idt_impuestoDeclaracionRespuesta`, `t_impuestoDeclaracion_idt_impuestoDeclaracion`, `t_impuestoDeclaracionRespuestaPregunta`, `t_impuestoDeclaracionRespuestaRespuesta`, `t_impuestoDeclaracionRespuestaTituloObser`, `t_impuestoDeclaracionRespuestaObservacion`, `t_impuestoPreguntas_idt_impuestoPreguntas`, `t_impuestoDeclaracionRespuestaIdDeclarante`) VALUES(318, 11, '¿Ha Cobrado Alguna Pensión Compensatoria Usted o alguno de sus hijos a cargo?', 'NO', 'En Relación a la Pensión Compensatoria y/o Anualidades por Alimentos el Cliente manifiesta:', '', 19, 15);
INSERT INTO `t_impuestodeclaracionrespuesta` (`idt_impuestoDeclaracionRespuesta`, `t_impuestoDeclaracion_idt_impuestoDeclaracion`, `t_impuestoDeclaracionRespuestaPregunta`, `t_impuestoDeclaracionRespuestaRespuesta`, `t_impuestoDeclaracionRespuestaTituloObser`, `t_impuestoDeclaracionRespuestaObservacion`, `t_impuestoPreguntas_idt_impuestoPreguntas`, `t_impuestoDeclaracionRespuestaIdDeclarante`) VALUES(319, 11, '¿Tiene algún ingreso Bancario, Dividendo, etc, que NO venga en los Datos Fiscales? ¿Particip. Preferentes?', 'NO', 'En Relación a los RC Mobiliario y/o Preferentes se manifiesta lo siguiente:', '', 20, 15);
INSERT INTO `t_impuestodeclaracionrespuesta` (`idt_impuestoDeclaracionRespuesta`, `t_impuestoDeclaracion_idt_impuestoDeclaracion`, `t_impuestoDeclaracionRespuestaPregunta`, `t_impuestoDeclaracionRespuestaRespuesta`, `t_impuestoDeclaracionRespuestaTituloObser`, `t_impuestoDeclaracionRespuestaObservacion`, `t_impuestoPreguntas_idt_impuestoPreguntas`, `t_impuestoDeclaracionRespuestaIdDeclarante`) VALUES(320, 11, '¿Es propietario de algún Inmueble que tenga Alquilado?', 'NO', 'En Relación al Arrendamiento de Inmuebles se manifiesta lo siguiente:', '', 21, 15);
INSERT INTO `t_impuestodeclaracionrespuesta` (`idt_impuestoDeclaracionRespuesta`, `t_impuestoDeclaracion_idt_impuestoDeclaracion`, `t_impuestoDeclaracionRespuestaPregunta`, `t_impuestoDeclaracionRespuestaRespuesta`, `t_impuestoDeclaracionRespuestaTituloObser`, `t_impuestoDeclaracionRespuestaObservacion`, `t_impuestoPreguntas_idt_impuestoPreguntas`, `t_impuestoDeclaracionRespuestaIdDeclarante`) VALUES(321, 11, '¿Tiene algún Inmueble que NO venga en los Datos Fiscales?', 'SI', 'En Relación a Inmuebles que NO vienen en los Datos Fiscales se manifiesta:', 'El Cliente manifiesta Verbalmente que tiene los siguientes Inmuebles', 22, 15);
INSERT INTO `t_impuestodeclaracionrespuesta` (`idt_impuestoDeclaracionRespuesta`, `t_impuestoDeclaracion_idt_impuestoDeclaracion`, `t_impuestoDeclaracionRespuestaPregunta`, `t_impuestoDeclaracionRespuestaRespuesta`, `t_impuestoDeclaracionRespuestaTituloObser`, `t_impuestoDeclaracionRespuestaObservacion`, `t_impuestoPreguntas_idt_impuestoPreguntas`, `t_impuestoDeclaracionRespuestaIdDeclarante`) VALUES(322, 11, '¿Ha vendido Acciones o cualquier otro Producto Financiero que NO venga en los Datos Fiscales?', 'NO', 'En Relación a la Venta de Acciones se manifiesta:', '', 24, 15);
INSERT INTO `t_impuestodeclaracionrespuesta` (`idt_impuestoDeclaracionRespuesta`, `t_impuestoDeclaracion_idt_impuestoDeclaracion`, `t_impuestoDeclaracionRespuestaPregunta`, `t_impuestoDeclaracionRespuestaRespuesta`, `t_impuestoDeclaracionRespuestaTituloObser`, `t_impuestoDeclaracionRespuestaObservacion`, `t_impuestoPreguntas_idt_impuestoPreguntas`, `t_impuestoDeclaracionRespuestaIdDeclarante`) VALUES(323, 11, '¿Ha transmitido algún Inmueble en el ejercicio (Venta - Donación - Dación en Pago - Ejecución Hip.)?', 'NO', 'En Relación a la Venta de Inmueble se manifiesta:', '', 25, 15);
INSERT INTO `t_impuestodeclaracionrespuesta` (`idt_impuestoDeclaracionRespuesta`, `t_impuestoDeclaracion_idt_impuestoDeclaracion`, `t_impuestoDeclaracionRespuestaPregunta`, `t_impuestoDeclaracionRespuestaRespuesta`, `t_impuestoDeclaracionRespuestaTituloObser`, `t_impuestoDeclaracionRespuestaObservacion`, `t_impuestoPreguntas_idt_impuestoPreguntas`, `t_impuestoDeclaracionRespuestaIdDeclarante`) VALUES(324, 11, '¿Tiene Cláusula Suelo - Gastos de Hipoteca que haya reclamado y recibido del Banco?', 'NO', 'En Relación a Cláusulas Suelo y Gastos de Hipoteca:', '', 26, 15);
INSERT INTO `t_impuestodeclaracionrespuesta` (`idt_impuestoDeclaracionRespuesta`, `t_impuestoDeclaracion_idt_impuestoDeclaracion`, `t_impuestoDeclaracionRespuestaPregunta`, `t_impuestoDeclaracionRespuestaRespuesta`, `t_impuestoDeclaracionRespuestaTituloObser`, `t_impuestoDeclaracionRespuestaObservacion`, `t_impuestoPreguntas_idt_impuestoPreguntas`, `t_impuestoDeclaracionRespuestaIdDeclarante`) VALUES(325, 11, '¿Ha cobrado algún tipo de Subvención en el Ejercicio?', 'NO', 'En Relación con el Cobro de Subvenciones el Cliente manifiesta:', '', 27, 15);
INSERT INTO `t_impuestodeclaracionrespuesta` (`idt_impuestoDeclaracionRespuesta`, `t_impuestoDeclaracion_idt_impuestoDeclaracion`, `t_impuestoDeclaracionRespuestaPregunta`, `t_impuestoDeclaracionRespuestaRespuesta`, `t_impuestoDeclaracionRespuestaTituloObser`, `t_impuestoDeclaracionRespuestaObservacion`, `t_impuestoPreguntas_idt_impuestoPreguntas`, `t_impuestoDeclaracionRespuestaIdDeclarante`) VALUES(326, 11, '¿Ha realizado Donativos a Entidades sin ánimo de Lucro?', 'NO', NULL, '', 33, 15);
INSERT INTO `t_impuestodeclaracionrespuesta` (`idt_impuestoDeclaracionRespuesta`, `t_impuestoDeclaracion_idt_impuestoDeclaracion`, `t_impuestoDeclaracionRespuestaPregunta`, `t_impuestoDeclaracionRespuestaRespuesta`, `t_impuestoDeclaracionRespuestaTituloObser`, `t_impuestoDeclaracionRespuestaObservacion`, `t_impuestoPreguntas_idt_impuestoPreguntas`, `t_impuestoDeclaracionRespuestaIdDeclarante`) VALUES(327, 11, 'En caso de pago ¿Desea Fraccionar el Pago?', 'NO', NULL, '', 37, 15);
INSERT INTO `t_impuestodeclaracionrespuesta` (`idt_impuestoDeclaracionRespuesta`, `t_impuestoDeclaracion_idt_impuestoDeclaracion`, `t_impuestoDeclaracionRespuestaPregunta`, `t_impuestoDeclaracionRespuestaRespuesta`, `t_impuestoDeclaracionRespuestaTituloObser`, `t_impuestoDeclaracionRespuestaObservacion`, `t_impuestoPreguntas_idt_impuestoPreguntas`, `t_impuestoDeclaracionRespuestaIdDeclarante`) VALUES(328, 11, '¿Proporciona fecha de validez de los DNI del Grupo Familiar?', 'NO', 'Las fechas de validez de los DNI de los integrantes del Grupo Familiar son:', '', 38, 15);
INSERT INTO `t_impuestodeclaracionrespuesta` (`idt_impuestoDeclaracionRespuesta`, `t_impuestoDeclaracion_idt_impuestoDeclaracion`, `t_impuestoDeclaracionRespuestaPregunta`, `t_impuestoDeclaracionRespuestaRespuesta`, `t_impuestoDeclaracionRespuestaTituloObser`, `t_impuestoDeclaracionRespuestaObservacion`, `t_impuestoPreguntas_idt_impuestoPreguntas`, `t_impuestoDeclaracionRespuestaIdDeclarante`) VALUES(329, 11, '¿Ha habido algún cambio en la Situación Familiar con respecto a la Renta anterior?', 'NO', 'En relación al cambio en la Situación Familiar con respecto a la Renta del año anterior el Declarante manifiesta:', '', 2, 16);
INSERT INTO `t_impuestodeclaracionrespuesta` (`idt_impuestoDeclaracionRespuesta`, `t_impuestoDeclaracion_idt_impuestoDeclaracion`, `t_impuestoDeclaracionRespuestaPregunta`, `t_impuestoDeclaracionRespuestaRespuesta`, `t_impuestoDeclaracionRespuestaTituloObser`, `t_impuestoDeclaracionRespuestaObservacion`, `t_impuestoPreguntas_idt_impuestoPreguntas`, `t_impuestoDeclaracionRespuestaIdDeclarante`) VALUES(330, 11, '¿Ha Cambiado de Domicilio y desea marcarlo?\r\n', 'NO', NULL, '', 9, 16);
INSERT INTO `t_impuestodeclaracionrespuesta` (`idt_impuestoDeclaracionRespuesta`, `t_impuestoDeclaracion_idt_impuestoDeclaracion`, `t_impuestoDeclaracionRespuestaPregunta`, `t_impuestoDeclaracionRespuestaRespuesta`, `t_impuestoDeclaracionRespuestaTituloObser`, `t_impuestoDeclaracionRespuestaObservacion`, `t_impuestoPreguntas_idt_impuestoPreguntas`, `t_impuestoDeclaracionRespuestaIdDeclarante`) VALUES(331, 11, '¿A dónde elige que vaya a parar el 0,7 % de sus impuestos?\r\n', 'NO', 'En Relación a la Asignación Tributaria el Cliente manifesta:\r\n', '', 11, 16);
INSERT INTO `t_impuestodeclaracionrespuesta` (`idt_impuestoDeclaracionRespuesta`, `t_impuestoDeclaracion_idt_impuestoDeclaracion`, `t_impuestoDeclaracionRespuestaPregunta`, `t_impuestoDeclaracionRespuestaRespuesta`, `t_impuestoDeclaracionRespuestaTituloObser`, `t_impuestoDeclaracionRespuestaObservacion`, `t_impuestoPreguntas_idt_impuestoPreguntas`, `t_impuestoDeclaracionRespuestaIdDeclarante`) VALUES(332, 11, '¿Ha sido despedido de alguna Empresa o ha tenido algún Juicio o ha Cobrado algo de un Juicio Anterior?', 'NO', 'Situación a Informar en Caso de Despido - Juicio - FOGASA, etc:', '', 17, 16);
INSERT INTO `t_impuestodeclaracionrespuesta` (`idt_impuestoDeclaracionRespuesta`, `t_impuestoDeclaracion_idt_impuestoDeclaracion`, `t_impuestoDeclaracionRespuestaPregunta`, `t_impuestoDeclaracionRespuestaRespuesta`, `t_impuestoDeclaracionRespuestaTituloObser`, `t_impuestoDeclaracionRespuestaObservacion`, `t_impuestoPreguntas_idt_impuestoPreguntas`, `t_impuestoDeclaracionRespuestaIdDeclarante`) VALUES(333, 11, '¿Ha Cobrado Alguna Pensión Compensatoria Usted o alguno de sus hijos a cargo?', 'NO', 'En Relación a la Pensión Compensatoria y/o Anualidades por Alimentos el Cliente manifiesta:', '', 19, 16);
INSERT INTO `t_impuestodeclaracionrespuesta` (`idt_impuestoDeclaracionRespuesta`, `t_impuestoDeclaracion_idt_impuestoDeclaracion`, `t_impuestoDeclaracionRespuestaPregunta`, `t_impuestoDeclaracionRespuestaRespuesta`, `t_impuestoDeclaracionRespuestaTituloObser`, `t_impuestoDeclaracionRespuestaObservacion`, `t_impuestoPreguntas_idt_impuestoPreguntas`, `t_impuestoDeclaracionRespuestaIdDeclarante`) VALUES(334, 11, '¿Tiene algún ingreso Bancario, Dividendo, etc, que NO venga en los Datos Fiscales? ¿Particip. Preferentes?', 'NO', 'En Relación a los RC Mobiliario y/o Preferentes se manifiesta lo siguiente:', '', 20, 16);
INSERT INTO `t_impuestodeclaracionrespuesta` (`idt_impuestoDeclaracionRespuesta`, `t_impuestoDeclaracion_idt_impuestoDeclaracion`, `t_impuestoDeclaracionRespuestaPregunta`, `t_impuestoDeclaracionRespuestaRespuesta`, `t_impuestoDeclaracionRespuestaTituloObser`, `t_impuestoDeclaracionRespuestaObservacion`, `t_impuestoPreguntas_idt_impuestoPreguntas`, `t_impuestoDeclaracionRespuestaIdDeclarante`) VALUES(335, 11, '¿Es propietario de algún Inmueble que tenga Alquilado?', 'NO', 'En Relación al Arrendamiento de Inmuebles se manifiesta lo siguiente:', '', 21, 16);
INSERT INTO `t_impuestodeclaracionrespuesta` (`idt_impuestoDeclaracionRespuesta`, `t_impuestoDeclaracion_idt_impuestoDeclaracion`, `t_impuestoDeclaracionRespuestaPregunta`, `t_impuestoDeclaracionRespuestaRespuesta`, `t_impuestoDeclaracionRespuestaTituloObser`, `t_impuestoDeclaracionRespuestaObservacion`, `t_impuestoPreguntas_idt_impuestoPreguntas`, `t_impuestoDeclaracionRespuestaIdDeclarante`) VALUES(336, 11, '¿Tiene algún Inmueble que NO venga en los Datos Fiscales?', 'NO', 'En Relación a Inmuebles que NO vienen en los Datos Fiscales se manifiesta:', '', 22, 16);
INSERT INTO `t_impuestodeclaracionrespuesta` (`idt_impuestoDeclaracionRespuesta`, `t_impuestoDeclaracion_idt_impuestoDeclaracion`, `t_impuestoDeclaracionRespuestaPregunta`, `t_impuestoDeclaracionRespuestaRespuesta`, `t_impuestoDeclaracionRespuestaTituloObser`, `t_impuestoDeclaracionRespuestaObservacion`, `t_impuestoPreguntas_idt_impuestoPreguntas`, `t_impuestoDeclaracionRespuestaIdDeclarante`) VALUES(337, 11, '¿Ha vendido Acciones o cualquier otro Producto Financiero que NO venga en los Datos Fiscales?', 'NO', 'En Relación a la Venta de Acciones se manifiesta:', '', 24, 16);
INSERT INTO `t_impuestodeclaracionrespuesta` (`idt_impuestoDeclaracionRespuesta`, `t_impuestoDeclaracion_idt_impuestoDeclaracion`, `t_impuestoDeclaracionRespuestaPregunta`, `t_impuestoDeclaracionRespuestaRespuesta`, `t_impuestoDeclaracionRespuestaTituloObser`, `t_impuestoDeclaracionRespuestaObservacion`, `t_impuestoPreguntas_idt_impuestoPreguntas`, `t_impuestoDeclaracionRespuestaIdDeclarante`) VALUES(338, 11, '¿Ha transmitido algún Inmueble en el ejercicio (Venta - Donación - Dación en Pago - Ejecución Hip.)?', 'NO', 'En Relación a la Venta de Inmueble se manifiesta:', '', 25, 16);
INSERT INTO `t_impuestodeclaracionrespuesta` (`idt_impuestoDeclaracionRespuesta`, `t_impuestoDeclaracion_idt_impuestoDeclaracion`, `t_impuestoDeclaracionRespuestaPregunta`, `t_impuestoDeclaracionRespuestaRespuesta`, `t_impuestoDeclaracionRespuestaTituloObser`, `t_impuestoDeclaracionRespuestaObservacion`, `t_impuestoPreguntas_idt_impuestoPreguntas`, `t_impuestoDeclaracionRespuestaIdDeclarante`) VALUES(339, 11, '¿Tiene Cláusula Suelo - Gastos de Hipoteca que haya reclamado y recibido del Banco?', 'NO', 'En Relación a Cláusulas Suelo y Gastos de Hipoteca:', '', 26, 16);
INSERT INTO `t_impuestodeclaracionrespuesta` (`idt_impuestoDeclaracionRespuesta`, `t_impuestoDeclaracion_idt_impuestoDeclaracion`, `t_impuestoDeclaracionRespuestaPregunta`, `t_impuestoDeclaracionRespuestaRespuesta`, `t_impuestoDeclaracionRespuestaTituloObser`, `t_impuestoDeclaracionRespuestaObservacion`, `t_impuestoPreguntas_idt_impuestoPreguntas`, `t_impuestoDeclaracionRespuestaIdDeclarante`) VALUES(340, 11, '¿Ha cobrado algún tipo de Subvención en el Ejercicio?', 'NO', 'En Relación con el Cobro de Subvenciones el Cliente manifiesta:', '', 27, 16);
INSERT INTO `t_impuestodeclaracionrespuesta` (`idt_impuestoDeclaracionRespuesta`, `t_impuestoDeclaracion_idt_impuestoDeclaracion`, `t_impuestoDeclaracionRespuestaPregunta`, `t_impuestoDeclaracionRespuestaRespuesta`, `t_impuestoDeclaracionRespuestaTituloObser`, `t_impuestoDeclaracionRespuestaObservacion`, `t_impuestoPreguntas_idt_impuestoPreguntas`, `t_impuestoDeclaracionRespuestaIdDeclarante`) VALUES(341, 11, '¿Ha realizado Donativos a Entidades sin ánimo de Lucro?', 'NO', NULL, '', 33, 16);
INSERT INTO `t_impuestodeclaracionrespuesta` (`idt_impuestoDeclaracionRespuesta`, `t_impuestoDeclaracion_idt_impuestoDeclaracion`, `t_impuestoDeclaracionRespuestaPregunta`, `t_impuestoDeclaracionRespuestaRespuesta`, `t_impuestoDeclaracionRespuestaTituloObser`, `t_impuestoDeclaracionRespuestaObservacion`, `t_impuestoPreguntas_idt_impuestoPreguntas`, `t_impuestoDeclaracionRespuestaIdDeclarante`) VALUES(342, 11, 'En caso de pago ¿Desea Fraccionar el Pago?', 'NO', NULL, '', 37, 16);
INSERT INTO `t_impuestodeclaracionrespuesta` (`idt_impuestoDeclaracionRespuesta`, `t_impuestoDeclaracion_idt_impuestoDeclaracion`, `t_impuestoDeclaracionRespuestaPregunta`, `t_impuestoDeclaracionRespuestaRespuesta`, `t_impuestoDeclaracionRespuestaTituloObser`, `t_impuestoDeclaracionRespuestaObservacion`, `t_impuestoPreguntas_idt_impuestoPreguntas`, `t_impuestoDeclaracionRespuestaIdDeclarante`) VALUES(343, 11, '¿Proporciona fecha de validez de los DNI del Grupo Familiar?', 'NO', 'Las fechas de validez de los DNI de los integrantes del Grupo Familiar son:', '', 38, 16);
INSERT INTO `t_impuestodeclaracionrespuesta` (`idt_impuestoDeclaracionRespuesta`, `t_impuestoDeclaracion_idt_impuestoDeclaracion`, `t_impuestoDeclaracionRespuestaPregunta`, `t_impuestoDeclaracionRespuestaRespuesta`, `t_impuestoDeclaracionRespuestaTituloObser`, `t_impuestoDeclaracionRespuestaObservacion`, `t_impuestoPreguntas_idt_impuestoPreguntas`, `t_impuestoDeclaracionRespuestaIdDeclarante`) VALUES(344, 12, '¿Ha habido algún cambio en la Situación Familiar con respecto a la Renta anterior?', 'NO', 'En relación al cambio en la Situación Familiar con respecto a la Renta del año anterior el Declarante manifiesta:', '', 2, 17);
INSERT INTO `t_impuestodeclaracionrespuesta` (`idt_impuestoDeclaracionRespuesta`, `t_impuestoDeclaracion_idt_impuestoDeclaracion`, `t_impuestoDeclaracionRespuestaPregunta`, `t_impuestoDeclaracionRespuestaRespuesta`, `t_impuestoDeclaracionRespuestaTituloObser`, `t_impuestoDeclaracionRespuestaObservacion`, `t_impuestoPreguntas_idt_impuestoPreguntas`, `t_impuestoDeclaracionRespuestaIdDeclarante`) VALUES(345, 12, '¿Tiene algún Hijo < de 25 años que haya tenido Ingresos o sea Titular de Algún Bien Inmueble?', 'NO', 'En Relación a los Ingresos de los Hijos el Cliente Manifiesta:', '', 7, 17);
INSERT INTO `t_impuestodeclaracionrespuesta` (`idt_impuestoDeclaracionRespuesta`, `t_impuestoDeclaracion_idt_impuestoDeclaracion`, `t_impuestoDeclaracionRespuestaPregunta`, `t_impuestoDeclaracionRespuestaRespuesta`, `t_impuestoDeclaracionRespuestaTituloObser`, `t_impuestoDeclaracionRespuestaObservacion`, `t_impuestoPreguntas_idt_impuestoPreguntas`, `t_impuestoDeclaracionRespuestaIdDeclarante`) VALUES(346, 12, '¿Tiene algún Hijo Menor de 3 años por el que tenga derecho a la deducción por maternidad?', 'NO', 'En Relación a la Deducción por Maternidad se manifiesta:', '', 8, 17);
INSERT INTO `t_impuestodeclaracionrespuesta` (`idt_impuestoDeclaracionRespuesta`, `t_impuestoDeclaracion_idt_impuestoDeclaracion`, `t_impuestoDeclaracionRespuestaPregunta`, `t_impuestoDeclaracionRespuestaRespuesta`, `t_impuestoDeclaracionRespuestaTituloObser`, `t_impuestoDeclaracionRespuestaObservacion`, `t_impuestoPreguntas_idt_impuestoPreguntas`, `t_impuestoDeclaracionRespuestaIdDeclarante`) VALUES(347, 12, '¿Ha Cambiado de Domicilio y desea marcarlo?\r\n', 'NO', NULL, '', 9, 17);
INSERT INTO `t_impuestodeclaracionrespuesta` (`idt_impuestoDeclaracionRespuesta`, `t_impuestoDeclaracion_idt_impuestoDeclaracion`, `t_impuestoDeclaracionRespuestaPregunta`, `t_impuestoDeclaracionRespuestaRespuesta`, `t_impuestoDeclaracionRespuestaTituloObser`, `t_impuestoDeclaracionRespuestaObservacion`, `t_impuestoPreguntas_idt_impuestoPreguntas`, `t_impuestoDeclaracionRespuestaIdDeclarante`) VALUES(348, 12, '¿A dónde elige que vaya a parar el 0,7 % de sus impuestos?\r\n', 'SI', 'En Relación a la Asignación Tributaria el Cliente manifesta:\r\n', 'A las dos', 11, 17);
INSERT INTO `t_impuestodeclaracionrespuesta` (`idt_impuestoDeclaracionRespuesta`, `t_impuestoDeclaracion_idt_impuestoDeclaracion`, `t_impuestoDeclaracionRespuestaPregunta`, `t_impuestoDeclaracionRespuestaRespuesta`, `t_impuestoDeclaracionRespuestaTituloObser`, `t_impuestoDeclaracionRespuestaObservacion`, `t_impuestoPreguntas_idt_impuestoPreguntas`, `t_impuestoDeclaracionRespuestaIdDeclarante`) VALUES(349, 12, '¿Ha sido despedido de alguna Empresa o ha tenido algún Juicio o ha Cobrado algo de un Juicio Anterior?', 'NO', 'Situación a Informar en Caso de Despido - Juicio - FOGASA, etc:', '', 17, 17);
INSERT INTO `t_impuestodeclaracionrespuesta` (`idt_impuestoDeclaracionRespuesta`, `t_impuestoDeclaracion_idt_impuestoDeclaracion`, `t_impuestoDeclaracionRespuestaPregunta`, `t_impuestoDeclaracionRespuestaRespuesta`, `t_impuestoDeclaracionRespuestaTituloObser`, `t_impuestoDeclaracionRespuestaObservacion`, `t_impuestoPreguntas_idt_impuestoPreguntas`, `t_impuestoDeclaracionRespuestaIdDeclarante`) VALUES(350, 12, '¿Ha Cobrado Alguna Pensión Compensatoria Usted o alguno de sus hijos a cargo?', 'NO', 'En Relación a la Pensión Compensatoria y/o Anualidades por Alimentos el Cliente manifiesta:', '', 19, 17);
INSERT INTO `t_impuestodeclaracionrespuesta` (`idt_impuestoDeclaracionRespuesta`, `t_impuestoDeclaracion_idt_impuestoDeclaracion`, `t_impuestoDeclaracionRespuestaPregunta`, `t_impuestoDeclaracionRespuestaRespuesta`, `t_impuestoDeclaracionRespuestaTituloObser`, `t_impuestoDeclaracionRespuestaObservacion`, `t_impuestoPreguntas_idt_impuestoPreguntas`, `t_impuestoDeclaracionRespuestaIdDeclarante`) VALUES(351, 12, '¿Tiene algún ingreso Bancario, Dividendo, etc, que NO venga en los Datos Fiscales? ¿Particip. Preferentes?', 'SI', 'En Relación a los RC Mobiliario y/o Preferentes se manifiesta lo siguiente:', 'Rescate de una Plan de AGF', 20, 17);
INSERT INTO `t_impuestodeclaracionrespuesta` (`idt_impuestoDeclaracionRespuesta`, `t_impuestoDeclaracion_idt_impuestoDeclaracion`, `t_impuestoDeclaracionRespuestaPregunta`, `t_impuestoDeclaracionRespuestaRespuesta`, `t_impuestoDeclaracionRespuestaTituloObser`, `t_impuestoDeclaracionRespuestaObservacion`, `t_impuestoPreguntas_idt_impuestoPreguntas`, `t_impuestoDeclaracionRespuestaIdDeclarante`) VALUES(352, 12, '¿Es propietario de algún Inmueble que tenga Alquilado?', 'NO', 'En Relación al Arrendamiento de Inmuebles se manifiesta lo siguiente:', '', 21, 17);
INSERT INTO `t_impuestodeclaracionrespuesta` (`idt_impuestoDeclaracionRespuesta`, `t_impuestoDeclaracion_idt_impuestoDeclaracion`, `t_impuestoDeclaracionRespuestaPregunta`, `t_impuestoDeclaracionRespuestaRespuesta`, `t_impuestoDeclaracionRespuestaTituloObser`, `t_impuestoDeclaracionRespuestaObservacion`, `t_impuestoPreguntas_idt_impuestoPreguntas`, `t_impuestoDeclaracionRespuestaIdDeclarante`) VALUES(353, 12, '¿Tiene algún Inmueble que NO venga en los Datos Fiscales?', 'NO', 'En Relación a Inmuebles que NO vienen en los Datos Fiscales se manifiesta:', '', 22, 17);
INSERT INTO `t_impuestodeclaracionrespuesta` (`idt_impuestoDeclaracionRespuesta`, `t_impuestoDeclaracion_idt_impuestoDeclaracion`, `t_impuestoDeclaracionRespuestaPregunta`, `t_impuestoDeclaracionRespuestaRespuesta`, `t_impuestoDeclaracionRespuestaTituloObser`, `t_impuestoDeclaracionRespuestaObservacion`, `t_impuestoPreguntas_idt_impuestoPreguntas`, `t_impuestoDeclaracionRespuestaIdDeclarante`) VALUES(354, 12, '¿Ha vendido Acciones o cualquier otro Producto Financiero que NO venga en los Datos Fiscales?', 'NO', 'En Relación a la Venta de Acciones se manifiesta:', '', 24, 17);
INSERT INTO `t_impuestodeclaracionrespuesta` (`idt_impuestoDeclaracionRespuesta`, `t_impuestoDeclaracion_idt_impuestoDeclaracion`, `t_impuestoDeclaracionRespuestaPregunta`, `t_impuestoDeclaracionRespuestaRespuesta`, `t_impuestoDeclaracionRespuestaTituloObser`, `t_impuestoDeclaracionRespuestaObservacion`, `t_impuestoPreguntas_idt_impuestoPreguntas`, `t_impuestoDeclaracionRespuestaIdDeclarante`) VALUES(355, 12, '¿Ha transmitido algún Inmueble en el ejercicio (Venta - Donación - Dación en Pago - Ejecución Hip.)?', 'NO', 'En Relación a la Venta de Inmueble se manifiesta:', '', 25, 17);
INSERT INTO `t_impuestodeclaracionrespuesta` (`idt_impuestoDeclaracionRespuesta`, `t_impuestoDeclaracion_idt_impuestoDeclaracion`, `t_impuestoDeclaracionRespuestaPregunta`, `t_impuestoDeclaracionRespuestaRespuesta`, `t_impuestoDeclaracionRespuestaTituloObser`, `t_impuestoDeclaracionRespuestaObservacion`, `t_impuestoPreguntas_idt_impuestoPreguntas`, `t_impuestoDeclaracionRespuestaIdDeclarante`) VALUES(356, 12, '¿Tiene Cláusula Suelo - Gastos de Hipoteca que haya reclamado y recibido del Banco?', 'NO', 'En Relación a Cláusulas Suelo y Gastos de Hipoteca:', '', 26, 17);
INSERT INTO `t_impuestodeclaracionrespuesta` (`idt_impuestoDeclaracionRespuesta`, `t_impuestoDeclaracion_idt_impuestoDeclaracion`, `t_impuestoDeclaracionRespuestaPregunta`, `t_impuestoDeclaracionRespuestaRespuesta`, `t_impuestoDeclaracionRespuestaTituloObser`, `t_impuestoDeclaracionRespuestaObservacion`, `t_impuestoPreguntas_idt_impuestoPreguntas`, `t_impuestoDeclaracionRespuestaIdDeclarante`) VALUES(357, 12, '¿Ha cobrado algún tipo de Subvención en el Ejercicio?', 'NO', 'En Relación con el Cobro de Subvenciones el Cliente manifiesta:', '', 27, 17);
INSERT INTO `t_impuestodeclaracionrespuesta` (`idt_impuestoDeclaracionRespuesta`, `t_impuestoDeclaracion_idt_impuestoDeclaracion`, `t_impuestoDeclaracionRespuestaPregunta`, `t_impuestoDeclaracionRespuestaRespuesta`, `t_impuestoDeclaracionRespuestaTituloObser`, `t_impuestoDeclaracionRespuestaObservacion`, `t_impuestoPreguntas_idt_impuestoPreguntas`, `t_impuestoDeclaracionRespuestaIdDeclarante`) VALUES(358, 12, '¿Sus Hijos van a Colegio Privado? (Deducción Autonómica por Gastos de Escolaridad Obligatorios)', 'SI', NULL, '', 30, 17);
INSERT INTO `t_impuestodeclaracionrespuesta` (`idt_impuestoDeclaracionRespuesta`, `t_impuestoDeclaracion_idt_impuestoDeclaracion`, `t_impuestoDeclaracionRespuestaPregunta`, `t_impuestoDeclaracionRespuestaRespuesta`, `t_impuestoDeclaracionRespuestaTituloObser`, `t_impuestoDeclaracionRespuestaObservacion`, `t_impuestoPreguntas_idt_impuestoPreguntas`, `t_impuestoDeclaracionRespuestaIdDeclarante`) VALUES(359, 12, 'En caso de pago ¿Desea Fraccionar el Pago?', 'NO', NULL, '', 37, 17);
INSERT INTO `t_impuestodeclaracionrespuesta` (`idt_impuestoDeclaracionRespuesta`, `t_impuestoDeclaracion_idt_impuestoDeclaracion`, `t_impuestoDeclaracionRespuestaPregunta`, `t_impuestoDeclaracionRespuestaRespuesta`, `t_impuestoDeclaracionRespuestaTituloObser`, `t_impuestoDeclaracionRespuestaObservacion`, `t_impuestoPreguntas_idt_impuestoPreguntas`, `t_impuestoDeclaracionRespuestaIdDeclarante`) VALUES(360, 12, '¿Proporciona fecha de validez de los DNI del Grupo Familiar?', 'SI', 'Las fechas de validez de los DNI de los integrantes del Grupo Familiar son:', '01-12-2025', 38, 17);
INSERT INTO `t_impuestodeclaracionrespuesta` (`idt_impuestoDeclaracionRespuesta`, `t_impuestoDeclaracion_idt_impuestoDeclaracion`, `t_impuestoDeclaracionRespuestaPregunta`, `t_impuestoDeclaracionRespuestaRespuesta`, `t_impuestoDeclaracionRespuestaTituloObser`, `t_impuestoDeclaracionRespuestaObservacion`, `t_impuestoPreguntas_idt_impuestoPreguntas`, `t_impuestoDeclaracionRespuestaIdDeclarante`) VALUES(361, 13, '¿Ha habido algún cambio en la Situación Familiar con respecto a la Renta anterior?', 'NO', 'En relación al cambio en la Situación Familiar con respecto a la Renta del año anterior el Declarante manifiesta:', '', 2, 18);
INSERT INTO `t_impuestodeclaracionrespuesta` (`idt_impuestoDeclaracionRespuesta`, `t_impuestoDeclaracion_idt_impuestoDeclaracion`, `t_impuestoDeclaracionRespuestaPregunta`, `t_impuestoDeclaracionRespuestaRespuesta`, `t_impuestoDeclaracionRespuestaTituloObser`, `t_impuestoDeclaracionRespuestaObservacion`, `t_impuestoPreguntas_idt_impuestoPreguntas`, `t_impuestoDeclaracionRespuestaIdDeclarante`) VALUES(362, 13, '¿Ha Cambiado de Domicilio y desea marcarlo?\r\n', 'NO', NULL, '', 9, 18);
INSERT INTO `t_impuestodeclaracionrespuesta` (`idt_impuestoDeclaracionRespuesta`, `t_impuestoDeclaracion_idt_impuestoDeclaracion`, `t_impuestoDeclaracionRespuestaPregunta`, `t_impuestoDeclaracionRespuestaRespuesta`, `t_impuestoDeclaracionRespuestaTituloObser`, `t_impuestoDeclaracionRespuestaObservacion`, `t_impuestoPreguntas_idt_impuestoPreguntas`, `t_impuestoDeclaracionRespuestaIdDeclarante`) VALUES(363, 13, '¿A dónde elige que vaya a parar el 0,7 % de sus impuestos?\r\n', 'NO', 'En Relación a la Asignación Tributaria el Cliente manifesta:\r\n', '', 11, 18);
INSERT INTO `t_impuestodeclaracionrespuesta` (`idt_impuestoDeclaracionRespuesta`, `t_impuestoDeclaracion_idt_impuestoDeclaracion`, `t_impuestoDeclaracionRespuestaPregunta`, `t_impuestoDeclaracionRespuestaRespuesta`, `t_impuestoDeclaracionRespuestaTituloObser`, `t_impuestoDeclaracionRespuestaObservacion`, `t_impuestoPreguntas_idt_impuestoPreguntas`, `t_impuestoDeclaracionRespuestaIdDeclarante`) VALUES(364, 13, '¿Ha sido despedido de alguna Empresa o ha tenido algún Juicio o ha Cobrado algo de un Juicio Anterior?', 'NO', 'Situación a Informar en Caso de Despido - Juicio - FOGASA, etc:', '', 17, 18);
INSERT INTO `t_impuestodeclaracionrespuesta` (`idt_impuestoDeclaracionRespuesta`, `t_impuestoDeclaracion_idt_impuestoDeclaracion`, `t_impuestoDeclaracionRespuestaPregunta`, `t_impuestoDeclaracionRespuestaRespuesta`, `t_impuestoDeclaracionRespuestaTituloObser`, `t_impuestoDeclaracionRespuestaObservacion`, `t_impuestoPreguntas_idt_impuestoPreguntas`, `t_impuestoDeclaracionRespuestaIdDeclarante`) VALUES(365, 13, '¿Ha Cobrado Alguna Pensión Compensatoria Usted o alguno de sus hijos a cargo?', 'NO', 'En Relación a la Pensión Compensatoria y/o Anualidades por Alimentos el Cliente manifiesta:', '', 19, 18);
INSERT INTO `t_impuestodeclaracionrespuesta` (`idt_impuestoDeclaracionRespuesta`, `t_impuestoDeclaracion_idt_impuestoDeclaracion`, `t_impuestoDeclaracionRespuestaPregunta`, `t_impuestoDeclaracionRespuestaRespuesta`, `t_impuestoDeclaracionRespuestaTituloObser`, `t_impuestoDeclaracionRespuestaObservacion`, `t_impuestoPreguntas_idt_impuestoPreguntas`, `t_impuestoDeclaracionRespuestaIdDeclarante`) VALUES(366, 13, '¿Tiene algún ingreso Bancario, Dividendo, etc, que NO venga en los Datos Fiscales? ¿Particip. Preferentes?', 'NO', 'En Relación a los RC Mobiliario y/o Preferentes se manifiesta lo siguiente:', '', 20, 18);
INSERT INTO `t_impuestodeclaracionrespuesta` (`idt_impuestoDeclaracionRespuesta`, `t_impuestoDeclaracion_idt_impuestoDeclaracion`, `t_impuestoDeclaracionRespuestaPregunta`, `t_impuestoDeclaracionRespuestaRespuesta`, `t_impuestoDeclaracionRespuestaTituloObser`, `t_impuestoDeclaracionRespuestaObservacion`, `t_impuestoPreguntas_idt_impuestoPreguntas`, `t_impuestoDeclaracionRespuestaIdDeclarante`) VALUES(367, 13, '¿Es propietario de algún Inmueble que tenga Alquilado?', 'NO', 'En Relación al Arrendamiento de Inmuebles se manifiesta lo siguiente:', '', 21, 18);
INSERT INTO `t_impuestodeclaracionrespuesta` (`idt_impuestoDeclaracionRespuesta`, `t_impuestoDeclaracion_idt_impuestoDeclaracion`, `t_impuestoDeclaracionRespuestaPregunta`, `t_impuestoDeclaracionRespuestaRespuesta`, `t_impuestoDeclaracionRespuestaTituloObser`, `t_impuestoDeclaracionRespuestaObservacion`, `t_impuestoPreguntas_idt_impuestoPreguntas`, `t_impuestoDeclaracionRespuestaIdDeclarante`) VALUES(368, 13, '¿Tiene algún Inmueble que NO venga en los Datos Fiscales?', 'NO', 'En Relación a Inmuebles que NO vienen en los Datos Fiscales se manifiesta:', '', 22, 18);
INSERT INTO `t_impuestodeclaracionrespuesta` (`idt_impuestoDeclaracionRespuesta`, `t_impuestoDeclaracion_idt_impuestoDeclaracion`, `t_impuestoDeclaracionRespuestaPregunta`, `t_impuestoDeclaracionRespuestaRespuesta`, `t_impuestoDeclaracionRespuestaTituloObser`, `t_impuestoDeclaracionRespuestaObservacion`, `t_impuestoPreguntas_idt_impuestoPreguntas`, `t_impuestoDeclaracionRespuestaIdDeclarante`) VALUES(369, 13, '¿Ha vendido Acciones o cualquier otro Producto Financiero que NO venga en los Datos Fiscales?', 'NO', 'En Relación a la Venta de Acciones se manifiesta:', '', 24, 18);
INSERT INTO `t_impuestodeclaracionrespuesta` (`idt_impuestoDeclaracionRespuesta`, `t_impuestoDeclaracion_idt_impuestoDeclaracion`, `t_impuestoDeclaracionRespuestaPregunta`, `t_impuestoDeclaracionRespuestaRespuesta`, `t_impuestoDeclaracionRespuestaTituloObser`, `t_impuestoDeclaracionRespuestaObservacion`, `t_impuestoPreguntas_idt_impuestoPreguntas`, `t_impuestoDeclaracionRespuestaIdDeclarante`) VALUES(370, 13, '¿Ha transmitido algún Inmueble en el ejercicio (Venta - Donación - Dación en Pago - Ejecución Hip.)?', 'NO', 'En Relación a la Venta de Inmueble se manifiesta:', '', 25, 18);
INSERT INTO `t_impuestodeclaracionrespuesta` (`idt_impuestoDeclaracionRespuesta`, `t_impuestoDeclaracion_idt_impuestoDeclaracion`, `t_impuestoDeclaracionRespuestaPregunta`, `t_impuestoDeclaracionRespuestaRespuesta`, `t_impuestoDeclaracionRespuestaTituloObser`, `t_impuestoDeclaracionRespuestaObservacion`, `t_impuestoPreguntas_idt_impuestoPreguntas`, `t_impuestoDeclaracionRespuestaIdDeclarante`) VALUES(371, 13, '¿Tiene Cláusula Suelo - Gastos de Hipoteca que haya reclamado y recibido del Banco?', 'NO', 'En Relación a Cláusulas Suelo y Gastos de Hipoteca:', '', 26, 18);
INSERT INTO `t_impuestodeclaracionrespuesta` (`idt_impuestoDeclaracionRespuesta`, `t_impuestoDeclaracion_idt_impuestoDeclaracion`, `t_impuestoDeclaracionRespuestaPregunta`, `t_impuestoDeclaracionRespuestaRespuesta`, `t_impuestoDeclaracionRespuestaTituloObser`, `t_impuestoDeclaracionRespuestaObservacion`, `t_impuestoPreguntas_idt_impuestoPreguntas`, `t_impuestoDeclaracionRespuestaIdDeclarante`) VALUES(372, 13, '¿Ha cobrado algún tipo de Subvención en el Ejercicio?', 'NO', 'En Relación con el Cobro de Subvenciones el Cliente manifiesta:', '', 27, 18);
INSERT INTO `t_impuestodeclaracionrespuesta` (`idt_impuestoDeclaracionRespuesta`, `t_impuestoDeclaracion_idt_impuestoDeclaracion`, `t_impuestoDeclaracionRespuestaPregunta`, `t_impuestoDeclaracionRespuestaRespuesta`, `t_impuestoDeclaracionRespuestaTituloObser`, `t_impuestoDeclaracionRespuestaObservacion`, `t_impuestoPreguntas_idt_impuestoPreguntas`, `t_impuestoDeclaracionRespuestaIdDeclarante`) VALUES(373, 13, '¿Ha realizado Donativos a Entidades sin ánimo de Lucro?', 'NO', NULL, '', 33, 18);
INSERT INTO `t_impuestodeclaracionrespuesta` (`idt_impuestoDeclaracionRespuesta`, `t_impuestoDeclaracion_idt_impuestoDeclaracion`, `t_impuestoDeclaracionRespuestaPregunta`, `t_impuestoDeclaracionRespuestaRespuesta`, `t_impuestoDeclaracionRespuestaTituloObser`, `t_impuestoDeclaracionRespuestaObservacion`, `t_impuestoPreguntas_idt_impuestoPreguntas`, `t_impuestoDeclaracionRespuestaIdDeclarante`) VALUES(374, 13, 'En caso de pago ¿Desea Fraccionar el Pago?', 'NO', NULL, '', 37, 18);
INSERT INTO `t_impuestodeclaracionrespuesta` (`idt_impuestoDeclaracionRespuesta`, `t_impuestoDeclaracion_idt_impuestoDeclaracion`, `t_impuestoDeclaracionRespuestaPregunta`, `t_impuestoDeclaracionRespuestaRespuesta`, `t_impuestoDeclaracionRespuestaTituloObser`, `t_impuestoDeclaracionRespuestaObservacion`, `t_impuestoPreguntas_idt_impuestoPreguntas`, `t_impuestoDeclaracionRespuestaIdDeclarante`) VALUES(375, 13, '¿Proporciona fecha de validez de los DNI del Grupo Familiar?', 'NO', 'Las fechas de validez de los DNI de los integrantes del Grupo Familiar son:', '', 38, 18);
INSERT INTO `t_impuestodeclaracionrespuesta` (`idt_impuestoDeclaracionRespuesta`, `t_impuestoDeclaracion_idt_impuestoDeclaracion`, `t_impuestoDeclaracionRespuestaPregunta`, `t_impuestoDeclaracionRespuestaRespuesta`, `t_impuestoDeclaracionRespuestaTituloObser`, `t_impuestoDeclaracionRespuestaObservacion`, `t_impuestoPreguntas_idt_impuestoPreguntas`, `t_impuestoDeclaracionRespuestaIdDeclarante`) VALUES(376, 14, '¿Ha habido algún cambio en la Situación Familiar con respecto a la Renta anterior?', 'NO', 'En relación al cambio en la Situación Familiar con respecto a la Renta del año anterior el Declarante manifiesta:', '', 2, 19);
INSERT INTO `t_impuestodeclaracionrespuesta` (`idt_impuestoDeclaracionRespuesta`, `t_impuestoDeclaracion_idt_impuestoDeclaracion`, `t_impuestoDeclaracionRespuestaPregunta`, `t_impuestoDeclaracionRespuestaRespuesta`, `t_impuestoDeclaracionRespuestaTituloObser`, `t_impuestoDeclaracionRespuestaObservacion`, `t_impuestoPreguntas_idt_impuestoPreguntas`, `t_impuestoDeclaracionRespuestaIdDeclarante`) VALUES(377, 14, '¿Ha Cambiado de Domicilio y desea marcarlo?\r\n', 'NO', NULL, '', 9, 19);
INSERT INTO `t_impuestodeclaracionrespuesta` (`idt_impuestoDeclaracionRespuesta`, `t_impuestoDeclaracion_idt_impuestoDeclaracion`, `t_impuestoDeclaracionRespuestaPregunta`, `t_impuestoDeclaracionRespuestaRespuesta`, `t_impuestoDeclaracionRespuestaTituloObser`, `t_impuestoDeclaracionRespuestaObservacion`, `t_impuestoPreguntas_idt_impuestoPreguntas`, `t_impuestoDeclaracionRespuestaIdDeclarante`) VALUES(378, 14, '¿A dónde elige que vaya a parar el 0,7 % de sus impuestos?\r\n', 'NO', 'En Relación a la Asignación Tributaria el Cliente manifesta:\r\n', '', 11, 19);
INSERT INTO `t_impuestodeclaracionrespuesta` (`idt_impuestoDeclaracionRespuesta`, `t_impuestoDeclaracion_idt_impuestoDeclaracion`, `t_impuestoDeclaracionRespuestaPregunta`, `t_impuestoDeclaracionRespuestaRespuesta`, `t_impuestoDeclaracionRespuestaTituloObser`, `t_impuestoDeclaracionRespuestaObservacion`, `t_impuestoPreguntas_idt_impuestoPreguntas`, `t_impuestoDeclaracionRespuestaIdDeclarante`) VALUES(379, 14, '¿Ha sido despedido de alguna Empresa o ha tenido algún Juicio o ha Cobrado algo de un Juicio Anterior?', 'NO', 'Situación a Informar en Caso de Despido - Juicio - FOGASA, etc:', '', 17, 19);
INSERT INTO `t_impuestodeclaracionrespuesta` (`idt_impuestoDeclaracionRespuesta`, `t_impuestoDeclaracion_idt_impuestoDeclaracion`, `t_impuestoDeclaracionRespuestaPregunta`, `t_impuestoDeclaracionRespuestaRespuesta`, `t_impuestoDeclaracionRespuestaTituloObser`, `t_impuestoDeclaracionRespuestaObservacion`, `t_impuestoPreguntas_idt_impuestoPreguntas`, `t_impuestoDeclaracionRespuestaIdDeclarante`) VALUES(380, 14, '¿Ha Cobrado Alguna Pensión Compensatoria Usted o alguno de sus hijos a cargo?', 'NO', 'En Relación a la Pensión Compensatoria y/o Anualidades por Alimentos el Cliente manifiesta:', '', 19, 19);
INSERT INTO `t_impuestodeclaracionrespuesta` (`idt_impuestoDeclaracionRespuesta`, `t_impuestoDeclaracion_idt_impuestoDeclaracion`, `t_impuestoDeclaracionRespuestaPregunta`, `t_impuestoDeclaracionRespuestaRespuesta`, `t_impuestoDeclaracionRespuestaTituloObser`, `t_impuestoDeclaracionRespuestaObservacion`, `t_impuestoPreguntas_idt_impuestoPreguntas`, `t_impuestoDeclaracionRespuestaIdDeclarante`) VALUES(381, 14, '¿Tiene algún ingreso Bancario, Dividendo, etc, que NO venga en los Datos Fiscales? ¿Particip. Preferentes?', 'NO', 'En Relación a los RC Mobiliario y/o Preferentes se manifiesta lo siguiente:', '', 20, 19);
INSERT INTO `t_impuestodeclaracionrespuesta` (`idt_impuestoDeclaracionRespuesta`, `t_impuestoDeclaracion_idt_impuestoDeclaracion`, `t_impuestoDeclaracionRespuestaPregunta`, `t_impuestoDeclaracionRespuestaRespuesta`, `t_impuestoDeclaracionRespuestaTituloObser`, `t_impuestoDeclaracionRespuestaObservacion`, `t_impuestoPreguntas_idt_impuestoPreguntas`, `t_impuestoDeclaracionRespuestaIdDeclarante`) VALUES(382, 14, '¿Es propietario de algún Inmueble que tenga Alquilado?', 'NO', 'En Relación al Arrendamiento de Inmuebles se manifiesta lo siguiente:', '', 21, 19);
INSERT INTO `t_impuestodeclaracionrespuesta` (`idt_impuestoDeclaracionRespuesta`, `t_impuestoDeclaracion_idt_impuestoDeclaracion`, `t_impuestoDeclaracionRespuestaPregunta`, `t_impuestoDeclaracionRespuestaRespuesta`, `t_impuestoDeclaracionRespuestaTituloObser`, `t_impuestoDeclaracionRespuestaObservacion`, `t_impuestoPreguntas_idt_impuestoPreguntas`, `t_impuestoDeclaracionRespuestaIdDeclarante`) VALUES(383, 14, '¿Tiene algún Inmueble que NO venga en los Datos Fiscales?', 'NO', 'En Relación a Inmuebles que NO vienen en los Datos Fiscales se manifiesta:', '', 22, 19);
INSERT INTO `t_impuestodeclaracionrespuesta` (`idt_impuestoDeclaracionRespuesta`, `t_impuestoDeclaracion_idt_impuestoDeclaracion`, `t_impuestoDeclaracionRespuestaPregunta`, `t_impuestoDeclaracionRespuestaRespuesta`, `t_impuestoDeclaracionRespuestaTituloObser`, `t_impuestoDeclaracionRespuestaObservacion`, `t_impuestoPreguntas_idt_impuestoPreguntas`, `t_impuestoDeclaracionRespuestaIdDeclarante`) VALUES(384, 14, '¿Ha vendido Acciones o cualquier otro Producto Financiero que NO venga en los Datos Fiscales?', 'NO', 'En Relación a la Venta de Acciones se manifiesta:', '', 24, 19);
INSERT INTO `t_impuestodeclaracionrespuesta` (`idt_impuestoDeclaracionRespuesta`, `t_impuestoDeclaracion_idt_impuestoDeclaracion`, `t_impuestoDeclaracionRespuestaPregunta`, `t_impuestoDeclaracionRespuestaRespuesta`, `t_impuestoDeclaracionRespuestaTituloObser`, `t_impuestoDeclaracionRespuestaObservacion`, `t_impuestoPreguntas_idt_impuestoPreguntas`, `t_impuestoDeclaracionRespuestaIdDeclarante`) VALUES(385, 14, '¿Ha transmitido algún Inmueble en el ejercicio (Venta - Donación - Dación en Pago - Ejecución Hip.)?', 'NO', 'En Relación a la Venta de Inmueble se manifiesta:', '', 25, 19);
INSERT INTO `t_impuestodeclaracionrespuesta` (`idt_impuestoDeclaracionRespuesta`, `t_impuestoDeclaracion_idt_impuestoDeclaracion`, `t_impuestoDeclaracionRespuestaPregunta`, `t_impuestoDeclaracionRespuestaRespuesta`, `t_impuestoDeclaracionRespuestaTituloObser`, `t_impuestoDeclaracionRespuestaObservacion`, `t_impuestoPreguntas_idt_impuestoPreguntas`, `t_impuestoDeclaracionRespuestaIdDeclarante`) VALUES(386, 14, '¿Tiene Cláusula Suelo - Gastos de Hipoteca que haya reclamado y recibido del Banco?', 'NO', 'En Relación a Cláusulas Suelo y Gastos de Hipoteca:', '', 26, 19);
INSERT INTO `t_impuestodeclaracionrespuesta` (`idt_impuestoDeclaracionRespuesta`, `t_impuestoDeclaracion_idt_impuestoDeclaracion`, `t_impuestoDeclaracionRespuestaPregunta`, `t_impuestoDeclaracionRespuestaRespuesta`, `t_impuestoDeclaracionRespuestaTituloObser`, `t_impuestoDeclaracionRespuestaObservacion`, `t_impuestoPreguntas_idt_impuestoPreguntas`, `t_impuestoDeclaracionRespuestaIdDeclarante`) VALUES(387, 14, '¿Ha cobrado algún tipo de Subvención en el Ejercicio?', 'NO', 'En Relación con el Cobro de Subvenciones el Cliente manifiesta:', '', 27, 19);
INSERT INTO `t_impuestodeclaracionrespuesta` (`idt_impuestoDeclaracionRespuesta`, `t_impuestoDeclaracion_idt_impuestoDeclaracion`, `t_impuestoDeclaracionRespuestaPregunta`, `t_impuestoDeclaracionRespuestaRespuesta`, `t_impuestoDeclaracionRespuestaTituloObser`, `t_impuestoDeclaracionRespuestaObservacion`, `t_impuestoPreguntas_idt_impuestoPreguntas`, `t_impuestoDeclaracionRespuestaIdDeclarante`) VALUES(388, 14, '¿Ha realizado Donativos a Entidades sin ánimo de Lucro?', 'NO', NULL, '', 33, 19);
INSERT INTO `t_impuestodeclaracionrespuesta` (`idt_impuestoDeclaracionRespuesta`, `t_impuestoDeclaracion_idt_impuestoDeclaracion`, `t_impuestoDeclaracionRespuestaPregunta`, `t_impuestoDeclaracionRespuestaRespuesta`, `t_impuestoDeclaracionRespuestaTituloObser`, `t_impuestoDeclaracionRespuestaObservacion`, `t_impuestoPreguntas_idt_impuestoPreguntas`, `t_impuestoDeclaracionRespuestaIdDeclarante`) VALUES(389, 14, 'En caso de pago ¿Desea Fraccionar el Pago?', 'NO', NULL, '', 37, 19);
INSERT INTO `t_impuestodeclaracionrespuesta` (`idt_impuestoDeclaracionRespuesta`, `t_impuestoDeclaracion_idt_impuestoDeclaracion`, `t_impuestoDeclaracionRespuestaPregunta`, `t_impuestoDeclaracionRespuestaRespuesta`, `t_impuestoDeclaracionRespuestaTituloObser`, `t_impuestoDeclaracionRespuestaObservacion`, `t_impuestoPreguntas_idt_impuestoPreguntas`, `t_impuestoDeclaracionRespuestaIdDeclarante`) VALUES(390, 14, '¿Proporciona fecha de validez de los DNI del Grupo Familiar?', 'NO', 'Las fechas de validez de los DNI de los integrantes del Grupo Familiar son:', '', 38, 19);
INSERT INTO `t_impuestodeclaracionrespuesta` (`idt_impuestoDeclaracionRespuesta`, `t_impuestoDeclaracion_idt_impuestoDeclaracion`, `t_impuestoDeclaracionRespuestaPregunta`, `t_impuestoDeclaracionRespuestaRespuesta`, `t_impuestoDeclaracionRespuestaTituloObser`, `t_impuestoDeclaracionRespuestaObservacion`, `t_impuestoPreguntas_idt_impuestoPreguntas`, `t_impuestoDeclaracionRespuestaIdDeclarante`) VALUES(391, 14, '¿Ha habido algún cambio en la Situación Familiar con respecto a la Renta anterior?', 'NO', 'En relación al cambio en la Situación Familiar con respecto a la Renta del año anterior el Declarante manifiesta:', '', 2, 20);
INSERT INTO `t_impuestodeclaracionrespuesta` (`idt_impuestoDeclaracionRespuesta`, `t_impuestoDeclaracion_idt_impuestoDeclaracion`, `t_impuestoDeclaracionRespuestaPregunta`, `t_impuestoDeclaracionRespuestaRespuesta`, `t_impuestoDeclaracionRespuestaTituloObser`, `t_impuestoDeclaracionRespuestaObservacion`, `t_impuestoPreguntas_idt_impuestoPreguntas`, `t_impuestoDeclaracionRespuestaIdDeclarante`) VALUES(392, 14, '¿Ha Cambiado de Domicilio y desea marcarlo?\r\n', 'NO', NULL, '', 9, 20);
INSERT INTO `t_impuestodeclaracionrespuesta` (`idt_impuestoDeclaracionRespuesta`, `t_impuestoDeclaracion_idt_impuestoDeclaracion`, `t_impuestoDeclaracionRespuestaPregunta`, `t_impuestoDeclaracionRespuestaRespuesta`, `t_impuestoDeclaracionRespuestaTituloObser`, `t_impuestoDeclaracionRespuestaObservacion`, `t_impuestoPreguntas_idt_impuestoPreguntas`, `t_impuestoDeclaracionRespuestaIdDeclarante`) VALUES(393, 14, '¿A dónde elige que vaya a parar el 0,7 % de sus impuestos?\r\n', 'NO', 'En Relación a la Asignación Tributaria el Cliente manifesta:\r\n', '', 11, 20);
INSERT INTO `t_impuestodeclaracionrespuesta` (`idt_impuestoDeclaracionRespuesta`, `t_impuestoDeclaracion_idt_impuestoDeclaracion`, `t_impuestoDeclaracionRespuestaPregunta`, `t_impuestoDeclaracionRespuestaRespuesta`, `t_impuestoDeclaracionRespuestaTituloObser`, `t_impuestoDeclaracionRespuestaObservacion`, `t_impuestoPreguntas_idt_impuestoPreguntas`, `t_impuestoDeclaracionRespuestaIdDeclarante`) VALUES(394, 14, '¿Ha sido despedido de alguna Empresa o ha tenido algún Juicio o ha Cobrado algo de un Juicio Anterior?', 'NO', 'Situación a Informar en Caso de Despido - Juicio - FOGASA, etc:', '', 17, 20);
INSERT INTO `t_impuestodeclaracionrespuesta` (`idt_impuestoDeclaracionRespuesta`, `t_impuestoDeclaracion_idt_impuestoDeclaracion`, `t_impuestoDeclaracionRespuestaPregunta`, `t_impuestoDeclaracionRespuestaRespuesta`, `t_impuestoDeclaracionRespuestaTituloObser`, `t_impuestoDeclaracionRespuestaObservacion`, `t_impuestoPreguntas_idt_impuestoPreguntas`, `t_impuestoDeclaracionRespuestaIdDeclarante`) VALUES(395, 14, '¿Ha Cobrado Alguna Pensión Compensatoria Usted o alguno de sus hijos a cargo?', 'NO', 'En Relación a la Pensión Compensatoria y/o Anualidades por Alimentos el Cliente manifiesta:', '', 19, 20);
INSERT INTO `t_impuestodeclaracionrespuesta` (`idt_impuestoDeclaracionRespuesta`, `t_impuestoDeclaracion_idt_impuestoDeclaracion`, `t_impuestoDeclaracionRespuestaPregunta`, `t_impuestoDeclaracionRespuestaRespuesta`, `t_impuestoDeclaracionRespuestaTituloObser`, `t_impuestoDeclaracionRespuestaObservacion`, `t_impuestoPreguntas_idt_impuestoPreguntas`, `t_impuestoDeclaracionRespuestaIdDeclarante`) VALUES(396, 14, '¿Tiene algún ingreso Bancario, Dividendo, etc, que NO venga en los Datos Fiscales? ¿Particip. Preferentes?', 'NO', 'En Relación a los RC Mobiliario y/o Preferentes se manifiesta lo siguiente:', '', 20, 20);
INSERT INTO `t_impuestodeclaracionrespuesta` (`idt_impuestoDeclaracionRespuesta`, `t_impuestoDeclaracion_idt_impuestoDeclaracion`, `t_impuestoDeclaracionRespuestaPregunta`, `t_impuestoDeclaracionRespuestaRespuesta`, `t_impuestoDeclaracionRespuestaTituloObser`, `t_impuestoDeclaracionRespuestaObservacion`, `t_impuestoPreguntas_idt_impuestoPreguntas`, `t_impuestoDeclaracionRespuestaIdDeclarante`) VALUES(397, 14, '¿Es propietario de algún Inmueble que tenga Alquilado?', 'NO', 'En Relación al Arrendamiento de Inmuebles se manifiesta lo siguiente:', '', 21, 20);
INSERT INTO `t_impuestodeclaracionrespuesta` (`idt_impuestoDeclaracionRespuesta`, `t_impuestoDeclaracion_idt_impuestoDeclaracion`, `t_impuestoDeclaracionRespuestaPregunta`, `t_impuestoDeclaracionRespuestaRespuesta`, `t_impuestoDeclaracionRespuestaTituloObser`, `t_impuestoDeclaracionRespuestaObservacion`, `t_impuestoPreguntas_idt_impuestoPreguntas`, `t_impuestoDeclaracionRespuestaIdDeclarante`) VALUES(398, 14, '¿Tiene algún Inmueble que NO venga en los Datos Fiscales?', 'NO', 'En Relación a Inmuebles que NO vienen en los Datos Fiscales se manifiesta:', '', 22, 20);
INSERT INTO `t_impuestodeclaracionrespuesta` (`idt_impuestoDeclaracionRespuesta`, `t_impuestoDeclaracion_idt_impuestoDeclaracion`, `t_impuestoDeclaracionRespuestaPregunta`, `t_impuestoDeclaracionRespuestaRespuesta`, `t_impuestoDeclaracionRespuestaTituloObser`, `t_impuestoDeclaracionRespuestaObservacion`, `t_impuestoPreguntas_idt_impuestoPreguntas`, `t_impuestoDeclaracionRespuestaIdDeclarante`) VALUES(399, 14, '¿Ha vendido Acciones o cualquier otro Producto Financiero que NO venga en los Datos Fiscales?', 'NO', 'En Relación a la Venta de Acciones se manifiesta:', '', 24, 20);
INSERT INTO `t_impuestodeclaracionrespuesta` (`idt_impuestoDeclaracionRespuesta`, `t_impuestoDeclaracion_idt_impuestoDeclaracion`, `t_impuestoDeclaracionRespuestaPregunta`, `t_impuestoDeclaracionRespuestaRespuesta`, `t_impuestoDeclaracionRespuestaTituloObser`, `t_impuestoDeclaracionRespuestaObservacion`, `t_impuestoPreguntas_idt_impuestoPreguntas`, `t_impuestoDeclaracionRespuestaIdDeclarante`) VALUES(400, 14, '¿Ha transmitido algún Inmueble en el ejercicio (Venta - Donación - Dación en Pago - Ejecución Hip.)?', 'NO', 'En Relación a la Venta de Inmueble se manifiesta:', '', 25, 20);
INSERT INTO `t_impuestodeclaracionrespuesta` (`idt_impuestoDeclaracionRespuesta`, `t_impuestoDeclaracion_idt_impuestoDeclaracion`, `t_impuestoDeclaracionRespuestaPregunta`, `t_impuestoDeclaracionRespuestaRespuesta`, `t_impuestoDeclaracionRespuestaTituloObser`, `t_impuestoDeclaracionRespuestaObservacion`, `t_impuestoPreguntas_idt_impuestoPreguntas`, `t_impuestoDeclaracionRespuestaIdDeclarante`) VALUES(401, 14, '¿Tiene Cláusula Suelo - Gastos de Hipoteca que haya reclamado y recibido del Banco?', 'NO', 'En Relación a Cláusulas Suelo y Gastos de Hipoteca:', '', 26, 20);
INSERT INTO `t_impuestodeclaracionrespuesta` (`idt_impuestoDeclaracionRespuesta`, `t_impuestoDeclaracion_idt_impuestoDeclaracion`, `t_impuestoDeclaracionRespuestaPregunta`, `t_impuestoDeclaracionRespuestaRespuesta`, `t_impuestoDeclaracionRespuestaTituloObser`, `t_impuestoDeclaracionRespuestaObservacion`, `t_impuestoPreguntas_idt_impuestoPreguntas`, `t_impuestoDeclaracionRespuestaIdDeclarante`) VALUES(402, 14, '¿Ha cobrado algún tipo de Subvención en el Ejercicio?', 'NO', 'En Relación con el Cobro de Subvenciones el Cliente manifiesta:', '', 27, 20);
INSERT INTO `t_impuestodeclaracionrespuesta` (`idt_impuestoDeclaracionRespuesta`, `t_impuestoDeclaracion_idt_impuestoDeclaracion`, `t_impuestoDeclaracionRespuestaPregunta`, `t_impuestoDeclaracionRespuestaRespuesta`, `t_impuestoDeclaracionRespuestaTituloObser`, `t_impuestoDeclaracionRespuestaObservacion`, `t_impuestoPreguntas_idt_impuestoPreguntas`, `t_impuestoDeclaracionRespuestaIdDeclarante`) VALUES(403, 14, '¿Ha realizado Donativos a Entidades sin ánimo de Lucro?', 'NO', NULL, '', 33, 20);
INSERT INTO `t_impuestodeclaracionrespuesta` (`idt_impuestoDeclaracionRespuesta`, `t_impuestoDeclaracion_idt_impuestoDeclaracion`, `t_impuestoDeclaracionRespuestaPregunta`, `t_impuestoDeclaracionRespuestaRespuesta`, `t_impuestoDeclaracionRespuestaTituloObser`, `t_impuestoDeclaracionRespuestaObservacion`, `t_impuestoPreguntas_idt_impuestoPreguntas`, `t_impuestoDeclaracionRespuestaIdDeclarante`) VALUES(404, 14, 'En caso de pago ¿Desea Fraccionar el Pago?', 'NO', NULL, '', 37, 20);
INSERT INTO `t_impuestodeclaracionrespuesta` (`idt_impuestoDeclaracionRespuesta`, `t_impuestoDeclaracion_idt_impuestoDeclaracion`, `t_impuestoDeclaracionRespuestaPregunta`, `t_impuestoDeclaracionRespuestaRespuesta`, `t_impuestoDeclaracionRespuestaTituloObser`, `t_impuestoDeclaracionRespuestaObservacion`, `t_impuestoPreguntas_idt_impuestoPreguntas`, `t_impuestoDeclaracionRespuestaIdDeclarante`) VALUES(405, 14, '¿Proporciona fecha de validez de los DNI del Grupo Familiar?', 'NO', 'Las fechas de validez de los DNI de los integrantes del Grupo Familiar son:', '', 38, 20);

-- --------------------------------------------------------

--
-- Estructura de tabla para la tabla `t_impuestohasfile`
--

CREATE TABLE `t_impuestohasfile` (
  `idt_impuestoHasFile` int(11) NOT NULL,
  `t_file_idt_file` int(11) NOT NULL,
  `t_impuestoDeclaracion_idt_impuestoDeclaracion` int(11) NOT NULL
) ENGINE=InnoDB DEFAULT CHARSET=utf8;

--
-- Volcado de datos para la tabla `t_impuestohasfile`
--

INSERT INTO `t_impuestohasfile` (`idt_impuestoHasFile`, `t_file_idt_file`, `t_impuestoDeclaracion_idt_impuestoDeclaracion`) VALUES(1, 1, 11);
INSERT INTO `t_impuestohasfile` (`idt_impuestoHasFile`, `t_file_idt_file`, `t_impuestoDeclaracion_idt_impuestoDeclaracion`) VALUES(2, 2, 11);
INSERT INTO `t_impuestohasfile` (`idt_impuestoHasFile`, `t_file_idt_file`, `t_impuestoDeclaracion_idt_impuestoDeclaracion`) VALUES(3, 3, 12);
INSERT INTO `t_impuestohasfile` (`idt_impuestoHasFile`, `t_file_idt_file`, `t_impuestoDeclaracion_idt_impuestoDeclaracion`) VALUES(4, 4, 12);
INSERT INTO `t_impuestohasfile` (`idt_impuestoHasFile`, `t_file_idt_file`, `t_impuestoDeclaracion_idt_impuestoDeclaracion`) VALUES(5, 5, 12);
INSERT INTO `t_impuestohasfile` (`idt_impuestoHasFile`, `t_file_idt_file`, `t_impuestoDeclaracion_idt_impuestoDeclaracion`) VALUES(6, 6, 12);
INSERT INTO `t_impuestohasfile` (`idt_impuestoHasFile`, `t_file_idt_file`, `t_impuestoDeclaracion_idt_impuestoDeclaracion`) VALUES(7, 7, 12);
INSERT INTO `t_impuestohasfile` (`idt_impuestoHasFile`, `t_file_idt_file`, `t_impuestoDeclaracion_idt_impuestoDeclaracion`) VALUES(8, 8, 12);
INSERT INTO `t_impuestohasfile` (`idt_impuestoHasFile`, `t_file_idt_file`, `t_impuestoDeclaracion_idt_impuestoDeclaracion`) VALUES(9, 9, 12);

-- --------------------------------------------------------

--
-- Estructura de tabla para la tabla `t_impuestopreguntas`
--

CREATE TABLE `t_impuestopreguntas` (
  `idt_impuestoPreguntas` int(11) NOT NULL,
  `t_impuestoPreguntasTitulo` text,
  `t_impuestoPreguntasTituloObservacion` text,
  `t_impuestoPreguntasAyuda` text,
  `t_impuestoPreguntasPreguntasObservacion` text,
  `t_impuestoPreguntasRespuestasObservacion` text
) ENGINE=InnoDB DEFAULT CHARSET=utf8;

--
-- Volcado de datos para la tabla `t_impuestopreguntas`
--

INSERT INTO `t_impuestopreguntas` (`idt_impuestoPreguntas`, `t_impuestoPreguntasTitulo`, `t_impuestoPreguntasTituloObservacion`, `t_impuestoPreguntasAyuda`, `t_impuestoPreguntasPreguntasObservacion`, `t_impuestoPreguntasRespuestasObservacion`) VALUES(1, '¿Nos ha traído la Declaración de la Renta del Ejercicio Anterior?', NULL, NULL, NULL, NULL);
INSERT INTO `t_impuestopreguntas` (`idt_impuestoPreguntas`, `t_impuestoPreguntasTitulo`, `t_impuestoPreguntasTituloObservacion`, `t_impuestoPreguntasAyuda`, `t_impuestoPreguntasPreguntasObservacion`, `t_impuestoPreguntasRespuestasObservacion`) VALUES(2, '¿Ha habido algún cambio en la Situación Familiar con respecto a la Renta anterior?', 'En relación al cambio en la Situación Familiar con respecto a la Renta del año anterior el Declarante manifiesta:', NULL, ' ', ' ');
INSERT INTO `t_impuestopreguntas` (`idt_impuestoPreguntas`, `t_impuestoPreguntasTitulo`, `t_impuestoPreguntasTituloObservacion`, `t_impuestoPreguntasAyuda`, `t_impuestoPreguntasPreguntasObservacion`, `t_impuestoPreguntasRespuestasObservacion`) VALUES(3, '¿Ha tenido algún ingreso adicional a la  Pensión por jubilación?', 'En relación al ingreso adicional a la Pensión por Jubilación el declarante manifiesta:', NULL, ' ', ' ');
INSERT INTO `t_impuestopreguntas` (`idt_impuestoPreguntas`, `t_impuestoPreguntasTitulo`, `t_impuestoPreguntasTituloObservacion`, `t_impuestoPreguntasAyuda`, `t_impuestoPreguntasPreguntasObservacion`, `t_impuestoPreguntasRespuestasObservacion`) VALUES(4, '¿Es Usted Familia Numerosa?', NULL, NULL, NULL, NULL);
INSERT INTO `t_impuestopreguntas` (`idt_impuestoPreguntas`, `t_impuestoPreguntasTitulo`, `t_impuestoPreguntasTituloObservacion`, `t_impuestoPreguntasAyuda`, `t_impuestoPreguntasPreguntasObservacion`, `t_impuestoPreguntasRespuestasObservacion`) VALUES(5, '¿Tiene Ascendientes (Padres, Abuelos, etc) a su cargo?', 'En Relación al Ascendiente que convive con el Declarante se manifiesta:', 'OJO que podría ganar más de 8.000 euros y tener derecho a la deducción y OJO que se necesita que se conviva con el Ascendiente al menos la mitad del año, lo cual NO quiere decir que sólo lo puedan aplicar dos hijos, porque pueden existir varios hijos conviviendo a la vez con el Ascendiente al menos medio año y todos tendrían derecho', '¿El Ascendiente ha ingresado MÁS de 8.000 euros al año?@¿El Ascendiente ha Declarado o Confirmado Borrador con Ingresos > 1.800 euros?@¿El Ascendiente convive con Contribuyente al menos la MITAD del Año?', 'NO se pueden Obtener los Datos Fiscales del ASCENDIENTE ni el Cliente los Aporta.@Se nos manifiesta que el ASCENDIENTE ha ganado MENOS de 8.000 euros NETOS.@Se nos manifiesta que el ASCENDIENTE NO ha Declarado NI presentado Borrador.@El Cliente manifiesta que el Ascendiente ha convivido con él al menos la mitad del año.');
INSERT INTO `t_impuestopreguntas` (`idt_impuestoPreguntas`, `t_impuestoPreguntasTitulo`, `t_impuestoPreguntasTituloObservacion`, `t_impuestoPreguntasAyuda`, `t_impuestoPreguntasPreguntasObservacion`, `t_impuestoPreguntasRespuestasObservacion`) VALUES(6, '¿Existe Alguna Discapacidad en la Familia?', 'En Relación a la Discapacidad se manifiesta:', 'Para tener derecho a la Deducción por Discapacidad se necesita que el contribuyente tenga derecho a aplicar el Minimo correspondiente,  debe convivir con él y el contribuyente tiene que ser o bien trabajador por cuenta ajena o por cuenta propia o bien tiene que estar cobrando EL PARO o UNA PENSIÓN de cualquier tipo.', '¿Ha cobrado los 1.200 euros por Deducción por Discapacidad? (Ver Botón de Ayuda ?).@¿Quien tiene la Discapacidad en la Familia? (Si es el Contribuyente NO OLVIDAR ver si TRABAJA para meter la Deducción por Trab. Activo Discapacitado).@¿Fecha de la Discapacidad?.@¿Tiene Movilidad Reducida?', 'El Cliente NO aporta Justificante del Grado de Discapacidad declarado.@El Contribuyente es Discapacitado y TRABAJA por Cuenta Ajena.@Manifiesta haber trabajado y cobrado prestación todo el año y por tanto tiene derecho a la Ded. Por Discapacidad.@Manifiesta NO haber cobrado todos los meses que le corresponden de Deducción por Discapacidad');
INSERT INTO `t_impuestopreguntas` (`idt_impuestoPreguntas`, `t_impuestoPreguntasTitulo`, `t_impuestoPreguntasTituloObservacion`, `t_impuestoPreguntasAyuda`, `t_impuestoPreguntasPreguntasObservacion`, `t_impuestoPreguntasRespuestasObservacion`) VALUES(7, '¿Tiene algún Hijo < de 25 años que haya tenido Ingresos o sea Titular de Algún Bien Inmueble?', 'En Relación a los Ingresos de los Hijos el Cliente Manifiesta:', 'Si tiene un hijo menor de 25 años que convive con sus padres y que ha presentado ya su declaración o confirmado su borrador, sus padres SÓLO podrán aplicar el Mínimo por Descendientes si los ingresos que haya tenido y presentado el hijo NO superan los 1.800 euros anuales. OPCIÓN POSIBLE: Si el hijo ya la ha presentado y NO ESTABA OBLIGADO y vemos que sale mejor con los padres, ANULAR su declaración y asi sus padres puedan deducirse por él', 'Preguntar los Ingresos que ha tenido el Hijo pero lo Recomendado es PEDIR sus DATOS FISCALES.@Preguntar Si ha Declarado o Confirmado Borrador y AVISAR de sus consecuencias', 'NO se pueden Obtener los Datos Fiscales del Hijo ni el Cliente los Aporta.@Se nos manifiesta que el Hijo ha ganado MENOS de 8.000 euros.@Se nos manifiesta que el Hijo NO ha Declarado NI presentado Borrador.@Se nos manifiesta que el Hijo ha Presentado Declaración pero ha ganado MENOS de 1.800 euros');
INSERT INTO `t_impuestopreguntas` (`idt_impuestoPreguntas`, `t_impuestoPreguntasTitulo`, `t_impuestoPreguntasTituloObservacion`, `t_impuestoPreguntasAyuda`, `t_impuestoPreguntasPreguntasObservacion`, `t_impuestoPreguntasRespuestasObservacion`) VALUES(8, '¿Tiene algún Hijo Menor de 3 años por el que tenga derecho a la deducción por maternidad?', 'En Relación a la Deducción por Maternidad se manifiesta:', 'Para tener derecho a la Deducción por Maternidad hay que haber cotizado Anualmente en MEDIA como Mínimo 100 euros al mes, de manera que aunque no se trabaje todo el año si dividimos la cotización total del año entre 100 nos dará el número de meses que puede cobrar. Se cobra desde que nace el niño y hasta el mes antes de cumplir los 3 años', '¿Ha Trabajado la Madre por Cuenta Propia o por Cuenta Ajena?.@¿Ha cotizado Anualmente en MEDIA como Mínimo 100 euros al mes? (Ej. Si trabaja solo UN mes y cotiza 300 euros, puede aplicar 3 meses de Ded.).@¿Ha cobrado de Forma Anticipada los Meses que le corresponden? (Confirmar en los Datos Fiscales)', 'Se Confirma que la Madre ha Cobrado toda la Deducción por Maternidad.@Se Confirma con los Datos Fiscales que la MADRE ha trabajado.@Se Confirma con los Datos Fiscales que la MADRE ha cotizado como Mínimo 100 euros al Mes (En Media Anual).@La MADRE confirma que NO ha cobrado la Deducción de Forma Anticipada');
INSERT INTO `t_impuestopreguntas` (`idt_impuestoPreguntas`, `t_impuestoPreguntasTitulo`, `t_impuestoPreguntasTituloObservacion`, `t_impuestoPreguntasAyuda`, `t_impuestoPreguntasPreguntasObservacion`, `t_impuestoPreguntasRespuestasObservacion`) VALUES(9, '¿Ha Cambiado de Domicilio y desea marcarlo?\r\n', NULL, NULL, NULL, NULL);
INSERT INTO `t_impuestopreguntas` (`idt_impuestoPreguntas`, `t_impuestoPreguntasTitulo`, `t_impuestoPreguntasTituloObservacion`, `t_impuestoPreguntasAyuda`, `t_impuestoPreguntasPreguntasObservacion`, `t_impuestoPreguntasRespuestasObservacion`) VALUES(10, '¿Hay Bases / Deducciones / Cantidades Pendientes de Compensar del Ejercicio Anterior?\r\n', NULL, NULL, NULL, NULL);
INSERT INTO `t_impuestopreguntas` (`idt_impuestoPreguntas`, `t_impuestoPreguntasTitulo`, `t_impuestoPreguntasTituloObservacion`, `t_impuestoPreguntasAyuda`, `t_impuestoPreguntasPreguntasObservacion`, `t_impuestoPreguntasRespuestasObservacion`) VALUES(11, '¿A dónde elige que vaya a parar el 0,7 % de sus impuestos?\r\n', 'En Relación a la Asignación Tributaria el Cliente manifesta:\r\n', NULL, 'Iglesia Católica@Otros Fines de Interés Social@Las dos Opciones@Ninguna de las dos\r\n', 'A la Iglesia Católica@A Otros Fines de Interés Social@A las dos@A ninguna');
INSERT INTO `t_impuestopreguntas` (`idt_impuestoPreguntas`, `t_impuestoPreguntasTitulo`, `t_impuestoPreguntasTituloObservacion`, `t_impuestoPreguntasAyuda`, `t_impuestoPreguntasPreguntasObservacion`, `t_impuestoPreguntasRespuestasObservacion`) VALUES(12, '¿Nos ha traído los Certificados de Ingresos de las Todas las Empresas en las que ha trabajado?', NULL, 'Con Motivo de la Crisis se está observando que muchas empresas NO declaran correctamente las retenciones o los ingresos y por tanto conviene chequear que los datos de ingresos y retenciones de la Información Fiscal coinciden con los que efectivamente el trabajador ha cobrado, por ejemplo a través del Certificado de Retenciones', NULL, NULL);
INSERT INTO `t_impuestopreguntas` (`idt_impuestoPreguntas`, `t_impuestoPreguntasTitulo`, `t_impuestoPreguntasTituloObservacion`, `t_impuestoPreguntasAyuda`, `t_impuestoPreguntasPreguntasObservacion`, `t_impuestoPreguntasRespuestasObservacion`) VALUES(13, '¿Ha vuelto a trabajar en alguna empresa que le hubiera despedido en los 3 últimos años?', 'El Cliente ha vuelto a vincularse a la Empresa que le despidió hace menos de 3 años y se manifiesta: ', 'Si un trabajador vuelve en menos de TRES AÑOS a la empresa que le despidió, hay que informarle que la Indemnización que en su día cobró y que NO tributó por ella, deja de estar EXENTA y por tanto debemos informarle que debe hacer una declaración complementaria del año del despido y tributar por TODA la Indemnización (Si esta indemnización fue muy alta el Coste Fiscal será MUY GRANDE para el trabajador y por tanto debemos avisarle de ello)', '¿La Empresa que le Despidió hace menos de 3 años es la MISMA o tiene los mismos Socios o la misma Dirección que la que le ha vuelto a Contratar?@¿Ha vuelto a trabajar para la Empresa que le Despidió como Autónomo? (Tampoco hay desvinculación)', 'Se informa al Cliente que la Indemnización que percibió es su día NO ESTA EXENTA y debe Regularizar la Renta del año que cobró la Indemnización para Tributar por ella');
INSERT INTO `t_impuestopreguntas` (`idt_impuestoPreguntas`, `t_impuestoPreguntasTitulo`, `t_impuestoPreguntasTituloObservacion`, `t_impuestoPreguntasAyuda`, `t_impuestoPreguntasPreguntasObservacion`, `t_impuestoPreguntasRespuestasObservacion`) VALUES(14, '¿Paga Cuota de Sindicato?', 'Cuota de Sindicato Pagada Anualmente que manifiesta el Cliente:', NULL, '¿Qué Cuota paga Anualmente?', 'Cuota: ');
INSERT INTO `t_impuestopreguntas` (`idt_impuestoPreguntas`, `t_impuestoPreguntasTitulo`, `t_impuestoPreguntasTituloObservacion`, `t_impuestoPreguntasAyuda`, `t_impuestoPreguntasPreguntasObservacion`, `t_impuestoPreguntasRespuestasObservacion`) VALUES(15, '¿Paga Cuota de Colegio Profesional?', 'Cuota de Colegio Profesional Pagada Anualmente que manifiesta el Cliente:', NULL, '¿Qué Cuota paga Anualmente?@¿La Colegiación es Obligatoria para ejercer la Actividad? (Si no es Obligatoria no se puede deducir la Cuota)\r\n', 'Cuota: ');
INSERT INTO `t_impuestopreguntas` (`idt_impuestoPreguntas`, `t_impuestoPreguntasTitulo`, `t_impuestoPreguntasTituloObservacion`, `t_impuestoPreguntasAyuda`, `t_impuestoPreguntasPreguntasObservacion`, `t_impuestoPreguntasRespuestasObservacion`) VALUES(16, '¿Ha cobrado alguna Pensión del Extranjero?', 'En Relación al Cobro de Pensión en el Extranjero se manifiesta:', NULL, '¿Tiene la Documentación que Acredite el Cobro de la Pensión en el Extranjero? (La AEAT sostiene que si la Pensión ANUAL es Inferior a 1.500 euros se considera 2º Pagador con límite de 22.000 euros)@¿Ha declarado la Pensión en Años Anteriores?@¿Algún hijo se dedujo porque convivía con usted en su Declaración de la Renta?\"\r\n', 'El Cliente NO aporta documentos que acrediten el Cobro TOTAL de la Pensión del Extranjero@El Cliente manifiesta que la cantidad que ha ganado en el año por la Pensión del Extranjero ha sido de XXXXXXX euros');
INSERT INTO `t_impuestopreguntas` (`idt_impuestoPreguntas`, `t_impuestoPreguntasTitulo`, `t_impuestoPreguntasTituloObservacion`, `t_impuestoPreguntasAyuda`, `t_impuestoPreguntasPreguntasObservacion`, `t_impuestoPreguntasRespuestasObservacion`) VALUES(17, '¿Ha sido despedido de alguna Empresa o ha tenido algún Juicio o ha Cobrado algo de un Juicio Anterior?', 'Situación a Informar en Caso de Despido - Juicio - FOGASA, etc:', 'Si un trabajador ha sido despido y calificado su despido como IMPROCEDENTE después del 07 de Julio de 2012, sin que haya existido CONCILIACIÓN ó JUICIO al respecto, hay que informarle que la Indemnización que haya cobrado NO está exenta y por tanto debería venir en la Información Fiscal y haber tenido Retención. Si no viene en la Información Fiscal es porque la Empresa la calificó como EXENTA y esto es INCORRECTO, por tanto hay que Avisarle que tiene la obligación de declarar toda la Indemnización en la Renta (eso sí como Renta Irregular), aunque esto tendrá un coste fiscal alto para el trabajador.\r\nOJO Avisar que ha habido Costas Judiciales a su Favor hay que declararlas como Ganancia Patrimonial de la Base General SIN que se pueda descontar ningún Gasto de Defensa Jurídica', '¿Ha pagado Gastos de Abogado en un Juicio Laboral? (Deducción en la Renta Max. 300 euros)@¿Que Despido ha sido? ¿Le pagaron 20 día por año o 33/45?@¿Viene en los Datos Fiscales la Indemnización? (Si no viene y ha sido Improcedente debe haber existido Conciliación/Juicio)@¿Ha cobrado todo de la Empresa que le Despidió?@¿Ha Cobrado dinero del FOGASA? (Nos tiene que traer la Carta Recibida del FOGASA para ver que parte es Indemnización (Exenta) y que parte Salario (Complementaria)\r\n', 'El Cliente manifiesta que el Despido fue Objetivo (Indemnización 20 días por año)@El Cliente manifiesta que el Despido fue Improcedente y hubo Concilación / Juicio (Indemnización Exenta)@El Cliente manifiesta que el Despido fue Improcedente pero NO hubo conciliación. Se avisa que este Despido NO ESTÁ EXENTO');
INSERT INTO `t_impuestopreguntas` (`idt_impuestoPreguntas`, `t_impuestoPreguntasTitulo`, `t_impuestoPreguntasTituloObservacion`, `t_impuestoPreguntasAyuda`, `t_impuestoPreguntasPreguntasObservacion`, `t_impuestoPreguntasRespuestasObservacion`) VALUES(18, '¿Ha Trabajado en alguna Empresa que NO venga en la Información Fiscal? (P.Ej. como Empleado de Hogar)', 'En Relación al Cobro de Ingresos del Trabajo que NO vienen en la Información Fiscal el Cliente manifiesta:', '', '¿Ha traído el Justificante de los Ingresos a Declarar? (Nóminas, Ingresos Bancarios, etc)@Si es Empleado de Hogar ¿Ha traído el Documento del Alta como Empleado de Hogar? (Ahí viene la Base Declarada de Alta)', 'El Cliente NO puede Aportar Documentos que Acrediten lo que ha cobrado por este concepto@El Cliente manifiesta que lo que ha ganado por este Concepto en TOTAL en el Año ha sido la cantidad de XXXXXXX Euros');
INSERT INTO `t_impuestopreguntas` (`idt_impuestoPreguntas`, `t_impuestoPreguntasTitulo`, `t_impuestoPreguntasTituloObservacion`, `t_impuestoPreguntasAyuda`, `t_impuestoPreguntasPreguntasObservacion`, `t_impuestoPreguntasRespuestasObservacion`) VALUES(19, '¿Ha Cobrado Alguna Pensión Compensatoria Usted o alguno de sus hijos a cargo?', 'En Relación a la Pensión Compensatoria y/o Anualidades por Alimentos el Cliente manifiesta:', 'La Pensión Compensatoria es Rendimiento del Trabajo SIEMPRE para el que la recibe y para el pagador serán favorable fiscalmente si ha sido fijada por Decisión Judicial.\r\nEn las Anualidades por Alimentos para los hijos ESTÁN EXENTAS si son por decisión judicial y si no tributan como Rendimientos del Trabajo y para el Pagador al igual que en la Pensión Compensatoria si son por decisión judicial permiten beneficio fiscal de tributación a tipo separado y si no son por decisión judicial NO benefician', '¿Hay Pensión Compensatoria para el Cónyuge? y si la hay ¿es por Decisión Judicial? (Si es por Decisión Judicial para el Pagador es Deducible en caso contrario no). Para el que la recibe SIEMPRE hay que tributar, salvo que no esté obligado por no llegar al límite (en este caso 12.000 euros)@¿Hay Anualidades por Alimentos para los hijos? Si las hay y son por decisión Judicial para el Pagador es Deducible y los hijos no tienen que declararlo. Si no es por decisión Judicial, el pagador no puede deducir nada y los hijos tienen que tributar como RTP\r\n', ' ');
INSERT INTO `t_impuestopreguntas` (`idt_impuestoPreguntas`, `t_impuestoPreguntasTitulo`, `t_impuestoPreguntasTituloObservacion`, `t_impuestoPreguntasAyuda`, `t_impuestoPreguntasPreguntasObservacion`, `t_impuestoPreguntasRespuestasObservacion`) VALUES(20, '¿Tiene algún ingreso Bancario, Dividendo, etc, que NO venga en los Datos Fiscales? ¿Particip. Preferentes?', 'En Relación a los RC Mobiliario y/o Preferentes se manifiesta lo siguiente:', 'Si el Cliente ha tenido relación con preferentes pueden darse varios casos:\r\n1.- Que haya ido al Arbitraje: Se declara como RCM la diferencia entre Valor de Arbitraje y Valor de Compra sin operaciones intermedias. Posib. Compensación RCM y GGPP\r\n2.- Que haya ido a Juicio: El Juez habrá declarado nulo el contrato y se le devuelve todo menos los intereses pagados anualmente. Lo único que se hace en este caso es valorar el presentar declaración complementaria de TODOS los ejercicios (incluso prescritos) para recuperar las Retenciones soportadas en todos esos años.', 'Si ha tenido Relación con Preferentes ¿Ha Tenido Juicio o Arbitraje?@Si ha tenido Preferentes ¿Vendió las Acciones que Canjeó por las Preferentes o las tiene todavía?@OJO al límite de los 1.600 euros de RCM para NO declarar, porque según una CV hay que contar sólo con los RCM positivos para saber si hay o no obligación de Declarar', 'El Cliente Manifiesta que ya tiene todo canjeado y vendido y que de este tema NO hay nada que declarar.@Se informa al Cliente que los Rendimientos Negativos del Canje de Preferentes que ha tenido, se pueden compensar con el Beneficio que pueda obtener cuando venda las acciones que le han dado a cambio.@Se informa al Cliente que si está esperando Sentencia Judicial o Arbitraje posiblemente tenga que rectificar la Declaración del Año en el que declaró el canje de las preferentes para valorar la operación por el importe que diga la Sentencia.');
INSERT INTO `t_impuestopreguntas` (`idt_impuestoPreguntas`, `t_impuestoPreguntasTitulo`, `t_impuestoPreguntasTituloObservacion`, `t_impuestoPreguntasAyuda`, `t_impuestoPreguntasPreguntasObservacion`, `t_impuestoPreguntasRespuestasObservacion`) VALUES(21, '¿Es propietario de algún Inmueble que tenga Alquilado?', 'En Relación al Arrendamiento de Inmuebles se manifiesta lo siguiente:', 'En Relación al Arrendamiento de Inmuebles se manifiesta lo siguiente:	Hay que meter todos los Ingresos que vengan en el Contrato (AUNQUE NO SE HAYAN COBRADO). Los meses no cobrados irán como Gastos (Saldos de Dudoso Cobro), pero OJO siempre que sean impagados con más de SEIS meses de antigüedad a fecha 31-12. Si no tienen esta antiguedad se tienen que meter en el Ejercicio siguiente. Si finalmente alguna cantidad impagada se cobra se declara en el ejercicio del cobro.', '¿Importe del Alquiler Cobrado en TODO el Año? y si es Local verificar las Retenciones con la Información Fiscal@¿Días que ha estado Alquilado en el Año?@¿Gastos de Reparaciones, Impuestos, Comunidad, Seguros, etc del Inmueble Alquilado?@¿Ha tenido algún mes Impagado?@¿Tenemos el IBI y los datos de Compra del Inmueble Alquilado (Importe de Compra y gastos de la Compra)?@¿El Inmueble Alquilado tiene algún Préstamo que se pidiera para comprar dicho Inmueble o para Reformarlo? (Si el préstamo se pidió para otra cosas los Intereses no serían deducibles)@OJO si está Alquilado y NO se declara porque NO se beneficia de la Reducción del 60% y además por los Consumos y los Anuncios de Internet es fácil de localizar para la AEAT', 'Nos dice el Importe del Alquiler pero no trae las Facturas o Recibos@Ha estado Alquilado TODO el año');
INSERT INTO `t_impuestopreguntas` (`idt_impuestoPreguntas`, `t_impuestoPreguntasTitulo`, `t_impuestoPreguntasTituloObservacion`, `t_impuestoPreguntasAyuda`, `t_impuestoPreguntasPreguntasObservacion`, `t_impuestoPreguntasRespuestasObservacion`) VALUES(22, '¿Tiene algún Inmueble que NO venga en los Datos Fiscales?', 'En Relación a Inmuebles que NO vienen en los Datos Fiscales se manifiesta:', 'Si hay algún Inmueble que no aparezca debe declararle y tener en cuenta que si no está alquilado tributará como Imputación Inmobiliaria al 1,1% si ha sido revisado hace menos de 10 años. En caso contrario al 2%\r\nSi se tiene la Nuda Propiedad de un Inmueble, NO AFECTA en nada en la Declaración, sólo tiene que Declararlo el que tiene el Usufructo', '¿Fecha de Adquisición del Inmueble? (Si es por Herencia es la Fecha de Fallecimiento)@¿Esta a disposición del titular o Arrendado? (OJO a los Consumos y a los Anuncios de Internet de Alquileres)\r\n', 'El Cliente manifiesta Verbalmente que tiene los siguientes Inmuebles@El Cliente manifiesta que ha heredado unos Inmuebles que todavia no aparecen en la Información Fiscal pero que hay que declarar');
INSERT INTO `t_impuestopreguntas` (`idt_impuestoPreguntas`, `t_impuestoPreguntasTitulo`, `t_impuestoPreguntasTituloObservacion`, `t_impuestoPreguntasAyuda`, `t_impuestoPreguntasPreguntasObservacion`, `t_impuestoPreguntasRespuestasObservacion`) VALUES(23, '¿Ejerce algún tipo de Actividad Económica o Profesional?', 'En Relación al Ejercicio de una Actividad Económica se manifiesta:', NULL, '¿En que Año ha comenzado la Actividad? (Importante si es menor de 35 años y es de la Comunidad de Madrid porque hay Deducción Autonómica)@¿Nos trae Libro de Ingresos, Libro de Gastos e Impuestos Presentados?@¿Alguna Inversión en Empresa por Constitución o Ampliación donde adquiera el 40% como capitalista para estar 3 años? (Estudiar posible Ded. CAM)@Revisar si Procede Deducción por Inicio de Actividad (20% para primer y segundo año que tenga beneficios desde el alta)@Revisar si Procede Deducción por TRADE o Actividad para un sólo Cliente (Incompatible en EDS con la Ded. del 5% de Gastos de Difícil Justificación)', ' ');
INSERT INTO `t_impuestopreguntas` (`idt_impuestoPreguntas`, `t_impuestoPreguntasTitulo`, `t_impuestoPreguntasTituloObservacion`, `t_impuestoPreguntasAyuda`, `t_impuestoPreguntasPreguntasObservacion`, `t_impuestoPreguntasRespuestasObservacion`) VALUES(24, '¿Ha vendido Acciones o cualquier otro Producto Financiero que NO venga en los Datos Fiscales?', 'En Relación a la Venta de Acciones se manifiesta:', NULL, '¿Fecha de Compra de las Acciones? ¿Valor de Compra? ¿Gastos de la Compra?@¿Fecha de Venta de las Acciones? ¿Valor de Venta? ¿Gastos de la Venta?@Si tiene Venta de Derechos de Suscripción OJO porque en 2015 y 2016 NO SE DECLARAN, será ganancia a partir de 2017\r\n', ' ');
INSERT INTO `t_impuestopreguntas` (`idt_impuestoPreguntas`, `t_impuestoPreguntasTitulo`, `t_impuestoPreguntasTituloObservacion`, `t_impuestoPreguntasAyuda`, `t_impuestoPreguntasPreguntasObservacion`, `t_impuestoPreguntasRespuestasObservacion`) VALUES(25, '¿Ha transmitido algún Inmueble en el ejercicio (Venta - Donación - Dación en Pago - Ejecución Hip.)?', 'En Relación a la Venta de Inmueble se manifiesta:', 'Recordar varias cosas:\r\n1.- Si es mayor de 65 años y transmite de forma Onerosa o Lucrativa la Vivienda Habitual (o incluso la Nuda Propiedad) está EXENTO.\r\n2.- Si es mayor de 65 años y transmite de Forma Onerosa cualquier bien destinando en 6 meses el importe de la venta a constituir una Renta Vitalicia está EXENTO hasta 240.000 euros de valor venta.\r\n3.- ¿El Inmueble vendido fue comprado antes de 1994? (Posibilidad de Coeficiente de Abatimiento para los primeros 400.000 euros NETOS (descontando gastos) de Valor de Venta)\r\n4.- ¿Ha realizado alguna Dación en Pago de su vivienda? (Está Exenta si era la Vivienda Habitual  y NO tenía otro tipo de Bienes para hacer frente a la Deuda)', '¿El Inmueble Vendido era EXACTAMENTE SU VIVIENDA HABITUAL (o lo ha sido en algún momento de los Últimos TRES años?@¿Datos COMPLETOS de la Venta? (Escrituras, Gastos, Impuestos, Gestoría, Inmobiliaria, Comisiones Cancelación Hipotecas, etc)@En caso de venta de la Viv.Habitual ¿Ha Reinvertido o va a Reinvertir en el plazo de 2 años? (Si no ha reinvertido y lo va a hacer que lo manifieste)@Si ha reinvertido ya ¿Importe del Préstamo Cancelado en la Venta que se corresponda con el Préstamo Original de Compra?@¿Ha realizado MEJORAS en el Inmueble vendido de las cuales tenga Factura?¿Dación en Pago / Ejecución Viv. Hab. En Ult. 4 años?@¿Ha Reclamado la Plusvalía Municipal en caso de Vender un Inmueble con Pérdidas?(Ofrecer el Servicio en nuestro Despacho)', 'El Inmueble transmitido ha sido la Vivienda Habitual del Contribuyente@El Cliente aporta todos los datos de la Compra Original y de la Venta del Inmueble@El Cliente manifiesta que HA REINVERTIDO en la compra de una nueva vivienda habitual y aporta todos los Gastos de la Nueva Compra@En Caso de Reinversión el Cliente también aporta los Datos de Cancelación de la Hipoteca anterior y el porcentaje que esta Hipoteca representaba en la Primera Hipoteca de Adquisición@El Cliente SE COMPROMETE a Reinvertir el importe de la Venta en el Plazo de DOS AÑOS desde la Fecha de venta.@El Cliente manifiesta que el Inmueble Transmitido NO ha estado Afecto dentro de los TRES años Anteriores a la Venta@El Cliente manifiesta que el Importe de la Venta lo va a cobrar a Plazos y por tanto imputará a cada año lo cobrado');
INSERT INTO `t_impuestopreguntas` (`idt_impuestoPreguntas`, `t_impuestoPreguntasTitulo`, `t_impuestoPreguntasTituloObservacion`, `t_impuestoPreguntasAyuda`, `t_impuestoPreguntasPreguntasObservacion`, `t_impuestoPreguntasRespuestasObservacion`) VALUES(26, '¿Tiene Cláusula Suelo - Gastos de Hipoteca que haya reclamado y recibido del Banco?', 'En Relación a Cláusulas Suelo y Gastos de Hipoteca:', 'Si el Cliente tiene Préstamo Hipotecario, Ofrecerle la Reclamación de estos Gastos en nuestro Despacho', 'NO tengo nada de esto@Lo tengo reclamado pero pendiente de Resolución@Si ha existido devolución de Clausula Suelo hay que regularizar solo en tres casos:\r\n          3.1.- Si los Intereses fueron deducidos por Adquisición de Vivienda Habitual (Se regulariza en la Renta del Ejercicio en el que se produce la Dev.)\r\n          3.2.- Si los intereses fueron deducidos como Gasto en RCI y en RAE hay que regularizar mediante declaración complementaria de los ejercicios NO PRESCRITOS\r\n', ' ');
INSERT INTO `t_impuestopreguntas` (`idt_impuestoPreguntas`, `t_impuestoPreguntasTitulo`, `t_impuestoPreguntasTituloObservacion`, `t_impuestoPreguntasAyuda`, `t_impuestoPreguntasPreguntasObservacion`, `t_impuestoPreguntasRespuestasObservacion`) VALUES(27, '¿Ha cobrado algún tipo de Subvención en el Ejercicio?', 'En Relación con el Cobro de Subvenciones el Cliente manifiesta:', 'Subvención por Compra de Vivienda (Si es AEDE se declara en 4 años)\r\nSubvención por Alquiler de Vivienda (Renta de Emancipación)\r\nSubvención por Rehabilitación u Obras de Mejora en la Vivienda\r\nSubvención por Cambio de Bombillas o Iluminación\r\nSubvención por Cambio de Caldera\r\nSubvención por Cambio de Cristales\r\nSubvención por Compra de Vehículo (PLAN PIVE)\r\nSubvención por Instalación de Ascensor (aunque la Tramite y/o Cobre la Comun. de Propietarios)\r\nOJO.- Desde 2015 las Subvenciones Públicas se declaran en el AÑO DEL COBRO', '¿Qué tipo de Subvención a Cobrado?@¿Es Ayuda Estata Directa a la Adquisición de Vivienda (AEDE)?', 'El Cliente aporta Documentación que Acredita que es Ayuda Estatal Directa a la Entrada de Vivienda (AEDE) y por tanto se declara en 4 años@El Cliente aporta Documentación que Acredita que es una Ayuda para Compensar Defectos Estructurales en su Vivienda Habitual y por tanto se declara en 4 años@El Cliente indica que la Ayuda Recibida es el Plan PIVE y Acredita el Importe de la Subvención Recibida@El Cliente indica que la Ayuda Recibida es el Plan PIVE pero NO Acredita su importe simplemente manifiesta que es la Cantidad: XXXXXX@El Cliente manifiesta haber cobrado una Subvención pero NO acredita documentalmente el Importe de la misma. Manifiesta que es: XXXXXX euros');
INSERT INTO `t_impuestopreguntas` (`idt_impuestoPreguntas`, `t_impuestoPreguntasTitulo`, `t_impuestoPreguntasTituloObservacion`, `t_impuestoPreguntasAyuda`, `t_impuestoPreguntasPreguntasObservacion`, `t_impuestoPreguntasRespuestasObservacion`) VALUES(28, '¿Tiene deducción por haber comprado su Vivienda ANTES de 01 de Enero de 2013?', 'El Cliente manifiesta que tiene Derecho a la Deducción por Adquisición de Vivienda anterior al 01 de Enero de 2013:', 'Si la Vivienda Deducida se adquirió con Préstamo y dicho Préstamo Original fue ampliado hay que advertir MUY CLARAMENTE que el total del Préstamo NO es deducible, con independencia de que lleve toda la vida haciendolo y nunca le hayan dicho nada. Si el Declarante quiere expresamente que se mantenga así debemos hacerlo constar en las Observaciones.\r\nIncluir las Cantidades pagadas como Seguro SÓLO si consta como obligatorio en algún documento que tenga el Declarante (por ejemplo la Escritura). Si no es así es mejor NO meterlo porque al NO coincidir la cantidad que tiene Hacienda con la que se va a declarar es posible que le llamen y por tanto si no tiene como Justificarlo es mejor NO deducirlo', '¿La Vivienda fue Adquirida antes del 01 de Enero de 2013? (Después ya NO hay Deducción)@¿La vivienda se Compró con Préstamo Hipotecario y se sigue pagando?@¿El Préstamo original de la compra SE AMPLIÓ alguna vez? Si es así no puede deducirse el 100%@¿Paga algún Seguro Obligatorio al Banco por la Hipoteca que se pueda demostrar?\r\n', 'El Cliente manifiesta que el Préstamo hipotecario que paga está ligado a la Compra de la Vivienda@El Cliente manifiesta que el Préstamo Hipotecario que paga NUNCA fue ampliado@El Cliente manifiesta que el Seguro que paga al Banco por el Inmueble está obligado por la Hipoteca');
INSERT INTO `t_impuestopreguntas` (`idt_impuestoPreguntas`, `t_impuestoPreguntasTitulo`, `t_impuestoPreguntasTituloObservacion`, `t_impuestoPreguntasAyuda`, `t_impuestoPreguntasPreguntasObservacion`, `t_impuestoPreguntasRespuestasObservacion`) VALUES(29, '¿Vive de Alquiler y tiene Contrato Propio a su Nombre ANTERIOR al 01 de Enero de 2015?', 'El Cliente manifiesta que vive de Alquiler y se deja constancia de:', 'La deducción estatal solo es posible si el contrato es anterior a 01-01-2015, además se tiene que haber pagado como mínimo una cuota antes de esa fecha y haber tenido derecho a la Deducción por Alquiler antes de esa fecha, es decir, no haber quedado fuera por ejemplo por superar los Ingresos en Base Imponible.\r\nSi adenás es menor de 35 años y es de la Com. de Madrid y tiene depositada la Fianza o Notificada la Falta de Depósito tendrá derecho a la Deducción por Alquiler Autonómica\r\nObservación (Deducción Estatal: B.Imp. < 24.107,20 (10,05% Ded.) - Ded. CAM: B.Gral.+B.Ahorro < 25.620 / 36.200 (20% Ded.), en caso contrario NO afecta)', '¿Fecha del Contrato (Tiene que ser anterior a 01-01-2015, haber pagado como mínimo una cuota antes de esa fecha y haber tenido derecho a la Deducción por Alquiler antes de esa fecha, es decir, no haber quedado fuera por ejemplo por superar los Ingresos en Base Imponible@¿NIF del Arrendador y Cantidad Anual Pagada@Si es menor de 35 años y es de la Com. de Madrid ¿Tiene depositada la Fianza o Notificada la Falta de Depósito@Observación (Deducción Estatal: B.Imp. < 24.107,20 (10,05% Ded.) - Ded. CAM: B.Gral.+B.Ahorro < 25.620 / 36.200 (20% Ded.), en caso contrario NO afecta)\r\n', 'El Cliente aporta Contrato de Arrendamiento a su nombre del Inmueble en el que vive y los datos del Alquiler@El Cliente NO aporta Contrato de Arrendamiento a su nombre, sólo lo manifiesta@El Cliente Manifiesta que la Fianza ESTÁ DEPOSITADA, pero NO lo Acredita@El Cliente NO ACREDITA ningún dato del Alquiler, manifiesta todos los datos de palabra.');
INSERT INTO `t_impuestopreguntas` (`idt_impuestoPreguntas`, `t_impuestoPreguntasTitulo`, `t_impuestoPreguntasTituloObservacion`, `t_impuestoPreguntasAyuda`, `t_impuestoPreguntasPreguntasObservacion`, `t_impuestoPreguntasRespuestasObservacion`) VALUES(30, '¿Sus Hijos van a Colegio Privado? (Deducción Autonómica por Gastos de Escolaridad Obligatorios)', NULL, NULL, NULL, NULL);
INSERT INTO `t_impuestopreguntas` (`idt_impuestoPreguntas`, `t_impuestoPreguntasTitulo`, `t_impuestoPreguntasTituloObservacion`, `t_impuestoPreguntasAyuda`, `t_impuestoPreguntasPreguntasObservacion`, `t_impuestoPreguntasRespuestasObservacion`) VALUES(31, '¿Sus hijos van a clases de Idiomas? (Deducción Autonómica por Gastos de Enseñanza de Idiomas)', NULL, NULL, NULL, NULL);
INSERT INTO `t_impuestopreguntas` (`idt_impuestoPreguntas`, `t_impuestoPreguntasTitulo`, `t_impuestoPreguntasTituloObservacion`, `t_impuestoPreguntasAyuda`, `t_impuestoPreguntasPreguntasObservacion`, `t_impuestoPreguntasRespuestasObservacion`) VALUES(32, '¿En el Colegio sus Hijos tienen Uniforme Obligatorio a partir de Primaria?', NULL, NULL, NULL, NULL);
INSERT INTO `t_impuestopreguntas` (`idt_impuestoPreguntas`, `t_impuestoPreguntasTitulo`, `t_impuestoPreguntasTituloObservacion`, `t_impuestoPreguntasAyuda`, `t_impuestoPreguntasPreguntasObservacion`, `t_impuestoPreguntasRespuestasObservacion`) VALUES(33, '¿Ha realizado Donativos a Entidades sin ánimo de Lucro?', NULL, NULL, NULL, NULL);
INSERT INTO `t_impuestopreguntas` (`idt_impuestoPreguntas`, `t_impuestoPreguntasTitulo`, `t_impuestoPreguntasTituloObservacion`, `t_impuestoPreguntasAyuda`, `t_impuestoPreguntasPreguntasObservacion`, `t_impuestoPreguntasRespuestasObservacion`) VALUES(34, '¿Paga Anualidades por Alimentos a Hijos o Pensión Compensatoria a un Ex-Cónyuge?', 'El Cliente PAGA cantidades por Pensión Compensatoria o Anualidades por Alimentos y los datos son:', NULL, '¿Son Cantidades establecidas por Decisión Judicial o es  un Acuerdo Privado? (El Acuerdo Privado NO da derecho a Beneficio Fiscal)@¿Qué cantidad paga por hijo anualmente?\r\n', 'Se ha pagado en Concepto de Anualidades por Alimentos la Cantidad Anual de XXXXXX euros@Se ha pagado en Concepto de Pensión Compensatoria la Cantidad Anual de XXXXXXX euros@El Cliente manifiesta que las Cantidades Pagadas han sido Fijadas o Convalidadas Judicialmente');
INSERT INTO `t_impuestopreguntas` (`idt_impuestoPreguntas`, `t_impuestoPreguntasTitulo`, `t_impuestoPreguntasTituloObservacion`, `t_impuestoPreguntasAyuda`, `t_impuestoPreguntasPreguntasObservacion`, `t_impuestoPreguntasRespuestasObservacion`) VALUES(35, '¿En la Cuenta que nos ha traído para la Devolución o el Pago Figura como Titular de la misma?', NULL, 'Si la persona NO figura como Titular de la Cuenta Bancaria que nos ha dado, ni podrá recibir la devolución ni podrá recibir la domiciliación y puede originar recargos para el contribuyente.', NULL, NULL);
INSERT INTO `t_impuestopreguntas` (`idt_impuestoPreguntas`, `t_impuestoPreguntasTitulo`, `t_impuestoPreguntasTituloObservacion`, `t_impuestoPreguntasAyuda`, `t_impuestoPreguntasPreguntasObservacion`, `t_impuestoPreguntasRespuestasObservacion`) VALUES(36, '¿Nos Autorizan TODOS los miembros de la Unidad Familiar a enviar por Internet la declaración?', NULL, NULL, NULL, NULL);
INSERT INTO `t_impuestopreguntas` (`idt_impuestoPreguntas`, `t_impuestoPreguntasTitulo`, `t_impuestoPreguntasTituloObservacion`, `t_impuestoPreguntasAyuda`, `t_impuestoPreguntasPreguntasObservacion`, `t_impuestoPreguntasRespuestasObservacion`) VALUES(37, 'En caso de pago ¿Desea Fraccionar el Pago?', NULL, NULL, NULL, NULL);
INSERT INTO `t_impuestopreguntas` (`idt_impuestoPreguntas`, `t_impuestoPreguntasTitulo`, `t_impuestoPreguntasTituloObservacion`, `t_impuestoPreguntasAyuda`, `t_impuestoPreguntasPreguntasObservacion`, `t_impuestoPreguntasRespuestasObservacion`) VALUES(38, '¿Proporciona fecha de validez de los DNI del Grupo Familiar?', 'Las fechas de validez de los DNI de los integrantes del Grupo Familiar son:', '', ' ', ' ');

-- --------------------------------------------------------

--
-- Estructura de tabla para la tabla `t_oficinas`
--

CREATE TABLE `t_oficinas` (
  `idt_oficinas` int(11) NOT NULL,
  `t_oficinasNombre` varchar(45) DEFAULT NULL,
  `t_oficinasUrlLogo` text,
  `t_oficinasUrlPiePresupuesto` text,
  `t_oficinasUrlPieContrato` text
) ENGINE=InnoDB DEFAULT CHARSET=utf8;

--
-- Volcado de datos para la tabla `t_oficinas`
--

INSERT INTO `t_oficinas` (`idt_oficinas`, `t_oficinasNombre`, `t_oficinasUrlLogo`, `t_oficinasUrlPiePresupuesto`, `t_oficinasUrlPieContrato`) VALUES(1, 'Officina 001', NULL, 'pie_pagina_officina1.jpg', NULL);
INSERT INTO `t_oficinas` (`idt_oficinas`, `t_oficinasNombre`, `t_oficinasUrlLogo`, `t_oficinasUrlPiePresupuesto`, `t_oficinasUrlPieContrato`) VALUES(2, 'Getafe', NULL, 'pie_pagina_officina1.jpg', NULL);
INSERT INTO `t_oficinas` (`idt_oficinas`, `t_oficinasNombre`, `t_oficinasUrlLogo`, `t_oficinasUrlPiePresupuesto`, `t_oficinasUrlPieContrato`) VALUES(3, 'Fuenlabrada', NULL, 'pie_pagina_officina1.jpg', NULL);
INSERT INTO `t_oficinas` (`idt_oficinas`, `t_oficinasNombre`, `t_oficinasUrlLogo`, `t_oficinasUrlPiePresupuesto`, `t_oficinasUrlPieContrato`) VALUES(4, 'Madrid', NULL, 'pie_pagina_officina1.jpg', NULL);
INSERT INTO `t_oficinas` (`idt_oficinas`, `t_oficinasNombre`, `t_oficinasUrlLogo`, `t_oficinasUrlPiePresupuesto`, `t_oficinasUrlPieContrato`) VALUES(5, 'Humanes', NULL, 'pie_pagina_officina1.jpg', NULL);

-- --------------------------------------------------------

--
-- Estructura de tabla para la tabla `t_opcionespreguntas`
--

CREATE TABLE `t_opcionespreguntas` (
  `idt_opcionesPreguntas` int(11) NOT NULL,
  `t_impuestoPreguntas_idt_impuestoPreguntas` int(11) NOT NULL,
  `t_opcionesPreguntasReferencia` int(11) DEFAULT NULL,
  `t_opcionesPreguntasOrden` int(11) DEFAULT NULL
) ENGINE=InnoDB DEFAULT CHARSET=utf8;

--
-- Volcado de datos para la tabla `t_opcionespreguntas`
--

INSERT INTO `t_opcionespreguntas` (`idt_opcionesPreguntas`, `t_impuestoPreguntas_idt_impuestoPreguntas`, `t_opcionesPreguntasReferencia`, `t_opcionesPreguntasOrden`) VALUES(1, 2, 10, 1);
INSERT INTO `t_opcionespreguntas` (`idt_opcionesPreguntas`, `t_impuestoPreguntas_idt_impuestoPreguntas`, `t_opcionesPreguntasReferencia`, `t_opcionesPreguntasOrden`) VALUES(2, 9, 10, 2);
INSERT INTO `t_opcionespreguntas` (`idt_opcionesPreguntas`, `t_impuestoPreguntas_idt_impuestoPreguntas`, `t_opcionesPreguntasReferencia`, `t_opcionesPreguntasOrden`) VALUES(3, 11, 10, 3);
INSERT INTO `t_opcionespreguntas` (`idt_opcionesPreguntas`, `t_impuestoPreguntas_idt_impuestoPreguntas`, `t_opcionesPreguntasReferencia`, `t_opcionesPreguntasOrden`) VALUES(4, 17, 10, 4);
INSERT INTO `t_opcionespreguntas` (`idt_opcionesPreguntas`, `t_impuestoPreguntas_idt_impuestoPreguntas`, `t_opcionesPreguntasReferencia`, `t_opcionesPreguntasOrden`) VALUES(5, 19, 10, 5);
INSERT INTO `t_opcionespreguntas` (`idt_opcionesPreguntas`, `t_impuestoPreguntas_idt_impuestoPreguntas`, `t_opcionesPreguntasReferencia`, `t_opcionesPreguntasOrden`) VALUES(6, 20, 10, 6);
INSERT INTO `t_opcionespreguntas` (`idt_opcionesPreguntas`, `t_impuestoPreguntas_idt_impuestoPreguntas`, `t_opcionesPreguntasReferencia`, `t_opcionesPreguntasOrden`) VALUES(7, 21, 10, 7);
INSERT INTO `t_opcionespreguntas` (`idt_opcionesPreguntas`, `t_impuestoPreguntas_idt_impuestoPreguntas`, `t_opcionesPreguntasReferencia`, `t_opcionesPreguntasOrden`) VALUES(8, 22, 10, 8);
INSERT INTO `t_opcionespreguntas` (`idt_opcionesPreguntas`, `t_impuestoPreguntas_idt_impuestoPreguntas`, `t_opcionesPreguntasReferencia`, `t_opcionesPreguntasOrden`) VALUES(9, 24, 10, 9);
INSERT INTO `t_opcionespreguntas` (`idt_opcionesPreguntas`, `t_impuestoPreguntas_idt_impuestoPreguntas`, `t_opcionesPreguntasReferencia`, `t_opcionesPreguntasOrden`) VALUES(10, 25, 10, 10);
INSERT INTO `t_opcionespreguntas` (`idt_opcionesPreguntas`, `t_impuestoPreguntas_idt_impuestoPreguntas`, `t_opcionesPreguntasReferencia`, `t_opcionesPreguntasOrden`) VALUES(11, 26, 10, 11);
INSERT INTO `t_opcionespreguntas` (`idt_opcionesPreguntas`, `t_impuestoPreguntas_idt_impuestoPreguntas`, `t_opcionesPreguntasReferencia`, `t_opcionesPreguntasOrden`) VALUES(12, 27, 10, 12);
INSERT INTO `t_opcionespreguntas` (`idt_opcionesPreguntas`, `t_impuestoPreguntas_idt_impuestoPreguntas`, `t_opcionesPreguntasReferencia`, `t_opcionesPreguntasOrden`) VALUES(13, 33, 10, 13);
INSERT INTO `t_opcionespreguntas` (`idt_opcionesPreguntas`, `t_impuestoPreguntas_idt_impuestoPreguntas`, `t_opcionesPreguntasReferencia`, `t_opcionesPreguntasOrden`) VALUES(14, 37, 10, 14);
INSERT INTO `t_opcionespreguntas` (`idt_opcionesPreguntas`, `t_impuestoPreguntas_idt_impuestoPreguntas`, `t_opcionesPreguntasReferencia`, `t_opcionesPreguntasOrden`) VALUES(15, 2, 11, 1);
INSERT INTO `t_opcionespreguntas` (`idt_opcionesPreguntas`, `t_impuestoPreguntas_idt_impuestoPreguntas`, `t_opcionesPreguntasReferencia`, `t_opcionesPreguntasOrden`) VALUES(16, 7, 11, 2);
INSERT INTO `t_opcionespreguntas` (`idt_opcionesPreguntas`, `t_impuestoPreguntas_idt_impuestoPreguntas`, `t_opcionesPreguntasReferencia`, `t_opcionesPreguntasOrden`) VALUES(17, 8, 11, 3);
INSERT INTO `t_opcionespreguntas` (`idt_opcionesPreguntas`, `t_impuestoPreguntas_idt_impuestoPreguntas`, `t_opcionesPreguntasReferencia`, `t_opcionesPreguntasOrden`) VALUES(18, 9, 11, 4);
INSERT INTO `t_opcionespreguntas` (`idt_opcionesPreguntas`, `t_impuestoPreguntas_idt_impuestoPreguntas`, `t_opcionesPreguntasReferencia`, `t_opcionesPreguntasOrden`) VALUES(19, 11, 11, 5);
INSERT INTO `t_opcionespreguntas` (`idt_opcionesPreguntas`, `t_impuestoPreguntas_idt_impuestoPreguntas`, `t_opcionesPreguntasReferencia`, `t_opcionesPreguntasOrden`) VALUES(20, 17, 11, 6);
INSERT INTO `t_opcionespreguntas` (`idt_opcionesPreguntas`, `t_impuestoPreguntas_idt_impuestoPreguntas`, `t_opcionesPreguntasReferencia`, `t_opcionesPreguntasOrden`) VALUES(21, 19, 11, 7);
INSERT INTO `t_opcionespreguntas` (`idt_opcionesPreguntas`, `t_impuestoPreguntas_idt_impuestoPreguntas`, `t_opcionesPreguntasReferencia`, `t_opcionesPreguntasOrden`) VALUES(22, 20, 11, 8);
INSERT INTO `t_opcionespreguntas` (`idt_opcionesPreguntas`, `t_impuestoPreguntas_idt_impuestoPreguntas`, `t_opcionesPreguntasReferencia`, `t_opcionesPreguntasOrden`) VALUES(23, 21, 11, 9);
INSERT INTO `t_opcionespreguntas` (`idt_opcionesPreguntas`, `t_impuestoPreguntas_idt_impuestoPreguntas`, `t_opcionesPreguntasReferencia`, `t_opcionesPreguntasOrden`) VALUES(24, 22, 11, 10);
INSERT INTO `t_opcionespreguntas` (`idt_opcionesPreguntas`, `t_impuestoPreguntas_idt_impuestoPreguntas`, `t_opcionesPreguntasReferencia`, `t_opcionesPreguntasOrden`) VALUES(25, 24, 11, 11);
INSERT INTO `t_opcionespreguntas` (`idt_opcionesPreguntas`, `t_impuestoPreguntas_idt_impuestoPreguntas`, `t_opcionesPreguntasReferencia`, `t_opcionesPreguntasOrden`) VALUES(26, 25, 11, 12);
INSERT INTO `t_opcionespreguntas` (`idt_opcionesPreguntas`, `t_impuestoPreguntas_idt_impuestoPreguntas`, `t_opcionesPreguntasReferencia`, `t_opcionesPreguntasOrden`) VALUES(27, 26, 11, 13);
INSERT INTO `t_opcionespreguntas` (`idt_opcionesPreguntas`, `t_impuestoPreguntas_idt_impuestoPreguntas`, `t_opcionesPreguntasReferencia`, `t_opcionesPreguntasOrden`) VALUES(28, 27, 11, 14);
INSERT INTO `t_opcionespreguntas` (`idt_opcionesPreguntas`, `t_impuestoPreguntas_idt_impuestoPreguntas`, `t_opcionesPreguntasReferencia`, `t_opcionesPreguntasOrden`) VALUES(29, 30, 11, 15);
INSERT INTO `t_opcionespreguntas` (`idt_opcionesPreguntas`, `t_impuestoPreguntas_idt_impuestoPreguntas`, `t_opcionesPreguntasReferencia`, `t_opcionesPreguntasOrden`) VALUES(30, 37, 11, 16);
INSERT INTO `t_opcionespreguntas` (`idt_opcionesPreguntas`, `t_impuestoPreguntas_idt_impuestoPreguntas`, `t_opcionesPreguntasReferencia`, `t_opcionesPreguntasOrden`) VALUES(31, 3, 12, 1);
INSERT INTO `t_opcionespreguntas` (`idt_opcionesPreguntas`, `t_impuestoPreguntas_idt_impuestoPreguntas`, `t_opcionesPreguntasReferencia`, `t_opcionesPreguntasOrden`) VALUES(32, 2, 12, 2);
INSERT INTO `t_opcionespreguntas` (`idt_opcionesPreguntas`, `t_impuestoPreguntas_idt_impuestoPreguntas`, `t_opcionesPreguntasReferencia`, `t_opcionesPreguntasOrden`) VALUES(33, 9, 12, 3);
INSERT INTO `t_opcionespreguntas` (`idt_opcionesPreguntas`, `t_impuestoPreguntas_idt_impuestoPreguntas`, `t_opcionesPreguntasReferencia`, `t_opcionesPreguntasOrden`) VALUES(34, 11, 12, 4);
INSERT INTO `t_opcionespreguntas` (`idt_opcionesPreguntas`, `t_impuestoPreguntas_idt_impuestoPreguntas`, `t_opcionesPreguntasReferencia`, `t_opcionesPreguntasOrden`) VALUES(35, 20, 12, 5);
INSERT INTO `t_opcionespreguntas` (`idt_opcionesPreguntas`, `t_impuestoPreguntas_idt_impuestoPreguntas`, `t_opcionesPreguntasReferencia`, `t_opcionesPreguntasOrden`) VALUES(36, 21, 12, 6);
INSERT INTO `t_opcionespreguntas` (`idt_opcionesPreguntas`, `t_impuestoPreguntas_idt_impuestoPreguntas`, `t_opcionesPreguntasReferencia`, `t_opcionesPreguntasOrden`) VALUES(37, 22, 12, 7);
INSERT INTO `t_opcionespreguntas` (`idt_opcionesPreguntas`, `t_impuestoPreguntas_idt_impuestoPreguntas`, `t_opcionesPreguntasReferencia`, `t_opcionesPreguntasOrden`) VALUES(38, 24, 12, 8);
INSERT INTO `t_opcionespreguntas` (`idt_opcionesPreguntas`, `t_impuestoPreguntas_idt_impuestoPreguntas`, `t_opcionesPreguntasReferencia`, `t_opcionesPreguntasOrden`) VALUES(39, 25, 12, 9);
INSERT INTO `t_opcionespreguntas` (`idt_opcionesPreguntas`, `t_impuestoPreguntas_idt_impuestoPreguntas`, `t_opcionesPreguntasReferencia`, `t_opcionesPreguntasOrden`) VALUES(40, 26, 12, 10);
INSERT INTO `t_opcionespreguntas` (`idt_opcionesPreguntas`, `t_impuestoPreguntas_idt_impuestoPreguntas`, `t_opcionesPreguntasReferencia`, `t_opcionesPreguntasOrden`) VALUES(41, 27, 12, 11);
INSERT INTO `t_opcionespreguntas` (`idt_opcionesPreguntas`, `t_impuestoPreguntas_idt_impuestoPreguntas`, `t_opcionesPreguntasReferencia`, `t_opcionesPreguntasOrden`) VALUES(42, 33, 12, 12);
INSERT INTO `t_opcionespreguntas` (`idt_opcionesPreguntas`, `t_impuestoPreguntas_idt_impuestoPreguntas`, `t_opcionesPreguntasReferencia`, `t_opcionesPreguntasOrden`) VALUES(43, 37, 12, 13);
INSERT INTO `t_opcionespreguntas` (`idt_opcionesPreguntas`, `t_impuestoPreguntas_idt_impuestoPreguntas`, `t_opcionesPreguntasReferencia`, `t_opcionesPreguntasOrden`) VALUES(44, 3, 13, 1);
INSERT INTO `t_opcionespreguntas` (`idt_opcionesPreguntas`, `t_impuestoPreguntas_idt_impuestoPreguntas`, `t_opcionesPreguntasReferencia`, `t_opcionesPreguntasOrden`) VALUES(45, 2, 13, 2);
INSERT INTO `t_opcionespreguntas` (`idt_opcionesPreguntas`, `t_impuestoPreguntas_idt_impuestoPreguntas`, `t_opcionesPreguntasReferencia`, `t_opcionesPreguntasOrden`) VALUES(46, 7, 13, 3);
INSERT INTO `t_opcionespreguntas` (`idt_opcionesPreguntas`, `t_impuestoPreguntas_idt_impuestoPreguntas`, `t_opcionesPreguntasReferencia`, `t_opcionesPreguntasOrden`) VALUES(47, 8, 13, 4);
INSERT INTO `t_opcionespreguntas` (`idt_opcionesPreguntas`, `t_impuestoPreguntas_idt_impuestoPreguntas`, `t_opcionesPreguntasReferencia`, `t_opcionesPreguntasOrden`) VALUES(48, 9, 13, 5);
INSERT INTO `t_opcionespreguntas` (`idt_opcionesPreguntas`, `t_impuestoPreguntas_idt_impuestoPreguntas`, `t_opcionesPreguntasReferencia`, `t_opcionesPreguntasOrden`) VALUES(49, 11, 13, 6);
INSERT INTO `t_opcionespreguntas` (`idt_opcionesPreguntas`, `t_impuestoPreguntas_idt_impuestoPreguntas`, `t_opcionesPreguntasReferencia`, `t_opcionesPreguntasOrden`) VALUES(50, 20, 13, 7);
INSERT INTO `t_opcionespreguntas` (`idt_opcionesPreguntas`, `t_impuestoPreguntas_idt_impuestoPreguntas`, `t_opcionesPreguntasReferencia`, `t_opcionesPreguntasOrden`) VALUES(51, 21, 13, 8);
INSERT INTO `t_opcionespreguntas` (`idt_opcionesPreguntas`, `t_impuestoPreguntas_idt_impuestoPreguntas`, `t_opcionesPreguntasReferencia`, `t_opcionesPreguntasOrden`) VALUES(52, 22, 13, 9);
INSERT INTO `t_opcionespreguntas` (`idt_opcionesPreguntas`, `t_impuestoPreguntas_idt_impuestoPreguntas`, `t_opcionesPreguntasReferencia`, `t_opcionesPreguntasOrden`) VALUES(53, 24, 13, 10);
INSERT INTO `t_opcionespreguntas` (`idt_opcionesPreguntas`, `t_impuestoPreguntas_idt_impuestoPreguntas`, `t_opcionesPreguntasReferencia`, `t_opcionesPreguntasOrden`) VALUES(54, 25, 13, 11);
INSERT INTO `t_opcionespreguntas` (`idt_opcionesPreguntas`, `t_impuestoPreguntas_idt_impuestoPreguntas`, `t_opcionesPreguntasReferencia`, `t_opcionesPreguntasOrden`) VALUES(55, 26, 13, 12);
INSERT INTO `t_opcionespreguntas` (`idt_opcionesPreguntas`, `t_impuestoPreguntas_idt_impuestoPreguntas`, `t_opcionesPreguntasReferencia`, `t_opcionesPreguntasOrden`) VALUES(56, 27, 13, 13);
INSERT INTO `t_opcionespreguntas` (`idt_opcionesPreguntas`, `t_impuestoPreguntas_idt_impuestoPreguntas`, `t_opcionesPreguntasReferencia`, `t_opcionesPreguntasOrden`) VALUES(57, 33, 13, 14);
INSERT INTO `t_opcionespreguntas` (`idt_opcionesPreguntas`, `t_impuestoPreguntas_idt_impuestoPreguntas`, `t_opcionesPreguntasReferencia`, `t_opcionesPreguntasOrden`) VALUES(58, 37, 13, 15);
INSERT INTO `t_opcionespreguntas` (`idt_opcionesPreguntas`, `t_impuestoPreguntas_idt_impuestoPreguntas`, `t_opcionesPreguntasReferencia`, `t_opcionesPreguntasOrden`) VALUES(59, 1, 20, 1);
INSERT INTO `t_opcionespreguntas` (`idt_opcionesPreguntas`, `t_impuestoPreguntas_idt_impuestoPreguntas`, `t_opcionesPreguntasReferencia`, `t_opcionesPreguntasOrden`) VALUES(60, 5, 20, 2);
INSERT INTO `t_opcionespreguntas` (`idt_opcionesPreguntas`, `t_impuestoPreguntas_idt_impuestoPreguntas`, `t_opcionesPreguntasReferencia`, `t_opcionesPreguntasOrden`) VALUES(61, 6, 20, 3);
INSERT INTO `t_opcionespreguntas` (`idt_opcionesPreguntas`, `t_impuestoPreguntas_idt_impuestoPreguntas`, `t_opcionesPreguntasReferencia`, `t_opcionesPreguntasOrden`) VALUES(62, 9, 20, 4);
INSERT INTO `t_opcionespreguntas` (`idt_opcionesPreguntas`, `t_impuestoPreguntas_idt_impuestoPreguntas`, `t_opcionesPreguntasReferencia`, `t_opcionesPreguntasOrden`) VALUES(63, 10, 20, 5);
INSERT INTO `t_opcionespreguntas` (`idt_opcionesPreguntas`, `t_impuestoPreguntas_idt_impuestoPreguntas`, `t_opcionesPreguntasReferencia`, `t_opcionesPreguntasOrden`) VALUES(64, 11, 20, 6);
INSERT INTO `t_opcionespreguntas` (`idt_opcionesPreguntas`, `t_impuestoPreguntas_idt_impuestoPreguntas`, `t_opcionesPreguntasReferencia`, `t_opcionesPreguntasOrden`) VALUES(65, 12, 20, 7);
INSERT INTO `t_opcionespreguntas` (`idt_opcionesPreguntas`, `t_impuestoPreguntas_idt_impuestoPreguntas`, `t_opcionesPreguntasReferencia`, `t_opcionesPreguntasOrden`) VALUES(66, 13, 20, 8);
INSERT INTO `t_opcionespreguntas` (`idt_opcionesPreguntas`, `t_impuestoPreguntas_idt_impuestoPreguntas`, `t_opcionesPreguntasReferencia`, `t_opcionesPreguntasOrden`) VALUES(67, 14, 20, 9);
INSERT INTO `t_opcionespreguntas` (`idt_opcionesPreguntas`, `t_impuestoPreguntas_idt_impuestoPreguntas`, `t_opcionesPreguntasReferencia`, `t_opcionesPreguntasOrden`) VALUES(68, 15, 20, 10);
INSERT INTO `t_opcionespreguntas` (`idt_opcionesPreguntas`, `t_impuestoPreguntas_idt_impuestoPreguntas`, `t_opcionesPreguntasReferencia`, `t_opcionesPreguntasOrden`) VALUES(69, 16, 20, 11);
INSERT INTO `t_opcionespreguntas` (`idt_opcionesPreguntas`, `t_impuestoPreguntas_idt_impuestoPreguntas`, `t_opcionesPreguntasReferencia`, `t_opcionesPreguntasOrden`) VALUES(70, 17, 20, 12);
INSERT INTO `t_opcionespreguntas` (`idt_opcionesPreguntas`, `t_impuestoPreguntas_idt_impuestoPreguntas`, `t_opcionesPreguntasReferencia`, `t_opcionesPreguntasOrden`) VALUES(71, 18, 20, 13);
INSERT INTO `t_opcionespreguntas` (`idt_opcionesPreguntas`, `t_impuestoPreguntas_idt_impuestoPreguntas`, `t_opcionesPreguntasReferencia`, `t_opcionesPreguntasOrden`) VALUES(72, 19, 20, 14);
INSERT INTO `t_opcionespreguntas` (`idt_opcionesPreguntas`, `t_impuestoPreguntas_idt_impuestoPreguntas`, `t_opcionesPreguntasReferencia`, `t_opcionesPreguntasOrden`) VALUES(73, 20, 20, 15);
INSERT INTO `t_opcionespreguntas` (`idt_opcionesPreguntas`, `t_impuestoPreguntas_idt_impuestoPreguntas`, `t_opcionesPreguntasReferencia`, `t_opcionesPreguntasOrden`) VALUES(74, 21, 20, 16);
INSERT INTO `t_opcionespreguntas` (`idt_opcionesPreguntas`, `t_impuestoPreguntas_idt_impuestoPreguntas`, `t_opcionesPreguntasReferencia`, `t_opcionesPreguntasOrden`) VALUES(75, 22, 20, 17);
INSERT INTO `t_opcionespreguntas` (`idt_opcionesPreguntas`, `t_impuestoPreguntas_idt_impuestoPreguntas`, `t_opcionesPreguntasReferencia`, `t_opcionesPreguntasOrden`) VALUES(76, 23, 20, 18);
INSERT INTO `t_opcionespreguntas` (`idt_opcionesPreguntas`, `t_impuestoPreguntas_idt_impuestoPreguntas`, `t_opcionesPreguntasReferencia`, `t_opcionesPreguntasOrden`) VALUES(77, 24, 20, 19);
INSERT INTO `t_opcionespreguntas` (`idt_opcionesPreguntas`, `t_impuestoPreguntas_idt_impuestoPreguntas`, `t_opcionesPreguntasReferencia`, `t_opcionesPreguntasOrden`) VALUES(78, 25, 20, 20);
INSERT INTO `t_opcionespreguntas` (`idt_opcionesPreguntas`, `t_impuestoPreguntas_idt_impuestoPreguntas`, `t_opcionesPreguntasReferencia`, `t_opcionesPreguntasOrden`) VALUES(79, 26, 20, 21);
INSERT INTO `t_opcionespreguntas` (`idt_opcionesPreguntas`, `t_impuestoPreguntas_idt_impuestoPreguntas`, `t_opcionesPreguntasReferencia`, `t_opcionesPreguntasOrden`) VALUES(80, 27, 20, 22);
INSERT INTO `t_opcionespreguntas` (`idt_opcionesPreguntas`, `t_impuestoPreguntas_idt_impuestoPreguntas`, `t_opcionesPreguntasReferencia`, `t_opcionesPreguntasOrden`) VALUES(81, 28, 20, 23);
INSERT INTO `t_opcionespreguntas` (`idt_opcionesPreguntas`, `t_impuestoPreguntas_idt_impuestoPreguntas`, `t_opcionesPreguntasReferencia`, `t_opcionesPreguntasOrden`) VALUES(82, 29, 20, 24);
INSERT INTO `t_opcionespreguntas` (`idt_opcionesPreguntas`, `t_impuestoPreguntas_idt_impuestoPreguntas`, `t_opcionesPreguntasReferencia`, `t_opcionesPreguntasOrden`) VALUES(83, 33, 20, 25);
INSERT INTO `t_opcionespreguntas` (`idt_opcionesPreguntas`, `t_impuestoPreguntas_idt_impuestoPreguntas`, `t_opcionesPreguntasReferencia`, `t_opcionesPreguntasOrden`) VALUES(84, 35, 20, 26);
INSERT INTO `t_opcionespreguntas` (`idt_opcionesPreguntas`, `t_impuestoPreguntas_idt_impuestoPreguntas`, `t_opcionesPreguntasReferencia`, `t_opcionesPreguntasOrden`) VALUES(85, 36, 20, 27);
INSERT INTO `t_opcionespreguntas` (`idt_opcionesPreguntas`, `t_impuestoPreguntas_idt_impuestoPreguntas`, `t_opcionesPreguntasReferencia`, `t_opcionesPreguntasOrden`) VALUES(86, 37, 20, 28);
INSERT INTO `t_opcionespreguntas` (`idt_opcionesPreguntas`, `t_impuestoPreguntas_idt_impuestoPreguntas`, `t_opcionesPreguntasReferencia`, `t_opcionesPreguntasOrden`) VALUES(87, 1, 21, 1);
INSERT INTO `t_opcionespreguntas` (`idt_opcionesPreguntas`, `t_impuestoPreguntas_idt_impuestoPreguntas`, `t_opcionesPreguntasReferencia`, `t_opcionesPreguntasOrden`) VALUES(88, 4, 21, 2);
INSERT INTO `t_opcionespreguntas` (`idt_opcionesPreguntas`, `t_impuestoPreguntas_idt_impuestoPreguntas`, `t_opcionesPreguntasReferencia`, `t_opcionesPreguntasOrden`) VALUES(89, 5, 21, 3);
INSERT INTO `t_opcionespreguntas` (`idt_opcionesPreguntas`, `t_impuestoPreguntas_idt_impuestoPreguntas`, `t_opcionesPreguntasReferencia`, `t_opcionesPreguntasOrden`) VALUES(90, 6, 21, 4);
INSERT INTO `t_opcionespreguntas` (`idt_opcionesPreguntas`, `t_impuestoPreguntas_idt_impuestoPreguntas`, `t_opcionesPreguntasReferencia`, `t_opcionesPreguntasOrden`) VALUES(91, 7, 21, 5);
INSERT INTO `t_opcionespreguntas` (`idt_opcionesPreguntas`, `t_impuestoPreguntas_idt_impuestoPreguntas`, `t_opcionesPreguntasReferencia`, `t_opcionesPreguntasOrden`) VALUES(92, 8, 21, 6);
INSERT INTO `t_opcionespreguntas` (`idt_opcionesPreguntas`, `t_impuestoPreguntas_idt_impuestoPreguntas`, `t_opcionesPreguntasReferencia`, `t_opcionesPreguntasOrden`) VALUES(93, 9, 21, 7);
INSERT INTO `t_opcionespreguntas` (`idt_opcionesPreguntas`, `t_impuestoPreguntas_idt_impuestoPreguntas`, `t_opcionesPreguntasReferencia`, `t_opcionesPreguntasOrden`) VALUES(94, 10, 21, 8);
INSERT INTO `t_opcionespreguntas` (`idt_opcionesPreguntas`, `t_impuestoPreguntas_idt_impuestoPreguntas`, `t_opcionesPreguntasReferencia`, `t_opcionesPreguntasOrden`) VALUES(95, 11, 21, 9);
INSERT INTO `t_opcionespreguntas` (`idt_opcionesPreguntas`, `t_impuestoPreguntas_idt_impuestoPreguntas`, `t_opcionesPreguntasReferencia`, `t_opcionesPreguntasOrden`) VALUES(96, 12, 21, 10);
INSERT INTO `t_opcionespreguntas` (`idt_opcionesPreguntas`, `t_impuestoPreguntas_idt_impuestoPreguntas`, `t_opcionesPreguntasReferencia`, `t_opcionesPreguntasOrden`) VALUES(97, 13, 21, 11);
INSERT INTO `t_opcionespreguntas` (`idt_opcionesPreguntas`, `t_impuestoPreguntas_idt_impuestoPreguntas`, `t_opcionesPreguntasReferencia`, `t_opcionesPreguntasOrden`) VALUES(98, 14, 21, 12);
INSERT INTO `t_opcionespreguntas` (`idt_opcionesPreguntas`, `t_impuestoPreguntas_idt_impuestoPreguntas`, `t_opcionesPreguntasReferencia`, `t_opcionesPreguntasOrden`) VALUES(99, 15, 21, 13);
INSERT INTO `t_opcionespreguntas` (`idt_opcionesPreguntas`, `t_impuestoPreguntas_idt_impuestoPreguntas`, `t_opcionesPreguntasReferencia`, `t_opcionesPreguntasOrden`) VALUES(100, 16, 21, 14);
INSERT INTO `t_opcionespreguntas` (`idt_opcionesPreguntas`, `t_impuestoPreguntas_idt_impuestoPreguntas`, `t_opcionesPreguntasReferencia`, `t_opcionesPreguntasOrden`) VALUES(101, 17, 21, 15);
INSERT INTO `t_opcionespreguntas` (`idt_opcionesPreguntas`, `t_impuestoPreguntas_idt_impuestoPreguntas`, `t_opcionesPreguntasReferencia`, `t_opcionesPreguntasOrden`) VALUES(102, 18, 21, 16);
INSERT INTO `t_opcionespreguntas` (`idt_opcionesPreguntas`, `t_impuestoPreguntas_idt_impuestoPreguntas`, `t_opcionesPreguntasReferencia`, `t_opcionesPreguntasOrden`) VALUES(103, 19, 21, 17);
INSERT INTO `t_opcionespreguntas` (`idt_opcionesPreguntas`, `t_impuestoPreguntas_idt_impuestoPreguntas`, `t_opcionesPreguntasReferencia`, `t_opcionesPreguntasOrden`) VALUES(104, 20, 21, 18);
INSERT INTO `t_opcionespreguntas` (`idt_opcionesPreguntas`, `t_impuestoPreguntas_idt_impuestoPreguntas`, `t_opcionesPreguntasReferencia`, `t_opcionesPreguntasOrden`) VALUES(105, 21, 21, 19);
INSERT INTO `t_opcionespreguntas` (`idt_opcionesPreguntas`, `t_impuestoPreguntas_idt_impuestoPreguntas`, `t_opcionesPreguntasReferencia`, `t_opcionesPreguntasOrden`) VALUES(106, 22, 21, 20);
INSERT INTO `t_opcionespreguntas` (`idt_opcionesPreguntas`, `t_impuestoPreguntas_idt_impuestoPreguntas`, `t_opcionesPreguntasReferencia`, `t_opcionesPreguntasOrden`) VALUES(107, 23, 21, 21);
INSERT INTO `t_opcionespreguntas` (`idt_opcionesPreguntas`, `t_impuestoPreguntas_idt_impuestoPreguntas`, `t_opcionesPreguntasReferencia`, `t_opcionesPreguntasOrden`) VALUES(108, 24, 21, 22);
INSERT INTO `t_opcionespreguntas` (`idt_opcionesPreguntas`, `t_impuestoPreguntas_idt_impuestoPreguntas`, `t_opcionesPreguntasReferencia`, `t_opcionesPreguntasOrden`) VALUES(109, 25, 21, 23);
INSERT INTO `t_opcionespreguntas` (`idt_opcionesPreguntas`, `t_impuestoPreguntas_idt_impuestoPreguntas`, `t_opcionesPreguntasReferencia`, `t_opcionesPreguntasOrden`) VALUES(110, 26, 21, 24);
INSERT INTO `t_opcionespreguntas` (`idt_opcionesPreguntas`, `t_impuestoPreguntas_idt_impuestoPreguntas`, `t_opcionesPreguntasReferencia`, `t_opcionesPreguntasOrden`) VALUES(111, 27, 21, 25);
INSERT INTO `t_opcionespreguntas` (`idt_opcionesPreguntas`, `t_impuestoPreguntas_idt_impuestoPreguntas`, `t_opcionesPreguntasReferencia`, `t_opcionesPreguntasOrden`) VALUES(112, 28, 21, 26);
INSERT INTO `t_opcionespreguntas` (`idt_opcionesPreguntas`, `t_impuestoPreguntas_idt_impuestoPreguntas`, `t_opcionesPreguntasReferencia`, `t_opcionesPreguntasOrden`) VALUES(113, 29, 21, 27);
INSERT INTO `t_opcionespreguntas` (`idt_opcionesPreguntas`, `t_impuestoPreguntas_idt_impuestoPreguntas`, `t_opcionesPreguntasReferencia`, `t_opcionesPreguntasOrden`) VALUES(114, 30, 21, 28);
INSERT INTO `t_opcionespreguntas` (`idt_opcionesPreguntas`, `t_impuestoPreguntas_idt_impuestoPreguntas`, `t_opcionesPreguntasReferencia`, `t_opcionesPreguntasOrden`) VALUES(115, 31, 21, 29);
INSERT INTO `t_opcionespreguntas` (`idt_opcionesPreguntas`, `t_impuestoPreguntas_idt_impuestoPreguntas`, `t_opcionesPreguntasReferencia`, `t_opcionesPreguntasOrden`) VALUES(116, 32, 21, 30);
INSERT INTO `t_opcionespreguntas` (`idt_opcionesPreguntas`, `t_impuestoPreguntas_idt_impuestoPreguntas`, `t_opcionesPreguntasReferencia`, `t_opcionesPreguntasOrden`) VALUES(117, 33, 21, 31);
INSERT INTO `t_opcionespreguntas` (`idt_opcionesPreguntas`, `t_impuestoPreguntas_idt_impuestoPreguntas`, `t_opcionesPreguntasReferencia`, `t_opcionesPreguntasOrden`) VALUES(118, 34, 21, 32);
INSERT INTO `t_opcionespreguntas` (`idt_opcionesPreguntas`, `t_impuestoPreguntas_idt_impuestoPreguntas`, `t_opcionesPreguntasReferencia`, `t_opcionesPreguntasOrden`) VALUES(119, 35, 21, 33);
INSERT INTO `t_opcionespreguntas` (`idt_opcionesPreguntas`, `t_impuestoPreguntas_idt_impuestoPreguntas`, `t_opcionesPreguntasReferencia`, `t_opcionesPreguntasOrden`) VALUES(120, 36, 21, 34);
INSERT INTO `t_opcionespreguntas` (`idt_opcionesPreguntas`, `t_impuestoPreguntas_idt_impuestoPreguntas`, `t_opcionesPreguntasReferencia`, `t_opcionesPreguntasOrden`) VALUES(121, 37, 21, 35);
INSERT INTO `t_opcionespreguntas` (`idt_opcionesPreguntas`, `t_impuestoPreguntas_idt_impuestoPreguntas`, `t_opcionesPreguntasReferencia`, `t_opcionesPreguntasOrden`) VALUES(122, 3, 22, 1);
INSERT INTO `t_opcionespreguntas` (`idt_opcionesPreguntas`, `t_impuestoPreguntas_idt_impuestoPreguntas`, `t_opcionesPreguntasReferencia`, `t_opcionesPreguntasOrden`) VALUES(123, 1, 22, 2);
INSERT INTO `t_opcionespreguntas` (`idt_opcionesPreguntas`, `t_impuestoPreguntas_idt_impuestoPreguntas`, `t_opcionesPreguntasReferencia`, `t_opcionesPreguntasOrden`) VALUES(124, 5, 22, 3);
INSERT INTO `t_opcionespreguntas` (`idt_opcionesPreguntas`, `t_impuestoPreguntas_idt_impuestoPreguntas`, `t_opcionesPreguntasReferencia`, `t_opcionesPreguntasOrden`) VALUES(125, 6, 22, 4);
INSERT INTO `t_opcionespreguntas` (`idt_opcionesPreguntas`, `t_impuestoPreguntas_idt_impuestoPreguntas`, `t_opcionesPreguntasReferencia`, `t_opcionesPreguntasOrden`) VALUES(126, 9, 22, 5);
INSERT INTO `t_opcionespreguntas` (`idt_opcionesPreguntas`, `t_impuestoPreguntas_idt_impuestoPreguntas`, `t_opcionesPreguntasReferencia`, `t_opcionesPreguntasOrden`) VALUES(127, 10, 22, 6);
INSERT INTO `t_opcionespreguntas` (`idt_opcionesPreguntas`, `t_impuestoPreguntas_idt_impuestoPreguntas`, `t_opcionesPreguntasReferencia`, `t_opcionesPreguntasOrden`) VALUES(128, 11, 22, 7);
INSERT INTO `t_opcionespreguntas` (`idt_opcionesPreguntas`, `t_impuestoPreguntas_idt_impuestoPreguntas`, `t_opcionesPreguntasReferencia`, `t_opcionesPreguntasOrden`) VALUES(129, 16, 22, 8);
INSERT INTO `t_opcionespreguntas` (`idt_opcionesPreguntas`, `t_impuestoPreguntas_idt_impuestoPreguntas`, `t_opcionesPreguntasReferencia`, `t_opcionesPreguntasOrden`) VALUES(130, 20, 22, 9);
INSERT INTO `t_opcionespreguntas` (`idt_opcionesPreguntas`, `t_impuestoPreguntas_idt_impuestoPreguntas`, `t_opcionesPreguntasReferencia`, `t_opcionesPreguntasOrden`) VALUES(131, 21, 22, 10);
INSERT INTO `t_opcionespreguntas` (`idt_opcionesPreguntas`, `t_impuestoPreguntas_idt_impuestoPreguntas`, `t_opcionesPreguntasReferencia`, `t_opcionesPreguntasOrden`) VALUES(132, 22, 22, 11);
INSERT INTO `t_opcionespreguntas` (`idt_opcionesPreguntas`, `t_impuestoPreguntas_idt_impuestoPreguntas`, `t_opcionesPreguntasReferencia`, `t_opcionesPreguntasOrden`) VALUES(133, 23, 22, 12);
INSERT INTO `t_opcionespreguntas` (`idt_opcionesPreguntas`, `t_impuestoPreguntas_idt_impuestoPreguntas`, `t_opcionesPreguntasReferencia`, `t_opcionesPreguntasOrden`) VALUES(134, 24, 22, 13);
INSERT INTO `t_opcionespreguntas` (`idt_opcionesPreguntas`, `t_impuestoPreguntas_idt_impuestoPreguntas`, `t_opcionesPreguntasReferencia`, `t_opcionesPreguntasOrden`) VALUES(135, 25, 22, 14);
INSERT INTO `t_opcionespreguntas` (`idt_opcionesPreguntas`, `t_impuestoPreguntas_idt_impuestoPreguntas`, `t_opcionesPreguntasReferencia`, `t_opcionesPreguntasOrden`) VALUES(136, 26, 22, 15);
INSERT INTO `t_opcionespreguntas` (`idt_opcionesPreguntas`, `t_impuestoPreguntas_idt_impuestoPreguntas`, `t_opcionesPreguntasReferencia`, `t_opcionesPreguntasOrden`) VALUES(137, 27, 22, 16);
INSERT INTO `t_opcionespreguntas` (`idt_opcionesPreguntas`, `t_impuestoPreguntas_idt_impuestoPreguntas`, `t_opcionesPreguntasReferencia`, `t_opcionesPreguntasOrden`) VALUES(138, 28, 22, 17);
INSERT INTO `t_opcionespreguntas` (`idt_opcionesPreguntas`, `t_impuestoPreguntas_idt_impuestoPreguntas`, `t_opcionesPreguntasReferencia`, `t_opcionesPreguntasOrden`) VALUES(139, 29, 22, 18);
INSERT INTO `t_opcionespreguntas` (`idt_opcionesPreguntas`, `t_impuestoPreguntas_idt_impuestoPreguntas`, `t_opcionesPreguntasReferencia`, `t_opcionesPreguntasOrden`) VALUES(140, 33, 22, 19);
INSERT INTO `t_opcionespreguntas` (`idt_opcionesPreguntas`, `t_impuestoPreguntas_idt_impuestoPreguntas`, `t_opcionesPreguntasReferencia`, `t_opcionesPreguntasOrden`) VALUES(141, 35, 22, 20);
INSERT INTO `t_opcionespreguntas` (`idt_opcionesPreguntas`, `t_impuestoPreguntas_idt_impuestoPreguntas`, `t_opcionesPreguntasReferencia`, `t_opcionesPreguntasOrden`) VALUES(142, 36, 22, 21);
INSERT INTO `t_opcionespreguntas` (`idt_opcionesPreguntas`, `t_impuestoPreguntas_idt_impuestoPreguntas`, `t_opcionesPreguntasReferencia`, `t_opcionesPreguntasOrden`) VALUES(143, 37, 22, 22);
INSERT INTO `t_opcionespreguntas` (`idt_opcionesPreguntas`, `t_impuestoPreguntas_idt_impuestoPreguntas`, `t_opcionesPreguntasReferencia`, `t_opcionesPreguntasOrden`) VALUES(144, 3, 23, 1);
INSERT INTO `t_opcionespreguntas` (`idt_opcionesPreguntas`, `t_impuestoPreguntas_idt_impuestoPreguntas`, `t_opcionesPreguntasReferencia`, `t_opcionesPreguntasOrden`) VALUES(145, 1, 23, 2);
INSERT INTO `t_opcionespreguntas` (`idt_opcionesPreguntas`, `t_impuestoPreguntas_idt_impuestoPreguntas`, `t_opcionesPreguntasReferencia`, `t_opcionesPreguntasOrden`) VALUES(146, 4, 23, 3);
INSERT INTO `t_opcionespreguntas` (`idt_opcionesPreguntas`, `t_impuestoPreguntas_idt_impuestoPreguntas`, `t_opcionesPreguntasReferencia`, `t_opcionesPreguntasOrden`) VALUES(147, 5, 23, 4);
INSERT INTO `t_opcionespreguntas` (`idt_opcionesPreguntas`, `t_impuestoPreguntas_idt_impuestoPreguntas`, `t_opcionesPreguntasReferencia`, `t_opcionesPreguntasOrden`) VALUES(148, 6, 23, 5);
INSERT INTO `t_opcionespreguntas` (`idt_opcionesPreguntas`, `t_impuestoPreguntas_idt_impuestoPreguntas`, `t_opcionesPreguntasReferencia`, `t_opcionesPreguntasOrden`) VALUES(149, 7, 23, 6);
INSERT INTO `t_opcionespreguntas` (`idt_opcionesPreguntas`, `t_impuestoPreguntas_idt_impuestoPreguntas`, `t_opcionesPreguntasReferencia`, `t_opcionesPreguntasOrden`) VALUES(150, 8, 23, 7);
INSERT INTO `t_opcionespreguntas` (`idt_opcionesPreguntas`, `t_impuestoPreguntas_idt_impuestoPreguntas`, `t_opcionesPreguntasReferencia`, `t_opcionesPreguntasOrden`) VALUES(151, 9, 23, 8);
INSERT INTO `t_opcionespreguntas` (`idt_opcionesPreguntas`, `t_impuestoPreguntas_idt_impuestoPreguntas`, `t_opcionesPreguntasReferencia`, `t_opcionesPreguntasOrden`) VALUES(152, 10, 23, 9);
INSERT INTO `t_opcionespreguntas` (`idt_opcionesPreguntas`, `t_impuestoPreguntas_idt_impuestoPreguntas`, `t_opcionesPreguntasReferencia`, `t_opcionesPreguntasOrden`) VALUES(153, 11, 23, 10);
INSERT INTO `t_opcionespreguntas` (`idt_opcionesPreguntas`, `t_impuestoPreguntas_idt_impuestoPreguntas`, `t_opcionesPreguntasReferencia`, `t_opcionesPreguntasOrden`) VALUES(154, 16, 23, 11);
INSERT INTO `t_opcionespreguntas` (`idt_opcionesPreguntas`, `t_impuestoPreguntas_idt_impuestoPreguntas`, `t_opcionesPreguntasReferencia`, `t_opcionesPreguntasOrden`) VALUES(155, 20, 23, 12);
INSERT INTO `t_opcionespreguntas` (`idt_opcionesPreguntas`, `t_impuestoPreguntas_idt_impuestoPreguntas`, `t_opcionesPreguntasReferencia`, `t_opcionesPreguntasOrden`) VALUES(156, 21, 23, 13);
INSERT INTO `t_opcionespreguntas` (`idt_opcionesPreguntas`, `t_impuestoPreguntas_idt_impuestoPreguntas`, `t_opcionesPreguntasReferencia`, `t_opcionesPreguntasOrden`) VALUES(157, 22, 23, 14);
INSERT INTO `t_opcionespreguntas` (`idt_opcionesPreguntas`, `t_impuestoPreguntas_idt_impuestoPreguntas`, `t_opcionesPreguntasReferencia`, `t_opcionesPreguntasOrden`) VALUES(158, 23, 23, 15);
INSERT INTO `t_opcionespreguntas` (`idt_opcionesPreguntas`, `t_impuestoPreguntas_idt_impuestoPreguntas`, `t_opcionesPreguntasReferencia`, `t_opcionesPreguntasOrden`) VALUES(159, 24, 23, 16);
INSERT INTO `t_opcionespreguntas` (`idt_opcionesPreguntas`, `t_impuestoPreguntas_idt_impuestoPreguntas`, `t_opcionesPreguntasReferencia`, `t_opcionesPreguntasOrden`) VALUES(160, 25, 23, 17);
INSERT INTO `t_opcionespreguntas` (`idt_opcionesPreguntas`, `t_impuestoPreguntas_idt_impuestoPreguntas`, `t_opcionesPreguntasReferencia`, `t_opcionesPreguntasOrden`) VALUES(161, 27, 23, 18);
INSERT INTO `t_opcionespreguntas` (`idt_opcionesPreguntas`, `t_impuestoPreguntas_idt_impuestoPreguntas`, `t_opcionesPreguntasReferencia`, `t_opcionesPreguntasOrden`) VALUES(162, 27, 23, 19);
INSERT INTO `t_opcionespreguntas` (`idt_opcionesPreguntas`, `t_impuestoPreguntas_idt_impuestoPreguntas`, `t_opcionesPreguntasReferencia`, `t_opcionesPreguntasOrden`) VALUES(163, 28, 23, 20);
INSERT INTO `t_opcionespreguntas` (`idt_opcionesPreguntas`, `t_impuestoPreguntas_idt_impuestoPreguntas`, `t_opcionesPreguntasReferencia`, `t_opcionesPreguntasOrden`) VALUES(164, 29, 23, 21);
INSERT INTO `t_opcionespreguntas` (`idt_opcionesPreguntas`, `t_impuestoPreguntas_idt_impuestoPreguntas`, `t_opcionesPreguntasReferencia`, `t_opcionesPreguntasOrden`) VALUES(165, 30, 23, 22);
INSERT INTO `t_opcionespreguntas` (`idt_opcionesPreguntas`, `t_impuestoPreguntas_idt_impuestoPreguntas`, `t_opcionesPreguntasReferencia`, `t_opcionesPreguntasOrden`) VALUES(166, 31, 23, 23);
INSERT INTO `t_opcionespreguntas` (`idt_opcionesPreguntas`, `t_impuestoPreguntas_idt_impuestoPreguntas`, `t_opcionesPreguntasReferencia`, `t_opcionesPreguntasOrden`) VALUES(167, 32, 23, 24);
INSERT INTO `t_opcionespreguntas` (`idt_opcionesPreguntas`, `t_impuestoPreguntas_idt_impuestoPreguntas`, `t_opcionesPreguntasReferencia`, `t_opcionesPreguntasOrden`) VALUES(168, 33, 23, 25);
INSERT INTO `t_opcionespreguntas` (`idt_opcionesPreguntas`, `t_impuestoPreguntas_idt_impuestoPreguntas`, `t_opcionesPreguntasReferencia`, `t_opcionesPreguntasOrden`) VALUES(169, 34, 23, 26);
INSERT INTO `t_opcionespreguntas` (`idt_opcionesPreguntas`, `t_impuestoPreguntas_idt_impuestoPreguntas`, `t_opcionesPreguntasReferencia`, `t_opcionesPreguntasOrden`) VALUES(170, 35, 23, 27);
INSERT INTO `t_opcionespreguntas` (`idt_opcionesPreguntas`, `t_impuestoPreguntas_idt_impuestoPreguntas`, `t_opcionesPreguntasReferencia`, `t_opcionesPreguntasOrden`) VALUES(171, 36, 23, 28);
INSERT INTO `t_opcionespreguntas` (`idt_opcionesPreguntas`, `t_impuestoPreguntas_idt_impuestoPreguntas`, `t_opcionesPreguntasReferencia`, `t_opcionesPreguntasOrden`) VALUES(172, 37, 23, 29);
INSERT INTO `t_opcionespreguntas` (`idt_opcionesPreguntas`, `t_impuestoPreguntas_idt_impuestoPreguntas`, `t_opcionesPreguntasReferencia`, `t_opcionesPreguntasOrden`) VALUES(173, 2, 30, 1);
INSERT INTO `t_opcionespreguntas` (`idt_opcionesPreguntas`, `t_impuestoPreguntas_idt_impuestoPreguntas`, `t_opcionesPreguntasReferencia`, `t_opcionesPreguntasOrden`) VALUES(174, 1, 30, 2);
INSERT INTO `t_opcionespreguntas` (`idt_opcionesPreguntas`, `t_impuestoPreguntas_idt_impuestoPreguntas`, `t_opcionesPreguntasReferencia`, `t_opcionesPreguntasOrden`) VALUES(175, 5, 30, 3);
INSERT INTO `t_opcionespreguntas` (`idt_opcionesPreguntas`, `t_impuestoPreguntas_idt_impuestoPreguntas`, `t_opcionesPreguntasReferencia`, `t_opcionesPreguntasOrden`) VALUES(176, 6, 30, 4);
INSERT INTO `t_opcionespreguntas` (`idt_opcionesPreguntas`, `t_impuestoPreguntas_idt_impuestoPreguntas`, `t_opcionesPreguntasReferencia`, `t_opcionesPreguntasOrden`) VALUES(177, 9, 30, 5);
INSERT INTO `t_opcionespreguntas` (`idt_opcionesPreguntas`, `t_impuestoPreguntas_idt_impuestoPreguntas`, `t_opcionesPreguntasReferencia`, `t_opcionesPreguntasOrden`) VALUES(178, 10, 30, 6);
INSERT INTO `t_opcionespreguntas` (`idt_opcionesPreguntas`, `t_impuestoPreguntas_idt_impuestoPreguntas`, `t_opcionesPreguntasReferencia`, `t_opcionesPreguntasOrden`) VALUES(179, 10, 30, 7);
INSERT INTO `t_opcionespreguntas` (`idt_opcionesPreguntas`, `t_impuestoPreguntas_idt_impuestoPreguntas`, `t_opcionesPreguntasReferencia`, `t_opcionesPreguntasOrden`) VALUES(180, 12, 30, 8);
INSERT INTO `t_opcionespreguntas` (`idt_opcionesPreguntas`, `t_impuestoPreguntas_idt_impuestoPreguntas`, `t_opcionesPreguntasReferencia`, `t_opcionesPreguntasOrden`) VALUES(181, 13, 30, 9);
INSERT INTO `t_opcionespreguntas` (`idt_opcionesPreguntas`, `t_impuestoPreguntas_idt_impuestoPreguntas`, `t_opcionesPreguntasReferencia`, `t_opcionesPreguntasOrden`) VALUES(182, 14, 30, 10);
INSERT INTO `t_opcionespreguntas` (`idt_opcionesPreguntas`, `t_impuestoPreguntas_idt_impuestoPreguntas`, `t_opcionesPreguntasReferencia`, `t_opcionesPreguntasOrden`) VALUES(183, 15, 30, 11);
INSERT INTO `t_opcionespreguntas` (`idt_opcionesPreguntas`, `t_impuestoPreguntas_idt_impuestoPreguntas`, `t_opcionesPreguntasReferencia`, `t_opcionesPreguntasOrden`) VALUES(184, 16, 30, 12);
INSERT INTO `t_opcionespreguntas` (`idt_opcionesPreguntas`, `t_impuestoPreguntas_idt_impuestoPreguntas`, `t_opcionesPreguntasReferencia`, `t_opcionesPreguntasOrden`) VALUES(185, 17, 30, 13);
INSERT INTO `t_opcionespreguntas` (`idt_opcionesPreguntas`, `t_impuestoPreguntas_idt_impuestoPreguntas`, `t_opcionesPreguntasReferencia`, `t_opcionesPreguntasOrden`) VALUES(186, 19, 30, 14);
INSERT INTO `t_opcionespreguntas` (`idt_opcionesPreguntas`, `t_impuestoPreguntas_idt_impuestoPreguntas`, `t_opcionesPreguntasReferencia`, `t_opcionesPreguntasOrden`) VALUES(187, 20, 30, 15);
INSERT INTO `t_opcionespreguntas` (`idt_opcionesPreguntas`, `t_impuestoPreguntas_idt_impuestoPreguntas`, `t_opcionesPreguntasReferencia`, `t_opcionesPreguntasOrden`) VALUES(188, 21, 30, 16);
INSERT INTO `t_opcionespreguntas` (`idt_opcionesPreguntas`, `t_impuestoPreguntas_idt_impuestoPreguntas`, `t_opcionesPreguntasReferencia`, `t_opcionesPreguntasOrden`) VALUES(189, 22, 30, 17);
INSERT INTO `t_opcionespreguntas` (`idt_opcionesPreguntas`, `t_impuestoPreguntas_idt_impuestoPreguntas`, `t_opcionesPreguntasReferencia`, `t_opcionesPreguntasOrden`) VALUES(190, 23, 30, 18);
INSERT INTO `t_opcionespreguntas` (`idt_opcionesPreguntas`, `t_impuestoPreguntas_idt_impuestoPreguntas`, `t_opcionesPreguntasReferencia`, `t_opcionesPreguntasOrden`) VALUES(191, 24, 30, 19);
INSERT INTO `t_opcionespreguntas` (`idt_opcionesPreguntas`, `t_impuestoPreguntas_idt_impuestoPreguntas`, `t_opcionesPreguntasReferencia`, `t_opcionesPreguntasOrden`) VALUES(192, 25, 30, 20);
INSERT INTO `t_opcionespreguntas` (`idt_opcionesPreguntas`, `t_impuestoPreguntas_idt_impuestoPreguntas`, `t_opcionesPreguntasReferencia`, `t_opcionesPreguntasOrden`) VALUES(193, 26, 30, 21);
INSERT INTO `t_opcionespreguntas` (`idt_opcionesPreguntas`, `t_impuestoPreguntas_idt_impuestoPreguntas`, `t_opcionesPreguntasReferencia`, `t_opcionesPreguntasOrden`) VALUES(194, 28, 30, 22);
INSERT INTO `t_opcionespreguntas` (`idt_opcionesPreguntas`, `t_impuestoPreguntas_idt_impuestoPreguntas`, `t_opcionesPreguntasReferencia`, `t_opcionesPreguntasOrden`) VALUES(195, 29, 30, 23);
INSERT INTO `t_opcionespreguntas` (`idt_opcionesPreguntas`, `t_impuestoPreguntas_idt_impuestoPreguntas`, `t_opcionesPreguntasReferencia`, `t_opcionesPreguntasOrden`) VALUES(196, 33, 30, 24);
INSERT INTO `t_opcionespreguntas` (`idt_opcionesPreguntas`, `t_impuestoPreguntas_idt_impuestoPreguntas`, `t_opcionesPreguntasReferencia`, `t_opcionesPreguntasOrden`) VALUES(197, 35, 30, 25);
INSERT INTO `t_opcionespreguntas` (`idt_opcionesPreguntas`, `t_impuestoPreguntas_idt_impuestoPreguntas`, `t_opcionesPreguntasReferencia`, `t_opcionesPreguntasOrden`) VALUES(198, 36, 30, 26);
INSERT INTO `t_opcionespreguntas` (`idt_opcionesPreguntas`, `t_impuestoPreguntas_idt_impuestoPreguntas`, `t_opcionesPreguntasReferencia`, `t_opcionesPreguntasOrden`) VALUES(199, 37, 30, 27);
INSERT INTO `t_opcionespreguntas` (`idt_opcionesPreguntas`, `t_impuestoPreguntas_idt_impuestoPreguntas`, `t_opcionesPreguntasReferencia`, `t_opcionesPreguntasOrden`) VALUES(200, 2, 31, 1);
INSERT INTO `t_opcionespreguntas` (`idt_opcionesPreguntas`, `t_impuestoPreguntas_idt_impuestoPreguntas`, `t_opcionesPreguntasReferencia`, `t_opcionesPreguntasOrden`) VALUES(201, 1, 31, 2);
INSERT INTO `t_opcionespreguntas` (`idt_opcionesPreguntas`, `t_impuestoPreguntas_idt_impuestoPreguntas`, `t_opcionesPreguntasReferencia`, `t_opcionesPreguntasOrden`) VALUES(202, 4, 31, 3);
INSERT INTO `t_opcionespreguntas` (`idt_opcionesPreguntas`, `t_impuestoPreguntas_idt_impuestoPreguntas`, `t_opcionesPreguntasReferencia`, `t_opcionesPreguntasOrden`) VALUES(203, 5, 31, 4);
INSERT INTO `t_opcionespreguntas` (`idt_opcionesPreguntas`, `t_impuestoPreguntas_idt_impuestoPreguntas`, `t_opcionesPreguntasReferencia`, `t_opcionesPreguntasOrden`) VALUES(204, 6, 31, 5);
INSERT INTO `t_opcionespreguntas` (`idt_opcionesPreguntas`, `t_impuestoPreguntas_idt_impuestoPreguntas`, `t_opcionesPreguntasReferencia`, `t_opcionesPreguntasOrden`) VALUES(205, 7, 31, 6);
INSERT INTO `t_opcionespreguntas` (`idt_opcionesPreguntas`, `t_impuestoPreguntas_idt_impuestoPreguntas`, `t_opcionesPreguntasReferencia`, `t_opcionesPreguntasOrden`) VALUES(206, 8, 31, 7);
INSERT INTO `t_opcionespreguntas` (`idt_opcionesPreguntas`, `t_impuestoPreguntas_idt_impuestoPreguntas`, `t_opcionesPreguntasReferencia`, `t_opcionesPreguntasOrden`) VALUES(207, 9, 31, 8);
INSERT INTO `t_opcionespreguntas` (`idt_opcionesPreguntas`, `t_impuestoPreguntas_idt_impuestoPreguntas`, `t_opcionesPreguntasReferencia`, `t_opcionesPreguntasOrden`) VALUES(208, 10, 31, 9);
INSERT INTO `t_opcionespreguntas` (`idt_opcionesPreguntas`, `t_impuestoPreguntas_idt_impuestoPreguntas`, `t_opcionesPreguntasReferencia`, `t_opcionesPreguntasOrden`) VALUES(209, 11, 31, 10);
INSERT INTO `t_opcionespreguntas` (`idt_opcionesPreguntas`, `t_impuestoPreguntas_idt_impuestoPreguntas`, `t_opcionesPreguntasReferencia`, `t_opcionesPreguntasOrden`) VALUES(210, 12, 31, 11);
INSERT INTO `t_opcionespreguntas` (`idt_opcionesPreguntas`, `t_impuestoPreguntas_idt_impuestoPreguntas`, `t_opcionesPreguntasReferencia`, `t_opcionesPreguntasOrden`) VALUES(211, 13, 31, 12);
INSERT INTO `t_opcionespreguntas` (`idt_opcionesPreguntas`, `t_impuestoPreguntas_idt_impuestoPreguntas`, `t_opcionesPreguntasReferencia`, `t_opcionesPreguntasOrden`) VALUES(212, 14, 31, 13);
INSERT INTO `t_opcionespreguntas` (`idt_opcionesPreguntas`, `t_impuestoPreguntas_idt_impuestoPreguntas`, `t_opcionesPreguntasReferencia`, `t_opcionesPreguntasOrden`) VALUES(213, 15, 31, 14);
INSERT INTO `t_opcionespreguntas` (`idt_opcionesPreguntas`, `t_impuestoPreguntas_idt_impuestoPreguntas`, `t_opcionesPreguntasReferencia`, `t_opcionesPreguntasOrden`) VALUES(214, 16, 31, 15);
INSERT INTO `t_opcionespreguntas` (`idt_opcionesPreguntas`, `t_impuestoPreguntas_idt_impuestoPreguntas`, `t_opcionesPreguntasReferencia`, `t_opcionesPreguntasOrden`) VALUES(215, 17, 31, 16);
INSERT INTO `t_opcionespreguntas` (`idt_opcionesPreguntas`, `t_impuestoPreguntas_idt_impuestoPreguntas`, `t_opcionesPreguntasReferencia`, `t_opcionesPreguntasOrden`) VALUES(216, 19, 31, 17);
INSERT INTO `t_opcionespreguntas` (`idt_opcionesPreguntas`, `t_impuestoPreguntas_idt_impuestoPreguntas`, `t_opcionesPreguntasReferencia`, `t_opcionesPreguntasOrden`) VALUES(217, 20, 31, 18);
INSERT INTO `t_opcionespreguntas` (`idt_opcionesPreguntas`, `t_impuestoPreguntas_idt_impuestoPreguntas`, `t_opcionesPreguntasReferencia`, `t_opcionesPreguntasOrden`) VALUES(218, 21, 31, 19);
INSERT INTO `t_opcionespreguntas` (`idt_opcionesPreguntas`, `t_impuestoPreguntas_idt_impuestoPreguntas`, `t_opcionesPreguntasReferencia`, `t_opcionesPreguntasOrden`) VALUES(219, 22, 31, 20);
INSERT INTO `t_opcionespreguntas` (`idt_opcionesPreguntas`, `t_impuestoPreguntas_idt_impuestoPreguntas`, `t_opcionesPreguntasReferencia`, `t_opcionesPreguntasOrden`) VALUES(220, 24, 31, 21);
INSERT INTO `t_opcionespreguntas` (`idt_opcionesPreguntas`, `t_impuestoPreguntas_idt_impuestoPreguntas`, `t_opcionesPreguntasReferencia`, `t_opcionesPreguntasOrden`) VALUES(221, 25, 31, 22);
INSERT INTO `t_opcionespreguntas` (`idt_opcionesPreguntas`, `t_impuestoPreguntas_idt_impuestoPreguntas`, `t_opcionesPreguntasReferencia`, `t_opcionesPreguntasOrden`) VALUES(222, 26, 31, 23);
INSERT INTO `t_opcionespreguntas` (`idt_opcionesPreguntas`, `t_impuestoPreguntas_idt_impuestoPreguntas`, `t_opcionesPreguntasReferencia`, `t_opcionesPreguntasOrden`) VALUES(223, 27, 31, 24);
INSERT INTO `t_opcionespreguntas` (`idt_opcionesPreguntas`, `t_impuestoPreguntas_idt_impuestoPreguntas`, `t_opcionesPreguntasReferencia`, `t_opcionesPreguntasOrden`) VALUES(224, 28, 31, 25);
INSERT INTO `t_opcionespreguntas` (`idt_opcionesPreguntas`, `t_impuestoPreguntas_idt_impuestoPreguntas`, `t_opcionesPreguntasReferencia`, `t_opcionesPreguntasOrden`) VALUES(225, 29, 31, 26);
INSERT INTO `t_opcionespreguntas` (`idt_opcionesPreguntas`, `t_impuestoPreguntas_idt_impuestoPreguntas`, `t_opcionesPreguntasReferencia`, `t_opcionesPreguntasOrden`) VALUES(226, 30, 31, 27);
INSERT INTO `t_opcionespreguntas` (`idt_opcionesPreguntas`, `t_impuestoPreguntas_idt_impuestoPreguntas`, `t_opcionesPreguntasReferencia`, `t_opcionesPreguntasOrden`) VALUES(227, 31, 31, 28);
INSERT INTO `t_opcionespreguntas` (`idt_opcionesPreguntas`, `t_impuestoPreguntas_idt_impuestoPreguntas`, `t_opcionesPreguntasReferencia`, `t_opcionesPreguntasOrden`) VALUES(228, 32, 31, 29);
INSERT INTO `t_opcionespreguntas` (`idt_opcionesPreguntas`, `t_impuestoPreguntas_idt_impuestoPreguntas`, `t_opcionesPreguntasReferencia`, `t_opcionesPreguntasOrden`) VALUES(229, 33, 31, 30);
INSERT INTO `t_opcionespreguntas` (`idt_opcionesPreguntas`, `t_impuestoPreguntas_idt_impuestoPreguntas`, `t_opcionesPreguntasReferencia`, `t_opcionesPreguntasOrden`) VALUES(230, 34, 31, 31);
INSERT INTO `t_opcionespreguntas` (`idt_opcionesPreguntas`, `t_impuestoPreguntas_idt_impuestoPreguntas`, `t_opcionesPreguntasReferencia`, `t_opcionesPreguntasOrden`) VALUES(231, 35, 31, 32);
INSERT INTO `t_opcionespreguntas` (`idt_opcionesPreguntas`, `t_impuestoPreguntas_idt_impuestoPreguntas`, `t_opcionesPreguntasReferencia`, `t_opcionesPreguntasOrden`) VALUES(232, 36, 31, 33);
INSERT INTO `t_opcionespreguntas` (`idt_opcionesPreguntas`, `t_impuestoPreguntas_idt_impuestoPreguntas`, `t_opcionesPreguntasReferencia`, `t_opcionesPreguntasOrden`) VALUES(233, 37, 31, 34);
INSERT INTO `t_opcionespreguntas` (`idt_opcionesPreguntas`, `t_impuestoPreguntas_idt_impuestoPreguntas`, `t_opcionesPreguntasReferencia`, `t_opcionesPreguntasOrden`) VALUES(234, 3, 32, 1);
INSERT INTO `t_opcionespreguntas` (`idt_opcionesPreguntas`, `t_impuestoPreguntas_idt_impuestoPreguntas`, `t_opcionesPreguntasReferencia`, `t_opcionesPreguntasOrden`) VALUES(235, 2, 32, 2);
INSERT INTO `t_opcionespreguntas` (`idt_opcionesPreguntas`, `t_impuestoPreguntas_idt_impuestoPreguntas`, `t_opcionesPreguntasReferencia`, `t_opcionesPreguntasOrden`) VALUES(236, 1, 32, 3);
INSERT INTO `t_opcionespreguntas` (`idt_opcionesPreguntas`, `t_impuestoPreguntas_idt_impuestoPreguntas`, `t_opcionesPreguntasReferencia`, `t_opcionesPreguntasOrden`) VALUES(237, 5, 32, 4);
INSERT INTO `t_opcionespreguntas` (`idt_opcionesPreguntas`, `t_impuestoPreguntas_idt_impuestoPreguntas`, `t_opcionesPreguntasReferencia`, `t_opcionesPreguntasOrden`) VALUES(238, 6, 32, 5);
INSERT INTO `t_opcionespreguntas` (`idt_opcionesPreguntas`, `t_impuestoPreguntas_idt_impuestoPreguntas`, `t_opcionesPreguntasReferencia`, `t_opcionesPreguntasOrden`) VALUES(239, 9, 32, 6);
INSERT INTO `t_opcionespreguntas` (`idt_opcionesPreguntas`, `t_impuestoPreguntas_idt_impuestoPreguntas`, `t_opcionesPreguntasReferencia`, `t_opcionesPreguntasOrden`) VALUES(240, 10, 32, 7);
INSERT INTO `t_opcionespreguntas` (`idt_opcionesPreguntas`, `t_impuestoPreguntas_idt_impuestoPreguntas`, `t_opcionesPreguntasReferencia`, `t_opcionesPreguntasOrden`) VALUES(241, 10, 32, 8);
INSERT INTO `t_opcionespreguntas` (`idt_opcionesPreguntas`, `t_impuestoPreguntas_idt_impuestoPreguntas`, `t_opcionesPreguntasReferencia`, `t_opcionesPreguntasOrden`) VALUES(242, 16, 32, 9);
INSERT INTO `t_opcionespreguntas` (`idt_opcionesPreguntas`, `t_impuestoPreguntas_idt_impuestoPreguntas`, `t_opcionesPreguntasReferencia`, `t_opcionesPreguntasOrden`) VALUES(243, 20, 32, 10);
INSERT INTO `t_opcionespreguntas` (`idt_opcionesPreguntas`, `t_impuestoPreguntas_idt_impuestoPreguntas`, `t_opcionesPreguntasReferencia`, `t_opcionesPreguntasOrden`) VALUES(244, 21, 32, 11);
INSERT INTO `t_opcionespreguntas` (`idt_opcionesPreguntas`, `t_impuestoPreguntas_idt_impuestoPreguntas`, `t_opcionesPreguntasReferencia`, `t_opcionesPreguntasOrden`) VALUES(245, 20, 32, 12);
INSERT INTO `t_opcionespreguntas` (`idt_opcionesPreguntas`, `t_impuestoPreguntas_idt_impuestoPreguntas`, `t_opcionesPreguntasReferencia`, `t_opcionesPreguntasOrden`) VALUES(246, 24, 32, 13);
INSERT INTO `t_opcionespreguntas` (`idt_opcionesPreguntas`, `t_impuestoPreguntas_idt_impuestoPreguntas`, `t_opcionesPreguntasReferencia`, `t_opcionesPreguntasOrden`) VALUES(247, 25, 32, 14);
INSERT INTO `t_opcionespreguntas` (`idt_opcionesPreguntas`, `t_impuestoPreguntas_idt_impuestoPreguntas`, `t_opcionesPreguntasReferencia`, `t_opcionesPreguntasOrden`) VALUES(248, 26, 32, 15);
INSERT INTO `t_opcionespreguntas` (`idt_opcionesPreguntas`, `t_impuestoPreguntas_idt_impuestoPreguntas`, `t_opcionesPreguntasReferencia`, `t_opcionesPreguntasOrden`) VALUES(249, 27, 32, 16);
INSERT INTO `t_opcionespreguntas` (`idt_opcionesPreguntas`, `t_impuestoPreguntas_idt_impuestoPreguntas`, `t_opcionesPreguntasReferencia`, `t_opcionesPreguntasOrden`) VALUES(250, 28, 32, 17);
INSERT INTO `t_opcionespreguntas` (`idt_opcionesPreguntas`, `t_impuestoPreguntas_idt_impuestoPreguntas`, `t_opcionesPreguntasReferencia`, `t_opcionesPreguntasOrden`) VALUES(251, 29, 32, 18);
INSERT INTO `t_opcionespreguntas` (`idt_opcionesPreguntas`, `t_impuestoPreguntas_idt_impuestoPreguntas`, `t_opcionesPreguntasReferencia`, `t_opcionesPreguntasOrden`) VALUES(252, 33, 32, 19);
INSERT INTO `t_opcionespreguntas` (`idt_opcionesPreguntas`, `t_impuestoPreguntas_idt_impuestoPreguntas`, `t_opcionesPreguntasReferencia`, `t_opcionesPreguntasOrden`) VALUES(253, 35, 32, 20);
INSERT INTO `t_opcionespreguntas` (`idt_opcionesPreguntas`, `t_impuestoPreguntas_idt_impuestoPreguntas`, `t_opcionesPreguntasReferencia`, `t_opcionesPreguntasOrden`) VALUES(254, 36, 32, 21);
INSERT INTO `t_opcionespreguntas` (`idt_opcionesPreguntas`, `t_impuestoPreguntas_idt_impuestoPreguntas`, `t_opcionesPreguntasReferencia`, `t_opcionesPreguntasOrden`) VALUES(255, 37, 32, 22);
INSERT INTO `t_opcionespreguntas` (`idt_opcionesPreguntas`, `t_impuestoPreguntas_idt_impuestoPreguntas`, `t_opcionesPreguntasReferencia`, `t_opcionesPreguntasOrden`) VALUES(256, 3, 33, 1);
INSERT INTO `t_opcionespreguntas` (`idt_opcionesPreguntas`, `t_impuestoPreguntas_idt_impuestoPreguntas`, `t_opcionesPreguntasReferencia`, `t_opcionesPreguntasOrden`) VALUES(257, 2, 33, 2);
INSERT INTO `t_opcionespreguntas` (`idt_opcionesPreguntas`, `t_impuestoPreguntas_idt_impuestoPreguntas`, `t_opcionesPreguntasReferencia`, `t_opcionesPreguntasOrden`) VALUES(258, 1, 33, 3);
INSERT INTO `t_opcionespreguntas` (`idt_opcionesPreguntas`, `t_impuestoPreguntas_idt_impuestoPreguntas`, `t_opcionesPreguntasReferencia`, `t_opcionesPreguntasOrden`) VALUES(259, 4, 33, 4);
INSERT INTO `t_opcionespreguntas` (`idt_opcionesPreguntas`, `t_impuestoPreguntas_idt_impuestoPreguntas`, `t_opcionesPreguntasReferencia`, `t_opcionesPreguntasOrden`) VALUES(260, 5, 33, 5);
INSERT INTO `t_opcionespreguntas` (`idt_opcionesPreguntas`, `t_impuestoPreguntas_idt_impuestoPreguntas`, `t_opcionesPreguntasReferencia`, `t_opcionesPreguntasOrden`) VALUES(261, 6, 33, 6);
INSERT INTO `t_opcionespreguntas` (`idt_opcionesPreguntas`, `t_impuestoPreguntas_idt_impuestoPreguntas`, `t_opcionesPreguntasReferencia`, `t_opcionesPreguntasOrden`) VALUES(262, 7, 33, 7);
INSERT INTO `t_opcionespreguntas` (`idt_opcionesPreguntas`, `t_impuestoPreguntas_idt_impuestoPreguntas`, `t_opcionesPreguntasReferencia`, `t_opcionesPreguntasOrden`) VALUES(263, 8, 33, 8);
INSERT INTO `t_opcionespreguntas` (`idt_opcionesPreguntas`, `t_impuestoPreguntas_idt_impuestoPreguntas`, `t_opcionesPreguntasReferencia`, `t_opcionesPreguntasOrden`) VALUES(264, 9, 33, 9);
INSERT INTO `t_opcionespreguntas` (`idt_opcionesPreguntas`, `t_impuestoPreguntas_idt_impuestoPreguntas`, `t_opcionesPreguntasReferencia`, `t_opcionesPreguntasOrden`) VALUES(265, 10, 33, 10);
INSERT INTO `t_opcionespreguntas` (`idt_opcionesPreguntas`, `t_impuestoPreguntas_idt_impuestoPreguntas`, `t_opcionesPreguntasReferencia`, `t_opcionesPreguntasOrden`) VALUES(266, 11, 33, 11);
INSERT INTO `t_opcionespreguntas` (`idt_opcionesPreguntas`, `t_impuestoPreguntas_idt_impuestoPreguntas`, `t_opcionesPreguntasReferencia`, `t_opcionesPreguntasOrden`) VALUES(267, 16, 33, 12);
INSERT INTO `t_opcionespreguntas` (`idt_opcionesPreguntas`, `t_impuestoPreguntas_idt_impuestoPreguntas`, `t_opcionesPreguntasReferencia`, `t_opcionesPreguntasOrden`) VALUES(268, 20, 33, 13);
INSERT INTO `t_opcionespreguntas` (`idt_opcionesPreguntas`, `t_impuestoPreguntas_idt_impuestoPreguntas`, `t_opcionesPreguntasReferencia`, `t_opcionesPreguntasOrden`) VALUES(269, 21, 33, 14);
INSERT INTO `t_opcionespreguntas` (`idt_opcionesPreguntas`, `t_impuestoPreguntas_idt_impuestoPreguntas`, `t_opcionesPreguntasReferencia`, `t_opcionesPreguntasOrden`) VALUES(270, 22, 33, 15);
INSERT INTO `t_opcionespreguntas` (`idt_opcionesPreguntas`, `t_impuestoPreguntas_idt_impuestoPreguntas`, `t_opcionesPreguntasReferencia`, `t_opcionesPreguntasOrden`) VALUES(271, 24, 33, 16);
INSERT INTO `t_opcionespreguntas` (`idt_opcionesPreguntas`, `t_impuestoPreguntas_idt_impuestoPreguntas`, `t_opcionesPreguntasReferencia`, `t_opcionesPreguntasOrden`) VALUES(272, 25, 33, 17);
INSERT INTO `t_opcionespreguntas` (`idt_opcionesPreguntas`, `t_impuestoPreguntas_idt_impuestoPreguntas`, `t_opcionesPreguntasReferencia`, `t_opcionesPreguntasOrden`) VALUES(273, 26, 33, 18);
INSERT INTO `t_opcionespreguntas` (`idt_opcionesPreguntas`, `t_impuestoPreguntas_idt_impuestoPreguntas`, `t_opcionesPreguntasReferencia`, `t_opcionesPreguntasOrden`) VALUES(274, 27, 33, 19);
INSERT INTO `t_opcionespreguntas` (`idt_opcionesPreguntas`, `t_impuestoPreguntas_idt_impuestoPreguntas`, `t_opcionesPreguntasReferencia`, `t_opcionesPreguntasOrden`) VALUES(275, 28, 33, 20);
INSERT INTO `t_opcionespreguntas` (`idt_opcionesPreguntas`, `t_impuestoPreguntas_idt_impuestoPreguntas`, `t_opcionesPreguntasReferencia`, `t_opcionesPreguntasOrden`) VALUES(276, 29, 33, 21);
INSERT INTO `t_opcionespreguntas` (`idt_opcionesPreguntas`, `t_impuestoPreguntas_idt_impuestoPreguntas`, `t_opcionesPreguntasReferencia`, `t_opcionesPreguntasOrden`) VALUES(277, 30, 33, 22);
INSERT INTO `t_opcionespreguntas` (`idt_opcionesPreguntas`, `t_impuestoPreguntas_idt_impuestoPreguntas`, `t_opcionesPreguntasReferencia`, `t_opcionesPreguntasOrden`) VALUES(278, 31, 33, 23);
INSERT INTO `t_opcionespreguntas` (`idt_opcionesPreguntas`, `t_impuestoPreguntas_idt_impuestoPreguntas`, `t_opcionesPreguntasReferencia`, `t_opcionesPreguntasOrden`) VALUES(279, 32, 33, 24);
INSERT INTO `t_opcionespreguntas` (`idt_opcionesPreguntas`, `t_impuestoPreguntas_idt_impuestoPreguntas`, `t_opcionesPreguntasReferencia`, `t_opcionesPreguntasOrden`) VALUES(280, 33, 33, 25);
INSERT INTO `t_opcionespreguntas` (`idt_opcionesPreguntas`, `t_impuestoPreguntas_idt_impuestoPreguntas`, `t_opcionesPreguntasReferencia`, `t_opcionesPreguntasOrden`) VALUES(281, 34, 33, 26);
INSERT INTO `t_opcionespreguntas` (`idt_opcionesPreguntas`, `t_impuestoPreguntas_idt_impuestoPreguntas`, `t_opcionesPreguntasReferencia`, `t_opcionesPreguntasOrden`) VALUES(282, 35, 33, 27);
INSERT INTO `t_opcionespreguntas` (`idt_opcionesPreguntas`, `t_impuestoPreguntas_idt_impuestoPreguntas`, `t_opcionesPreguntasReferencia`, `t_opcionesPreguntasOrden`) VALUES(283, 36, 33, 28);
INSERT INTO `t_opcionespreguntas` (`idt_opcionesPreguntas`, `t_impuestoPreguntas_idt_impuestoPreguntas`, `t_opcionesPreguntasReferencia`, `t_opcionesPreguntasOrden`) VALUES(284, 37, 33, 29);
INSERT INTO `t_opcionespreguntas` (`idt_opcionesPreguntas`, `t_impuestoPreguntas_idt_impuestoPreguntas`, `t_opcionesPreguntasReferencia`, `t_opcionesPreguntasOrden`) VALUES(285, 38, 10, 15);
INSERT INTO `t_opcionespreguntas` (`idt_opcionesPreguntas`, `t_impuestoPreguntas_idt_impuestoPreguntas`, `t_opcionesPreguntasReferencia`, `t_opcionesPreguntasOrden`) VALUES(286, 38, 11, 17);
INSERT INTO `t_opcionespreguntas` (`idt_opcionesPreguntas`, `t_impuestoPreguntas_idt_impuestoPreguntas`, `t_opcionesPreguntasReferencia`, `t_opcionesPreguntasOrden`) VALUES(287, 38, 12, 14);
INSERT INTO `t_opcionespreguntas` (`idt_opcionesPreguntas`, `t_impuestoPreguntas_idt_impuestoPreguntas`, `t_opcionesPreguntasReferencia`, `t_opcionesPreguntasOrden`) VALUES(288, 38, 13, 16);
INSERT INTO `t_opcionespreguntas` (`idt_opcionesPreguntas`, `t_impuestoPreguntas_idt_impuestoPreguntas`, `t_opcionesPreguntasReferencia`, `t_opcionesPreguntasOrden`) VALUES(289, 38, 20, 29);
INSERT INTO `t_opcionespreguntas` (`idt_opcionesPreguntas`, `t_impuestoPreguntas_idt_impuestoPreguntas`, `t_opcionesPreguntasReferencia`, `t_opcionesPreguntasOrden`) VALUES(290, 38, 21, 36);
INSERT INTO `t_opcionespreguntas` (`idt_opcionesPreguntas`, `t_impuestoPreguntas_idt_impuestoPreguntas`, `t_opcionesPreguntasReferencia`, `t_opcionesPreguntasOrden`) VALUES(291, 38, 22, 23);
INSERT INTO `t_opcionespreguntas` (`idt_opcionesPreguntas`, `t_impuestoPreguntas_idt_impuestoPreguntas`, `t_opcionesPreguntasReferencia`, `t_opcionesPreguntasOrden`) VALUES(292, 38, 23, 30);
INSERT INTO `t_opcionespreguntas` (`idt_opcionesPreguntas`, `t_impuestoPreguntas_idt_impuestoPreguntas`, `t_opcionesPreguntasReferencia`, `t_opcionesPreguntasOrden`) VALUES(293, 38, 30, 28);
INSERT INTO `t_opcionespreguntas` (`idt_opcionesPreguntas`, `t_impuestoPreguntas_idt_impuestoPreguntas`, `t_opcionesPreguntasReferencia`, `t_opcionesPreguntasOrden`) VALUES(294, 38, 31, 35);
INSERT INTO `t_opcionespreguntas` (`idt_opcionesPreguntas`, `t_impuestoPreguntas_idt_impuestoPreguntas`, `t_opcionesPreguntasReferencia`, `t_opcionesPreguntasOrden`) VALUES(295, 38, 32, 23);
INSERT INTO `t_opcionespreguntas` (`idt_opcionesPreguntas`, `t_impuestoPreguntas_idt_impuestoPreguntas`, `t_opcionesPreguntasReferencia`, `t_opcionesPreguntasOrden`) VALUES(296, 38, 33, 30);

-- --------------------------------------------------------

--
-- Estructura de tabla para la tabla `t_permisos`
--

CREATE TABLE `t_permisos` (
  `idt_permisos` int(11) NOT NULL,
  `t_permisosReferencia` varchar(45) DEFAULT NULL,
  `t_permisosDescription` text
) ENGINE=InnoDB DEFAULT CHARSET=utf8;

--
-- Volcado de datos para la tabla `t_permisos`
--

INSERT INTO `t_permisos` (`idt_permisos`, `t_permisosReferencia`, `t_permisosDescription`) VALUES(1, 'menu_crearPresupuesto', 'Usar Crear Presupuesto');
INSERT INTO `t_permisos` (`idt_permisos`, `t_permisosReferencia`, `t_permisosDescription`) VALUES(2, 'menu_consultarPresupuestos', 'Usar Consultar Presupuestos');
INSERT INTO `t_permisos` (`idt_permisos`, `t_permisosReferencia`, `t_permisosDescription`) VALUES(3, 'menu_crearCustionarioRenta', 'Usar  Crear Cuestionario Renta');
INSERT INTO `t_permisos` (`idt_permisos`, `t_permisosReferencia`, `t_permisosDescription`) VALUES(4, 'menu_consultarCustionarioRenta', 'Usar Consultar Cuestionario Renta');
INSERT INTO `t_permisos` (`idt_permisos`, `t_permisosReferencia`, `t_permisosDescription`) VALUES(5, 'cuestionarioRentaCambiarComprobado', 'Permite que el usuario pueda cambiar el estado del cuestionario a comprobado');
INSERT INTO `t_permisos` (`idt_permisos`, `t_permisosReferencia`, `t_permisosDescription`) VALUES(6, 'deleteFileImpuesto', 'Borrar archivo de otro usuario en cuestionario renta ');
INSERT INTO `t_permisos` (`idt_permisos`, `t_permisosReferencia`, `t_permisosDescription`) VALUES(7, 'menu_task', 'Ver Tareas');
INSERT INTO `t_permisos` (`idt_permisos`, `t_permisosReferencia`, `t_permisosDescription`) VALUES(8, 'get_other_user_task', 'Permite que el usuario pueda ver las tareas de otros usuario');

-- --------------------------------------------------------

--
-- Estructura de tabla para la tabla `t_preguntas`
--

CREATE TABLE `t_preguntas` (
  `idt_preguntas` int(11) NOT NULL,
  `t_preguntasTitle` text,
  `t_preguntasOpcion` text,
  `t_preguntasPrecio` float(12,2) DEFAULT NULL,
  `t_preguntasGrupo` varchar(45) DEFAULT NULL
) ENGINE=InnoDB DEFAULT CHARSET=utf8;

--
-- Volcado de datos para la tabla `t_preguntas`
--

INSERT INTO `t_preguntas` (`idt_preguntas`, `t_preguntasTitle`, `t_preguntasOpcion`, `t_preguntasPrecio`, `t_preguntasGrupo`) VALUES(1, 'Tipo de Cliente', 'Autónomo', 1.00, 'Paso2');
INSERT INTO `t_preguntas` (`idt_preguntas`, `t_preguntasTitle`, `t_preguntasOpcion`, `t_preguntasPrecio`, `t_preguntasGrupo`) VALUES(2, 'Tipo de Cliente', 'Sociedad', 2.00, 'Paso2');
INSERT INTO `t_preguntas` (`idt_preguntas`, `t_preguntasTitle`, `t_preguntasOpcion`, `t_preguntasPrecio`, `t_preguntasGrupo`) VALUES(3, 'Tipo de Cliente', 'CB/SC', 3.00, 'Paso2');
INSERT INTO `t_preguntas` (`idt_preguntas`, `t_preguntasTitle`, `t_preguntasOpcion`, `t_preguntasPrecio`, `t_preguntasGrupo`) VALUES(4, 'Tipo de Cliente', 'Arrendador', 4.00, 'Paso2');
INSERT INTO `t_preguntas` (`idt_preguntas`, `t_preguntasTitle`, `t_preguntasOpcion`, `t_preguntasPrecio`, `t_preguntasGrupo`) VALUES(5, 'Tipo de Cliente', 'Empleador de Hogar', 5.00, 'Paso2');
INSERT INTO `t_preguntas` (`idt_preguntas`, `t_preguntasTitle`, `t_preguntasOpcion`, `t_preguntasPrecio`, `t_preguntasGrupo`) VALUES(6, 'Antigüedad', 'Nuevo', 6.00, 'Autónomo');
INSERT INTO `t_preguntas` (`idt_preguntas`, `t_preguntasTitle`, `t_preguntasOpcion`, `t_preguntasPrecio`, `t_preguntasGrupo`) VALUES(7, 'Antigüedad', '+ de 1 año.', 7.00, 'Autónomo');
INSERT INTO `t_preguntas` (`idt_preguntas`, `t_preguntasTitle`, `t_preguntasOpcion`, `t_preguntasPrecio`, `t_preguntasGrupo`) VALUES(8, 'Actividad', 'Vender Coches', 8.00, 'Autónomo');
INSERT INTO `t_preguntas` (`idt_preguntas`, `t_preguntasTitle`, `t_preguntasOpcion`, `t_preguntasPrecio`, `t_preguntasGrupo`) VALUES(9, 'Actividad', 'Construcción', 9.00, 'Autónomo');
INSERT INTO `t_preguntas` (`idt_preguntas`, `t_preguntasTitle`, `t_preguntasOpcion`, `t_preguntasPrecio`, `t_preguntasGrupo`) VALUES(10, 'Actividad', 'Comercio Minorista', 10.00, 'Autónomo');
INSERT INTO `t_preguntas` (`idt_preguntas`, `t_preguntasTitle`, `t_preguntasOpcion`, `t_preguntasPrecio`, `t_preguntasGrupo`) VALUES(11, 'Actividad', 'TRADE', 11.00, 'Autónomo');
INSERT INTO `t_preguntas` (`idt_preguntas`, `t_preguntasTitle`, `t_preguntasOpcion`, `t_preguntasPrecio`, `t_preguntasGrupo`) VALUES(12, 'Nro trabajadores', '', 12.00, 'Autónomo');
INSERT INTO `t_preguntas` (`idt_preguntas`, `t_preguntasTitle`, `t_preguntasOpcion`, `t_preguntasPrecio`, `t_preguntasGrupo`) VALUES(13, 'Al corriente en la Seguridad Social', 'Si', 13.00, 'Autónomo');
INSERT INTO `t_preguntas` (`idt_preguntas`, `t_preguntasTitle`, `t_preguntasOpcion`, `t_preguntasPrecio`, `t_preguntasGrupo`) VALUES(14, 'Al corriente en la Seguridad Social', 'No', 14.00, 'Autónomo');
INSERT INTO `t_preguntas` (`idt_preguntas`, `t_preguntasTitle`, `t_preguntasOpcion`, `t_preguntasPrecio`, `t_preguntasGrupo`) VALUES(15, 'Tiene procedimientos tributarios en vigor', 'Si', 15.00, 'Autónomo');
INSERT INTO `t_preguntas` (`idt_preguntas`, `t_preguntasTitle`, `t_preguntasOpcion`, `t_preguntasPrecio`, `t_preguntasGrupo`) VALUES(16, 'Tiene procedimientos tributarios en vigor', 'No', 17.00, 'Autónomo');
INSERT INTO `t_preguntas` (`idt_preguntas`, `t_preguntasTitle`, `t_preguntasOpcion`, `t_preguntasPrecio`, `t_preguntasGrupo`) VALUES(17, 'Antigüedad', 'Nuevo', 6.00, 'Sociedad');
INSERT INTO `t_preguntas` (`idt_preguntas`, `t_preguntasTitle`, `t_preguntasOpcion`, `t_preguntasPrecio`, `t_preguntasGrupo`) VALUES(18, 'Antigüedad', '+ de 1 año.', 7.00, 'Sociedad');
INSERT INTO `t_preguntas` (`idt_preguntas`, `t_preguntasTitle`, `t_preguntasOpcion`, `t_preguntasPrecio`, `t_preguntasGrupo`) VALUES(19, 'Actividad', 'Vender Coches', 8.00, 'Sociedad');
INSERT INTO `t_preguntas` (`idt_preguntas`, `t_preguntasTitle`, `t_preguntasOpcion`, `t_preguntasPrecio`, `t_preguntasGrupo`) VALUES(20, 'Actividad', 'Construcción', 9.00, 'Sociedad');
INSERT INTO `t_preguntas` (`idt_preguntas`, `t_preguntasTitle`, `t_preguntasOpcion`, `t_preguntasPrecio`, `t_preguntasGrupo`) VALUES(21, 'Actividad', 'Comercio Minorista', 10.00, 'Sociedad');
INSERT INTO `t_preguntas` (`idt_preguntas`, `t_preguntasTitle`, `t_preguntasOpcion`, `t_preguntasPrecio`, `t_preguntasGrupo`) VALUES(22, 'Actividad', 'TRADE', 11.00, 'Sociedad');
INSERT INTO `t_preguntas` (`idt_preguntas`, `t_preguntasTitle`, `t_preguntasOpcion`, `t_preguntasPrecio`, `t_preguntasGrupo`) VALUES(23, 'Nro trabajadores', '', 12.00, 'Sociedad');
INSERT INTO `t_preguntas` (`idt_preguntas`, `t_preguntasTitle`, `t_preguntasOpcion`, `t_preguntasPrecio`, `t_preguntasGrupo`) VALUES(24, 'Al corriente en la Seguridad Social', 'Si', 13.00, 'Sociedad');
INSERT INTO `t_preguntas` (`idt_preguntas`, `t_preguntasTitle`, `t_preguntasOpcion`, `t_preguntasPrecio`, `t_preguntasGrupo`) VALUES(25, 'Al corriente en la Seguridad Social', 'No', 14.00, 'Sociedad');
INSERT INTO `t_preguntas` (`idt_preguntas`, `t_preguntasTitle`, `t_preguntasOpcion`, `t_preguntasPrecio`, `t_preguntasGrupo`) VALUES(26, 'Tiene procedimientos tributarios en vigor', 'Si', 15.00, 'Sociedad');
INSERT INTO `t_preguntas` (`idt_preguntas`, `t_preguntasTitle`, `t_preguntasOpcion`, `t_preguntasPrecio`, `t_preguntasGrupo`) VALUES(27, 'Tiene procedimientos tributarios en vigor', 'No', 17.00, 'Sociedad');
INSERT INTO `t_preguntas` (`idt_preguntas`, `t_preguntasTitle`, `t_preguntasOpcion`, `t_preguntasPrecio`, `t_preguntasGrupo`) VALUES(32, 'Antigüedad', 'Nuevo', 6.00, 'CB/SC');
INSERT INTO `t_preguntas` (`idt_preguntas`, `t_preguntasTitle`, `t_preguntasOpcion`, `t_preguntasPrecio`, `t_preguntasGrupo`) VALUES(33, 'Antigüedad', '+ de 1 año.', 7.00, 'CB/SC');
INSERT INTO `t_preguntas` (`idt_preguntas`, `t_preguntasTitle`, `t_preguntasOpcion`, `t_preguntasPrecio`, `t_preguntasGrupo`) VALUES(34, 'Actividad', 'Vender Coches', 8.00, 'CB/SC');
INSERT INTO `t_preguntas` (`idt_preguntas`, `t_preguntasTitle`, `t_preguntasOpcion`, `t_preguntasPrecio`, `t_preguntasGrupo`) VALUES(35, 'Actividad', 'Construcción', 9.00, 'CB/SC');
INSERT INTO `t_preguntas` (`idt_preguntas`, `t_preguntasTitle`, `t_preguntasOpcion`, `t_preguntasPrecio`, `t_preguntasGrupo`) VALUES(36, 'Actividad', 'Comercio Minorista', 10.00, 'CB/SC');
INSERT INTO `t_preguntas` (`idt_preguntas`, `t_preguntasTitle`, `t_preguntasOpcion`, `t_preguntasPrecio`, `t_preguntasGrupo`) VALUES(37, 'Actividad', 'TRADE', 11.00, 'CB/SC');
INSERT INTO `t_preguntas` (`idt_preguntas`, `t_preguntasTitle`, `t_preguntasOpcion`, `t_preguntasPrecio`, `t_preguntasGrupo`) VALUES(38, 'Nro trabajadores', '', 12.00, 'CB/SC');
INSERT INTO `t_preguntas` (`idt_preguntas`, `t_preguntasTitle`, `t_preguntasOpcion`, `t_preguntasPrecio`, `t_preguntasGrupo`) VALUES(39, 'Al corriente en la Seguridad Social', 'Si', 13.00, 'CB/SC');
INSERT INTO `t_preguntas` (`idt_preguntas`, `t_preguntasTitle`, `t_preguntasOpcion`, `t_preguntasPrecio`, `t_preguntasGrupo`) VALUES(40, 'Al corriente en la Seguridad Social', 'No', 14.00, 'CB/SC');
INSERT INTO `t_preguntas` (`idt_preguntas`, `t_preguntasTitle`, `t_preguntasOpcion`, `t_preguntasPrecio`, `t_preguntasGrupo`) VALUES(41, 'Tiene procedimientos tributarios en vigor', 'Si', 15.00, 'CB/SC');
INSERT INTO `t_preguntas` (`idt_preguntas`, `t_preguntasTitle`, `t_preguntasOpcion`, `t_preguntasPrecio`, `t_preguntasGrupo`) VALUES(42, 'Tiene procedimientos tributarios en vigor', 'No', 17.00, 'CB/SC');
INSERT INTO `t_preguntas` (`idt_preguntas`, `t_preguntasTitle`, `t_preguntasOpcion`, `t_preguntasPrecio`, `t_preguntasGrupo`) VALUES(43, 'Facturación Anual', 'Hasta 60,000 Euros', 1.00, 'Sociedad');
INSERT INTO `t_preguntas` (`idt_preguntas`, `t_preguntasTitle`, `t_preguntasOpcion`, `t_preguntasPrecio`, `t_preguntasGrupo`) VALUES(44, 'Facturación Anual', 'Entre 60,001 y 200,000 Euros', 1.00, 'Sociedad');
INSERT INTO `t_preguntas` (`idt_preguntas`, `t_preguntasTitle`, `t_preguntasOpcion`, `t_preguntasPrecio`, `t_preguntasGrupo`) VALUES(45, 'Facturación Anual', 'Entre 200,001 y 500,000 Euros', 1.00, 'Sociedad');
INSERT INTO `t_preguntas` (`idt_preguntas`, `t_preguntasTitle`, `t_preguntasOpcion`, `t_preguntasPrecio`, `t_preguntasGrupo`) VALUES(46, 'Facturación Anual', 'Entre 500,001 y 1,000,000 Euros', 1.00, 'Sociedad');
INSERT INTO `t_preguntas` (`idt_preguntas`, `t_preguntasTitle`, `t_preguntasOpcion`, `t_preguntasPrecio`, `t_preguntasGrupo`) VALUES(47, 'Facturación Anual', 'Mas de 1,000,000 Euros', 1.00, 'Sociedad');
INSERT INTO `t_preguntas` (`idt_preguntas`, `t_preguntasTitle`, `t_preguntasOpcion`, `t_preguntasPrecio`, `t_preguntasGrupo`) VALUES(48, 'Facturación Anual', 'Hasta 60,000 Euros', 1.00, 'CB/SC');
INSERT INTO `t_preguntas` (`idt_preguntas`, `t_preguntasTitle`, `t_preguntasOpcion`, `t_preguntasPrecio`, `t_preguntasGrupo`) VALUES(49, 'Facturación Anual', 'Entre 60,001 y 200,000 Euros', 1.00, 'CB/SC');
INSERT INTO `t_preguntas` (`idt_preguntas`, `t_preguntasTitle`, `t_preguntasOpcion`, `t_preguntasPrecio`, `t_preguntasGrupo`) VALUES(50, 'Facturación Anual', 'Entre 200,001 y 500,000 Euros', 1.00, 'CB/SC');
INSERT INTO `t_preguntas` (`idt_preguntas`, `t_preguntasTitle`, `t_preguntasOpcion`, `t_preguntasPrecio`, `t_preguntasGrupo`) VALUES(51, 'Facturación Anual', 'Entre 500,001 y 1,000,000 Euros', 1.00, 'CB/SC');
INSERT INTO `t_preguntas` (`idt_preguntas`, `t_preguntasTitle`, `t_preguntasOpcion`, `t_preguntasPrecio`, `t_preguntasGrupo`) VALUES(52, 'Facturación Anual', 'Mas de 1,000,000 Euros', 1.00, 'CB/SC');
INSERT INTO `t_preguntas` (`idt_preguntas`, `t_preguntasTitle`, `t_preguntasOpcion`, `t_preguntasPrecio`, `t_preguntasGrupo`) VALUES(53, 'Cantidad de Locales', NULL, 1.00, 'Arrendador');
INSERT INTO `t_preguntas` (`idt_preguntas`, `t_preguntasTitle`, `t_preguntasOpcion`, `t_preguntasPrecio`, `t_preguntasGrupo`) VALUES(54, 'Cantidad de Empleados del Hogar', NULL, 1.00, 'Empleador de Hogar');

-- --------------------------------------------------------

--
-- Estructura de tabla para la tabla `t_presupuestorepuesta`
--

CREATE TABLE `t_presupuestorepuesta` (
  `idt_presupuestoRepuesta` int(11) NOT NULL,
  `t_presupuestos_idt_presupuestos` int(11) NOT NULL,
  `t_presupuestoRepuestaValor` text,
  `t_preguntas_idt_preguntas` int(11) NOT NULL
) ENGINE=InnoDB DEFAULT CHARSET=utf8;

--
-- Volcado de datos para la tabla `t_presupuestorepuesta`
--

INSERT INTO `t_presupuestorepuesta` (`idt_presupuestoRepuesta`, `t_presupuestos_idt_presupuestos`, `t_presupuestoRepuestaValor`, `t_preguntas_idt_preguntas`) VALUES(1, 1, '', 3);
INSERT INTO `t_presupuestorepuesta` (`idt_presupuestoRepuesta`, `t_presupuestos_idt_presupuestos`, `t_presupuestoRepuestaValor`, `t_preguntas_idt_preguntas`) VALUES(2, 1, '', 33);
INSERT INTO `t_presupuestorepuesta` (`idt_presupuestoRepuesta`, `t_presupuestos_idt_presupuestos`, `t_presupuestoRepuestaValor`, `t_preguntas_idt_preguntas`) VALUES(3, 1, '', 36);
INSERT INTO `t_presupuestorepuesta` (`idt_presupuestoRepuesta`, `t_presupuestos_idt_presupuestos`, `t_presupuestoRepuestaValor`, `t_preguntas_idt_preguntas`) VALUES(4, 1, '', 39);
INSERT INTO `t_presupuestorepuesta` (`idt_presupuestoRepuesta`, `t_presupuestos_idt_presupuestos`, `t_presupuestoRepuestaValor`, `t_preguntas_idt_preguntas`) VALUES(5, 1, '', 41);
INSERT INTO `t_presupuestorepuesta` (`idt_presupuestoRepuesta`, `t_presupuestos_idt_presupuestos`, `t_presupuestoRepuestaValor`, `t_preguntas_idt_preguntas`) VALUES(6, 1, '2', 38);
INSERT INTO `t_presupuestorepuesta` (`idt_presupuestoRepuesta`, `t_presupuestos_idt_presupuestos`, `t_presupuestoRepuestaValor`, `t_preguntas_idt_preguntas`) VALUES(7, 1, '', 51);
INSERT INTO `t_presupuestorepuesta` (`idt_presupuestoRepuesta`, `t_presupuestos_idt_presupuestos`, `t_presupuestoRepuestaValor`, `t_preguntas_idt_preguntas`) VALUES(8, 2, '', 1);
INSERT INTO `t_presupuestorepuesta` (`idt_presupuestoRepuesta`, `t_presupuestos_idt_presupuestos`, `t_presupuestoRepuestaValor`, `t_preguntas_idt_preguntas`) VALUES(9, 2, '', 6);
INSERT INTO `t_presupuestorepuesta` (`idt_presupuestoRepuesta`, `t_presupuestos_idt_presupuestos`, `t_presupuestoRepuestaValor`, `t_preguntas_idt_preguntas`) VALUES(10, 2, '', 8);
INSERT INTO `t_presupuestorepuesta` (`idt_presupuestoRepuesta`, `t_presupuestos_idt_presupuestos`, `t_presupuestoRepuestaValor`, `t_preguntas_idt_preguntas`) VALUES(11, 2, '', 13);
INSERT INTO `t_presupuestorepuesta` (`idt_presupuestoRepuesta`, `t_presupuestos_idt_presupuestos`, `t_presupuestoRepuestaValor`, `t_preguntas_idt_preguntas`) VALUES(12, 2, '', 16);
INSERT INTO `t_presupuestorepuesta` (`idt_presupuestoRepuesta`, `t_presupuestos_idt_presupuestos`, `t_presupuestoRepuestaValor`, `t_preguntas_idt_preguntas`) VALUES(13, 2, '0', 12);
INSERT INTO `t_presupuestorepuesta` (`idt_presupuestoRepuesta`, `t_presupuestos_idt_presupuestos`, `t_presupuestoRepuestaValor`, `t_preguntas_idt_preguntas`) VALUES(14, 3, '2', 53);
INSERT INTO `t_presupuestorepuesta` (`idt_presupuestoRepuesta`, `t_presupuestos_idt_presupuestos`, `t_presupuestoRepuestaValor`, `t_preguntas_idt_preguntas`) VALUES(15, 4, '2', 53);
INSERT INTO `t_presupuestorepuesta` (`idt_presupuestoRepuesta`, `t_presupuestos_idt_presupuestos`, `t_presupuestoRepuestaValor`, `t_preguntas_idt_preguntas`) VALUES(16, 5, '1', 54);
INSERT INTO `t_presupuestorepuesta` (`idt_presupuestoRepuesta`, `t_presupuestos_idt_presupuestos`, `t_presupuestoRepuestaValor`, `t_preguntas_idt_preguntas`) VALUES(17, 6, '1', 54);
INSERT INTO `t_presupuestorepuesta` (`idt_presupuestoRepuesta`, `t_presupuestos_idt_presupuestos`, `t_presupuestoRepuestaValor`, `t_preguntas_idt_preguntas`) VALUES(18, 7, '', 3);
INSERT INTO `t_presupuestorepuesta` (`idt_presupuestoRepuesta`, `t_presupuestos_idt_presupuestos`, `t_presupuestoRepuestaValor`, `t_preguntas_idt_preguntas`) VALUES(19, 7, '', 33);
INSERT INTO `t_presupuestorepuesta` (`idt_presupuestoRepuesta`, `t_presupuestos_idt_presupuestos`, `t_presupuestoRepuestaValor`, `t_preguntas_idt_preguntas`) VALUES(20, 7, '', 35);
INSERT INTO `t_presupuestorepuesta` (`idt_presupuestoRepuesta`, `t_presupuestos_idt_presupuestos`, `t_presupuestoRepuestaValor`, `t_preguntas_idt_preguntas`) VALUES(21, 7, '', 39);
INSERT INTO `t_presupuestorepuesta` (`idt_presupuestoRepuesta`, `t_presupuestos_idt_presupuestos`, `t_presupuestoRepuestaValor`, `t_preguntas_idt_preguntas`) VALUES(22, 7, '', 42);
INSERT INTO `t_presupuestorepuesta` (`idt_presupuestoRepuesta`, `t_presupuestos_idt_presupuestos`, `t_presupuestoRepuestaValor`, `t_preguntas_idt_preguntas`) VALUES(23, 7, '0', 38);
INSERT INTO `t_presupuestorepuesta` (`idt_presupuestoRepuesta`, `t_presupuestos_idt_presupuestos`, `t_presupuestoRepuestaValor`, `t_preguntas_idt_preguntas`) VALUES(24, 7, '', 49);
INSERT INTO `t_presupuestorepuesta` (`idt_presupuestoRepuesta`, `t_presupuestos_idt_presupuestos`, `t_presupuestoRepuestaValor`, `t_preguntas_idt_preguntas`) VALUES(25, 8, '', 2);
INSERT INTO `t_presupuestorepuesta` (`idt_presupuestoRepuesta`, `t_presupuestos_idt_presupuestos`, `t_presupuestoRepuestaValor`, `t_preguntas_idt_preguntas`) VALUES(26, 8, '', 17);
INSERT INTO `t_presupuestorepuesta` (`idt_presupuestoRepuesta`, `t_presupuestos_idt_presupuestos`, `t_presupuestoRepuestaValor`, `t_preguntas_idt_preguntas`) VALUES(27, 8, '', 19);
INSERT INTO `t_presupuestorepuesta` (`idt_presupuestoRepuesta`, `t_presupuestos_idt_presupuestos`, `t_presupuestoRepuestaValor`, `t_preguntas_idt_preguntas`) VALUES(28, 8, '', 24);
INSERT INTO `t_presupuestorepuesta` (`idt_presupuestoRepuesta`, `t_presupuestos_idt_presupuestos`, `t_presupuestoRepuestaValor`, `t_preguntas_idt_preguntas`) VALUES(29, 8, '', 27);
INSERT INTO `t_presupuestorepuesta` (`idt_presupuestoRepuesta`, `t_presupuestos_idt_presupuestos`, `t_presupuestoRepuestaValor`, `t_preguntas_idt_preguntas`) VALUES(30, 8, '0', 23);
INSERT INTO `t_presupuestorepuesta` (`idt_presupuestoRepuesta`, `t_presupuestos_idt_presupuestos`, `t_presupuestoRepuestaValor`, `t_preguntas_idt_preguntas`) VALUES(31, 8, '', 45);
INSERT INTO `t_presupuestorepuesta` (`idt_presupuestoRepuesta`, `t_presupuestos_idt_presupuestos`, `t_presupuestoRepuestaValor`, `t_preguntas_idt_preguntas`) VALUES(32, 9, '', 2);
INSERT INTO `t_presupuestorepuesta` (`idt_presupuestoRepuesta`, `t_presupuestos_idt_presupuestos`, `t_presupuestoRepuestaValor`, `t_preguntas_idt_preguntas`) VALUES(33, 9, '', 17);
INSERT INTO `t_presupuestorepuesta` (`idt_presupuestoRepuesta`, `t_presupuestos_idt_presupuestos`, `t_presupuestoRepuestaValor`, `t_preguntas_idt_preguntas`) VALUES(34, 9, '', 19);
INSERT INTO `t_presupuestorepuesta` (`idt_presupuestoRepuesta`, `t_presupuestos_idt_presupuestos`, `t_presupuestoRepuestaValor`, `t_preguntas_idt_preguntas`) VALUES(35, 9, '', 24);
INSERT INTO `t_presupuestorepuesta` (`idt_presupuestoRepuesta`, `t_presupuestos_idt_presupuestos`, `t_presupuestoRepuestaValor`, `t_preguntas_idt_preguntas`) VALUES(36, 9, '', 27);
INSERT INTO `t_presupuestorepuesta` (`idt_presupuestoRepuesta`, `t_presupuestos_idt_presupuestos`, `t_presupuestoRepuestaValor`, `t_preguntas_idt_preguntas`) VALUES(37, 9, '0', 23);
INSERT INTO `t_presupuestorepuesta` (`idt_presupuestoRepuesta`, `t_presupuestos_idt_presupuestos`, `t_presupuestoRepuestaValor`, `t_preguntas_idt_preguntas`) VALUES(38, 9, '', 44);
INSERT INTO `t_presupuestorepuesta` (`idt_presupuestoRepuesta`, `t_presupuestos_idt_presupuestos`, `t_presupuestoRepuestaValor`, `t_preguntas_idt_preguntas`) VALUES(39, 10, '', 2);
INSERT INTO `t_presupuestorepuesta` (`idt_presupuestoRepuesta`, `t_presupuestos_idt_presupuestos`, `t_presupuestoRepuestaValor`, `t_preguntas_idt_preguntas`) VALUES(40, 10, '', 17);
INSERT INTO `t_presupuestorepuesta` (`idt_presupuestoRepuesta`, `t_presupuestos_idt_presupuestos`, `t_presupuestoRepuestaValor`, `t_preguntas_idt_preguntas`) VALUES(41, 10, '', 19);
INSERT INTO `t_presupuestorepuesta` (`idt_presupuestoRepuesta`, `t_presupuestos_idt_presupuestos`, `t_presupuestoRepuestaValor`, `t_preguntas_idt_preguntas`) VALUES(42, 10, '', 24);
INSERT INTO `t_presupuestorepuesta` (`idt_presupuestoRepuesta`, `t_presupuestos_idt_presupuestos`, `t_presupuestoRepuestaValor`, `t_preguntas_idt_preguntas`) VALUES(43, 10, '', 27);
INSERT INTO `t_presupuestorepuesta` (`idt_presupuestoRepuesta`, `t_presupuestos_idt_presupuestos`, `t_presupuestoRepuestaValor`, `t_preguntas_idt_preguntas`) VALUES(44, 10, '0', 23);
INSERT INTO `t_presupuestorepuesta` (`idt_presupuestoRepuesta`, `t_presupuestos_idt_presupuestos`, `t_presupuestoRepuestaValor`, `t_preguntas_idt_preguntas`) VALUES(45, 10, '', 45);
INSERT INTO `t_presupuestorepuesta` (`idt_presupuestoRepuesta`, `t_presupuestos_idt_presupuestos`, `t_presupuestoRepuestaValor`, `t_preguntas_idt_preguntas`) VALUES(46, 11, '', 1);
INSERT INTO `t_presupuestorepuesta` (`idt_presupuestoRepuesta`, `t_presupuestos_idt_presupuestos`, `t_presupuestoRepuestaValor`, `t_preguntas_idt_preguntas`) VALUES(47, 11, '', 6);
INSERT INTO `t_presupuestorepuesta` (`idt_presupuestoRepuesta`, `t_presupuestos_idt_presupuestos`, `t_presupuestoRepuestaValor`, `t_preguntas_idt_preguntas`) VALUES(48, 11, '', 8);
INSERT INTO `t_presupuestorepuesta` (`idt_presupuestoRepuesta`, `t_presupuestos_idt_presupuestos`, `t_presupuestoRepuestaValor`, `t_preguntas_idt_preguntas`) VALUES(49, 11, '', 13);
INSERT INTO `t_presupuestorepuesta` (`idt_presupuestoRepuesta`, `t_presupuestos_idt_presupuestos`, `t_presupuestoRepuestaValor`, `t_preguntas_idt_preguntas`) VALUES(50, 11, '', 16);
INSERT INTO `t_presupuestorepuesta` (`idt_presupuestoRepuesta`, `t_presupuestos_idt_presupuestos`, `t_presupuestoRepuestaValor`, `t_preguntas_idt_preguntas`) VALUES(51, 11, '0', 12);

-- --------------------------------------------------------

--
-- Estructura de tabla para la tabla `t_presupuestos`
--

CREATE TABLE `t_presupuestos` (
  `idt_presupuestos` int(11) NOT NULL,
  `t_clientes_idt_clientes` int(11) NOT NULL,
  `t_presupuestosObservacion` text,
  `t_presupuestosValor` float(12,2) DEFAULT NULL,
  `t_presupuestosEstatus` varchar(45) DEFAULT 'Espera Aprobacion',
  `t_oficinas_idt_oficinas` int(11) NOT NULL,
  `t_presupuestosNumero` varchar(45) DEFAULT NULL,
  `t_usuarios_idt_usuarios` int(11) NOT NULL,
  `t_presupuestosDate` date DEFAULT NULL
) ENGINE=InnoDB DEFAULT CHARSET=utf8;

--
-- Volcado de datos para la tabla `t_presupuestos`
--

INSERT INTO `t_presupuestos` (`idt_presupuestos`, `t_clientes_idt_clientes`, `t_presupuestosObservacion`, `t_presupuestosValor`, `t_presupuestosEstatus`, `t_oficinas_idt_oficinas`, `t_presupuestosNumero`, `t_usuarios_idt_usuarios`, `t_presupuestosDate`) VALUES(1, 1, 'Ob', 70.00, 'Espera Aprobacion', 1, '2018040200', 1, '2018-04-19');
INSERT INTO `t_presupuestos` (`idt_presupuestos`, `t_clientes_idt_clientes`, `t_presupuestosObservacion`, `t_presupuestosValor`, `t_presupuestosEstatus`, `t_oficinas_idt_oficinas`, `t_presupuestosNumero`, `t_usuarios_idt_usuarios`, `t_presupuestosDate`) VALUES(2, 2, NULL, 44.00, 'Espera Aprobacion', 1, '2018041238', 1, '2018-04-19');
INSERT INTO `t_presupuestos` (`idt_presupuestos`, `t_clientes_idt_clientes`, `t_presupuestosObservacion`, `t_presupuestosValor`, `t_presupuestosEstatus`, `t_oficinas_idt_oficinas`, `t_presupuestosNumero`, `t_usuarios_idt_usuarios`, `t_presupuestosDate`) VALUES(3, 3, NULL, 2.00, 'Espera Aprobacion', 1, '2018041323', 1, '2018-04-20');
INSERT INTO `t_presupuestos` (`idt_presupuestos`, `t_clientes_idt_clientes`, `t_presupuestosObservacion`, `t_presupuestosValor`, `t_presupuestosEstatus`, `t_oficinas_idt_oficinas`, `t_presupuestosNumero`, `t_usuarios_idt_usuarios`, `t_presupuestosDate`) VALUES(4, 4, 'prueba', 2.00, 'Espera Aprobacion', 1, '2018041356', 1, '2018-04-20');
INSERT INTO `t_presupuestos` (`idt_presupuestos`, `t_clientes_idt_clientes`, `t_presupuestosObservacion`, `t_presupuestosValor`, `t_presupuestosEstatus`, `t_oficinas_idt_oficinas`, `t_presupuestosNumero`, `t_usuarios_idt_usuarios`, `t_presupuestosDate`) VALUES(5, 5, 'iyggihkkh', 1.00, 'Espera Aprobacion', 1, '2018041357', 1, '2018-04-20');
INSERT INTO `t_presupuestos` (`idt_presupuestos`, `t_clientes_idt_clientes`, `t_presupuestosObservacion`, `t_presupuestosValor`, `t_presupuestosEstatus`, `t_oficinas_idt_oficinas`, `t_presupuestosNumero`, `t_usuarios_idt_usuarios`, `t_presupuestosDate`) VALUES(6, 6, NULL, 1.00, 'Espera Aprobacion', 1, '2018041404', 1, '2018-04-20');
INSERT INTO `t_presupuestos` (`idt_presupuestos`, `t_clientes_idt_clientes`, `t_presupuestosObservacion`, `t_presupuestosValor`, `t_presupuestosEstatus`, `t_oficinas_idt_oficinas`, `t_presupuestosNumero`, `t_usuarios_idt_usuarios`, `t_presupuestosDate`) VALUES(7, 7, NULL, 47.00, 'Espera Aprobacion', 1, '2018040722', 1, '2018-04-23');
INSERT INTO `t_presupuestos` (`idt_presupuestos`, `t_clientes_idt_clientes`, `t_presupuestosObservacion`, `t_presupuestosValor`, `t_presupuestosEstatus`, `t_oficinas_idt_oficinas`, `t_presupuestosNumero`, `t_usuarios_idt_usuarios`, `t_presupuestosDate`) VALUES(8, 8, 'Hola.', 45.00, 'Espera Aprobacion', 3, '2018040925', 5, '2018-04-23');
INSERT INTO `t_presupuestos` (`idt_presupuestos`, `t_clientes_idt_clientes`, `t_presupuestosObservacion`, `t_presupuestosValor`, `t_presupuestosEstatus`, `t_oficinas_idt_oficinas`, `t_presupuestosNumero`, `t_usuarios_idt_usuarios`, `t_presupuestosDate`) VALUES(9, 9, 'Servicios Adicionales detallados previamente', 45.00, 'Espera Aprobacion', 2, '2018040931', 3, '2018-04-23');
INSERT INTO `t_presupuestos` (`idt_presupuestos`, `t_clientes_idt_clientes`, `t_presupuestosObservacion`, `t_presupuestosValor`, `t_presupuestosEstatus`, `t_oficinas_idt_oficinas`, `t_presupuestosNumero`, `t_usuarios_idt_usuarios`, `t_presupuestosDate`) VALUES(10, 10, NULL, 45.00, 'Espera Aprobacion', 5, '2018040923', 8, '2018-04-26');
INSERT INTO `t_presupuestos` (`idt_presupuestos`, `t_clientes_idt_clientes`, `t_presupuestosObservacion`, `t_presupuestosValor`, `t_presupuestosEstatus`, `t_oficinas_idt_oficinas`, `t_presupuestosNumero`, `t_usuarios_idt_usuarios`, `t_presupuestosDate`) VALUES(11, 21, NULL, 44.00, 'Espera Aprobacion', 1, '2018060800', 1, '2018-06-08');

-- --------------------------------------------------------

--
-- Estructura de tabla para la tabla `t_presupuestosconceptos`
--

CREATE TABLE `t_presupuestosconceptos` (
  `idt_presupuestosConceptos` int(11) NOT NULL,
  `t_presupuestos_idt_presupuestos` int(11) NOT NULL,
  `t_presupuestosConceptosNombres` text,
  `t_presupuestosConceptosDescripcion` text,
  `t_presupuestosConceptoCuota` text,
  `t_presupuestosConceptosOrden` int(11) DEFAULT NULL
) ENGINE=InnoDB DEFAULT CHARSET=utf8;

--
-- Volcado de datos para la tabla `t_presupuestosconceptos`
--

INSERT INTO `t_presupuestosconceptos` (`idt_presupuestosConceptos`, `t_presupuestos_idt_presupuestos`, `t_presupuestosConceptosNombres`, `t_presupuestosConceptosDescripcion`, `t_presupuestosConceptoCuota`, `t_presupuestosConceptosOrden`) VALUES(1, 1, 'Asesoramiento Fiscal, Contable y Jurídico.', 'Dentro de este Apartado nos encargamos en primer lugar de proceder a la Contabilización Completa de todas las operaciones económicas de su entidad, con el fin de elaborar los Estados Contables Oficiales, para que una vez validados con usted, podamos realizar la presentación y el cumplimiento en plazo de todas las Obligaciones Fiscales y Mercantiles de carácter periódico.\r\n                                                La realización de este trabajo contable requiere de la prestación de un servicio completo de Asesoramiento Fiscal que le permita a usted resolver todas las dudas que tenga y a nosotros garantizarle que el trabajo que se está haciendo es conforme a los criterios jurídicos que la normativa establece.\r\n                                                Igualmente y para su tranquilidad, nos encargamos de la vigilancia diaria durante los 365 días del año, de las Notificaciones Electrónicas que se puedan emitir hacia su empresa desde de la Agencia Tributaria o desde la Seguridad Social. Nosotros recogemos estas notificaciones EN PLAZO, y aquellas que directamente entren dentro de nuestros servicios procedemos a tramitarlas de inmediato, y por supuesto siempre teniéndole informado puntualmente de todo lo que se reciba y en particular de aquellas notificaciones sobre las que usted deba tomar alguna acción o deba indicarnos como debemos proceder.', '70 euros + IVA / Mes (Estimado sobre un volumen de 2.000 apuntes anuales)', 1);
INSERT INTO `t_presupuestosconceptos` (`idt_presupuestosConceptos`, `t_presupuestos_idt_presupuestos`, `t_presupuestosConceptosNombres`, `t_presupuestosConceptosDescripcion`, `t_presupuestosConceptoCuota`, `t_presupuestosConceptosOrden`) VALUES(2, 1, 'Conciliación Bancaria.', 'Cuando nos referimos a que dentro de nuestro trabajo está el realizar una contabilidad completa, nos referimos a que TODO lo que tenga contenido económico va a ser registrado contablemente de forma individual. Nosotros no hacemos ni agrupamos información en un solo registro y por ello consideramos muy necesario ponerle de manifiesto la importancia de que en la empresa exista una Conciliación Bancaria Completa, de manera que TODOS los movimientos que existan en el Banco de su empresa tengan su correspondiente asiento individual en la Contabilidad.\r\n                                                Le aseguro por experiencia que esto que parece obvio, no lo es y muchísimas empresas no lo tienen o lo hacen de una forma muy genérica e incompleta, porque hacerlo bien es un trabajo muy complejo que requiere de mucho esfuerzo para poder cuadrar todo lo que viene en el banco y que indudablemente muchas veces necesita de su ayuda.\r\n                                                Nosotros le proporcionamos este servicio de Conciliación Bancaria de forma completa porque además de ser obligatorio legalmente en Contabilidad, es una garantía que permite detectar muchos errores y que puede ahorrar mucho dinero al cliente como puede ser el descubrir pagos duplicados o ingresos no cobrados.', 'Incluido en la Cuota Mensual', 2);
INSERT INTO `t_presupuestosconceptos` (`idt_presupuestosConceptos`, `t_presupuestos_idt_presupuestos`, `t_presupuestosConceptosNombres`, `t_presupuestosConceptosDescripcion`, `t_presupuestosConceptoCuota`, `t_presupuestosConceptosOrden`) VALUES(3, 1, 'Espacio en la Nube para Cliente.', 'Le ofrecemos la posibilidad de disponer de forma GRATUITA de un espacio de 1 Gb para almacenamiento en la nube de información. Este espacio nos permite tener a disposición del Cliente todos los datos escaneados de su empresa para que los pueda consultar, enviar y recibir a través de cualquier dispositivo, en cualquier lugar del mundo y a cualquier hora, y todo esto de forma segura.', 'Incluido en la Cuota Mensual', 3);
INSERT INTO `t_presupuestosconceptos` (`idt_presupuestosConceptos`, `t_presupuestos_idt_presupuestos`, `t_presupuestosConceptosNombres`, `t_presupuestosConceptosDescripcion`, `t_presupuestosConceptoCuota`, `t_presupuestosConceptosOrden`) VALUES(4, 1, 'Asesoramiento Laboral.', 'Una parte esencial de cualquier empresa es la Gestión de Personal, y este apartado es particularmente complejo, pues no sólo la normativa es muy variada sino que su aplicación Judicial lo es más todavía, es decir, los contratos, las bonificaciones, los despidos, en general cualquier acción que se lleve a efecto en relación con el personal si no está correctamente aplicada puede ser un problema en el futuro y puede costar mucho dinero a la empresa.\r\n                                                Nuestra obligación es hacer que el cliente conozca tanto las obligaciones que marca la ley, como las interpretaciones judiciales que cada día se conocen y asi de esta manera tratar de minimizar el riesgo futuro de problemas.\r\n                                                Nosotros ponemos a su disposición el equipo humano, técnico y jurídico necesario para que la Gestión de Personal sea completa, segura y eficaz desde la entrada en la empresa de cualquier trabajador, hasta su posible salida por cualquier motivo.', 'Cuota Fija de 15 euros/ mes y Cuota Variable de 15 euros + IVA / Trabajador / Mes', 4);
INSERT INTO `t_presupuestosconceptos` (`idt_presupuestosConceptos`, `t_presupuestos_idt_presupuestos`, `t_presupuestosConceptosNombres`, `t_presupuestosConceptosDescripcion`, `t_presupuestosConceptoCuota`, `t_presupuestosConceptosOrden`) VALUES(5, 1, 'Asesoramiento Jurídico.', 'Como parte de nuestro servicio y dentro la cuota fijada para su empresa, dispondrá de Asesoramiento Jurídico Ilimitado para la resolución de cuantas consultas pueda necesitar dentro del ámbito de actividad de su negocio. Por nuestra experiencia en el Área Jurídica, solemos distinguir dos grupos habituales de problemas en los que intervenimos, por un lado la existencia de actuaciones que tratan de evitar un conflicto (que puede ser laboral, de impago, etc) y por otro lado, la existencia de procedimientos judiciales (laborales, civiles, mercantiles, penales, etc). La primera parte anterior estaría cubierta dentro de nuestra cuota ofertada y sólo se cobraría al cliente aquellos Gastos Suplidos (burofax, correo, etc) en los que se haya incurrido.', 'Incluido en la Cuota Mensual', 5);
INSERT INTO `t_presupuestosconceptos` (`idt_presupuestosConceptos`, `t_presupuestos_idt_presupuestos`, `t_presupuestosConceptosNombres`, `t_presupuestosConceptosDescripcion`, `t_presupuestosConceptoCuota`, `t_presupuestosConceptosOrden`) VALUES(6, 1, 'Procedimientos Judiciales.', 'Además del Asesoramiento Jurídico para consultas de todo tipo, en la empresa nos podemos encontrar con asuntos que inevitablemente tengan que resolverse en los Juzgados y para este fin disponemos de un Departamento Jurídico propio para llevar la dirección letrada de cualquier procedimiento con arreglo a un presupuesto específico en función de la complejidad de cada caso.', 'Desde 300 euros / Procedimiento', 6);
INSERT INTO `t_presupuestosconceptos` (`idt_presupuestosConceptos`, `t_presupuestos_idt_presupuestos`, `t_presupuestosConceptosNombres`, `t_presupuestosConceptosDescripcion`, `t_presupuestosConceptoCuota`, `t_presupuestosConceptosOrden`) VALUES(7, 1, 'Gestión de Cobro de Clientes.', 'Nos encargaremos de la Gestión de cobro de sus clientes, tratando preferentemente de que dichos cobros se realicen de forma domiciliada de manera que el control sobre los ingresos individuales sea más efectivo. Si alguno de los clientes no satisface las cantidades a las que se ha comprometido trataremos de cobrar amistosamente, en caso contrario y si así recibimos el encargo trataremos de que lo haga por la vía judicial', 'Incluido en la Cuota Mensual', 7);
INSERT INTO `t_presupuestosconceptos` (`idt_presupuestosConceptos`, `t_presupuestos_idt_presupuestos`, `t_presupuestosConceptosNombres`, `t_presupuestosConceptosDescripcion`, `t_presupuestosConceptoCuota`, `t_presupuestosConceptosOrden`) VALUES(8, 1, 'Asesoramiento Mercantil', 'Cualquier Entidad está obligada a formular sus Estados Contables y a Depositarlos en el Registro correspondiente. Nosotros nos encargamos de todos los trámites dentro de los plazos marcados para dar la publicidad que la norma exige a cualquier Entidad', 'Legalización de Libros Anuales: 95  euros + IVA y Depósito de Cuentas Anuales: 180 euros + IVA', 8);
INSERT INTO `t_presupuestosconceptos` (`idt_presupuestosConceptos`, `t_presupuestos_idt_presupuestos`, `t_presupuestosConceptosNombres`, `t_presupuestosConceptosDescripcion`, `t_presupuestosConceptoCuota`, `t_presupuestosConceptosOrden`) VALUES(9, 2, 'Asesoramiento Fiscal, Contable y Jurídico.', 'Dentro de este Apartado nos encargamos en primer lugar de proceder a la Contabilización Completa de todas las operaciones económicas de su entidad, con el fin de elaborar los Estados Contables Oficiales, para que una vez validados con usted, podamos realizar la presentación y el cumplimiento en plazo de todas las Obligaciones Fiscales y Mercantiles de carácter periódico.\r\n                                                La realización de este trabajo contable requiere de la prestación de un servicio completo de Asesoramiento Fiscal que le permita a usted resolver todas las dudas que tenga y a nosotros garantizarle que el trabajo que se está haciendo es conforme a los criterios jurídicos que la normativa establece.\r\n                                                Igualmente y para su tranquilidad, nos encargamos de la vigilancia diaria durante los 365 días del año, de las Notificaciones Electrónicas que se puedan emitir hacia su empresa desde de la Agencia Tributaria o desde la Seguridad Social. Nosotros recogemos estas notificaciones EN PLAZO, y aquellas que directamente entren dentro de nuestros servicios procedemos a tramitarlas de inmediato, y por supuesto siempre teniéndole informado puntualmente de todo lo que se reciba y en particular de aquellas notificaciones sobre las que usted deba tomar alguna acción o deba indicarnos como debemos proceder.', '44 euros + IVA / Mes (Estimado sobre un volumen de 2.000 apuntes anuales)', 1);
INSERT INTO `t_presupuestosconceptos` (`idt_presupuestosConceptos`, `t_presupuestos_idt_presupuestos`, `t_presupuestosConceptosNombres`, `t_presupuestosConceptosDescripcion`, `t_presupuestosConceptoCuota`, `t_presupuestosConceptosOrden`) VALUES(10, 3, 'Asesoramiento Fiscal, Contable y Jurídico.', 'Dentro de este Apartado nos encargamos en primer lugar de proceder a la Contabilización Completa de todas las operaciones económicas de su entidad, con el fin de elaborar los Estados Contables Oficiales, para que una vez validados con usted, podamos realizar la presentación y el cumplimiento en plazo de todas las Obligaciones Fiscales y Mercantiles de carácter periódico.\r\n\r\nLa realización de este trabajo contable requiere de la prestación de un servicio completo de Asesoramiento Fiscal que le permita a usted resolver todas las dudas que tenga y a nosotros garantizarle que el trabajo que se está haciendo es conforme a los criterios jurídicos que la normativa establece.\r\n\r\nIgualmente y para su tranquilidad, nos encargamos de la vigilancia diaria durante los 365 días del año, de las Notificaciones Electrónicas que se puedan emitir hacia su empresa desde de la Agencia Tributaria o desde la Seguridad Social. Nosotros recogemos estas notificaciones EN PLAZO, y aquellas que directamente entren dentro de nuestros servicios procedemos a tramitarlas de inmediato, y por supuesto siempre teniéndole informado puntualmente de todo lo que se reciba y en particular de aquellas notificaciones sobre las que usted deba tomar alguna acción o deba indicarnos como debemos proceder.', '2 euros + IVA / Mes (Estimado sobre un volumen de 2.000 apuntes anuales)', 1);
INSERT INTO `t_presupuestosconceptos` (`idt_presupuestosConceptos`, `t_presupuestos_idt_presupuestos`, `t_presupuestosConceptosNombres`, `t_presupuestosConceptosDescripcion`, `t_presupuestosConceptoCuota`, `t_presupuestosConceptosOrden`) VALUES(11, 3, 'Conciliación Bancaria.', 'Cuando nos referimos a que dentro de nuestro trabajo está el realizar una contabilidad completa, nos referimos a que TODO lo que tenga contenido económico va a ser registrado contablemente de forma individual. Nosotros no hacemos ni agrupamos información en un solo registro y por ello consideramos muy necesario ponerle de manifiesto la importancia de que en la empresa exista una Conciliación Bancaria Completa, de manera que TODOS los movimientos que existan en el Banco de su empresa tengan su correspondiente asiento individual en la Contabilidad.\r\n\r\nLe aseguro por experiencia que esto que parece obvio, no lo es y muchísimas empresas no lo tienen o lo hacen de una forma muy genérica e incompleta, porque hacerlo bien es un trabajo muy complejo que requiere de mucho esfuerzo para poder cuadrar todo lo que viene en el banco y que indudablemente muchas veces necesita de su ayuda.\r\n\r\nNosotros le proporcionamos este servicio de Conciliación Bancaria de forma completa porque además de ser obligatorio legalmente en Contabilidad, es una garantía que permite detectar muchos errores y que puede ahorrar mucho dinero al cliente como puede ser el descubrir pagos duplicados o ingresos no cobrados.', 'Incluido en la Cuota Mensual', 2);
INSERT INTO `t_presupuestosconceptos` (`idt_presupuestosConceptos`, `t_presupuestos_idt_presupuestos`, `t_presupuestosConceptosNombres`, `t_presupuestosConceptosDescripcion`, `t_presupuestosConceptoCuota`, `t_presupuestosConceptosOrden`) VALUES(12, 3, 'Espacio en la Nube para Cliente.', 'Le ofrecemos la posibilidad de disponer de forma GRATUITA de un espacio de 1 Gb para almacenamiento en la nube de información. Este espacio nos permite tener a disposición del Cliente todos los datos escaneados de su empresa para que los pueda consultar, enviar y recibir a través de cualquier dispositivo, en cualquier lugar del mundo y a cualquier hora, y todo esto de forma segura.', 'Incluido en la Cuota Mensual', 3);
INSERT INTO `t_presupuestosconceptos` (`idt_presupuestosConceptos`, `t_presupuestos_idt_presupuestos`, `t_presupuestosConceptosNombres`, `t_presupuestosConceptosDescripcion`, `t_presupuestosConceptoCuota`, `t_presupuestosConceptosOrden`) VALUES(13, 3, 'Asesoramiento Jurídico.', 'Como parte de nuestro servicio y dentro la cuota fijada para su empresa, dispondrá de Asesoramiento Jurídico Ilimitado para la resolución de cuantas consultas pueda necesitar dentro del ámbito de actividad de su negocio. Por nuestra experiencia en el Área Jurídica, solemos distinguir dos grupos habituales de problemas en los que intervenimos, por un lado la existencia de actuaciones que tratan de evitar un conflicto (que puede ser laboral, de impago, etc) y por otro lado, la existencia de procedimientos judiciales (laborales, civiles, mercantiles, penales, etc). La primera parte anterior estaría cubierta dentro de nuestra cuota ofertada y sólo se cobraría al cliente aquellos Gastos Suplidos (burofax, correo, etc) en los que se haya incurrido.', 'Incluido en la Cuota Mensual', 5);
INSERT INTO `t_presupuestosconceptos` (`idt_presupuestosConceptos`, `t_presupuestos_idt_presupuestos`, `t_presupuestosConceptosNombres`, `t_presupuestosConceptosDescripcion`, `t_presupuestosConceptoCuota`, `t_presupuestosConceptosOrden`) VALUES(14, 3, 'Procedimientos Judiciales.', 'Además del Asesoramiento Jurídico para consultas de todo tipo, en la empresa nos podemos encontrar con asuntos que inevitablemente tengan que resolverse en los Juzgados y para este fin disponemos de un Departamento Jurídico propio para llevar la dirección letrada de cualquier procedimiento con arreglo a un presupuesto específico en función de la complejidad de cada caso.', 'Desde 300 euros / Procedimiento', 6);
INSERT INTO `t_presupuestosconceptos` (`idt_presupuestosConceptos`, `t_presupuestos_idt_presupuestos`, `t_presupuestosConceptosNombres`, `t_presupuestosConceptosDescripcion`, `t_presupuestosConceptoCuota`, `t_presupuestosConceptosOrden`) VALUES(15, 3, 'Gestión de Cobro de Clientes.', 'Nos encargaremos de la Gestión de cobro de sus clientes, tratando preferentemente de que dichos cobros se realicen de forma domiciliada de manera que el control sobre los ingresos individuales sea más efectivo. Si alguno de los clientes no satisface las cantidades a las que se ha comprometido trataremos de cobrar amistosamente, en caso contrario y si así recibimos el encargo trataremos de que lo haga por la vía judicial', 'Incluido en la Cuota Mensual', 7);
INSERT INTO `t_presupuestosconceptos` (`idt_presupuestosConceptos`, `t_presupuestos_idt_presupuestos`, `t_presupuestosConceptosNombres`, `t_presupuestosConceptosDescripcion`, `t_presupuestosConceptoCuota`, `t_presupuestosConceptosOrden`) VALUES(16, 3, 'Asesoramiento Mercantil', 'Cualquier Entidad está obligada a formular sus Estados Contables y a Depositarlos en el Registro correspondiente. Nosotros nos encargamos de todos los trámites dentro de los plazos marcados para dar la publicidad que la norma exige a cualquier Entidad', 'Legalización de Libros Anuales: 95  euros + IVA y Depósito de Cuentas Anuales: 180 euros + IVA', 8);
INSERT INTO `t_presupuestosconceptos` (`idt_presupuestosConceptos`, `t_presupuestos_idt_presupuestos`, `t_presupuestosConceptosNombres`, `t_presupuestosConceptosDescripcion`, `t_presupuestosConceptoCuota`, `t_presupuestosConceptosOrden`) VALUES(17, 4, 'Asesoramiento Fiscal, Contable y Jurídico.', 'Dentro de este Apartado nos encargamos en primer lugar de proceder a la Contabilización Completa de todas las operaciones económicas de su entidad, con el fin de elaborar los Estados Contables Oficiales, para que una vez validados con usted, podamos realizar la presentación y el cumplimiento en plazo de todas las Obligaciones Fiscales y Mercantiles de carácter periódico.\r\n\r\nLa realización de este trabajo contable requiere de la prestación de un servicio completo de Asesoramiento Fiscal que le permita a usted resolver todas las dudas que tenga y a nosotros garantizarle que el trabajo que se está haciendo es conforme a los criterios jurídicos que la normativa establece.\r\n\r\nIgualmente y para su tranquilidad, nos encargamos de la vigilancia diaria durante los 365 días del año, de las Notificaciones Electrónicas que se puedan emitir hacia su empresa desde de la Agencia Tributaria o desde la Seguridad Social. Nosotros recogemos estas notificaciones EN PLAZO, y aquellas que directamente entren dentro de nuestros servicios procedemos a tramitarlas de inmediato, y por supuesto siempre teniéndole informado puntualmente de todo lo que se reciba y en particular de aquellas notificaciones sobre las que usted deba tomar alguna acción o deba indicarnos como debemos proceder.', '2 euros + IVA / Mes (Estimado sobre un volumen de 2.000 apuntes anuales)', 1);
INSERT INTO `t_presupuestosconceptos` (`idt_presupuestosConceptos`, `t_presupuestos_idt_presupuestos`, `t_presupuestosConceptosNombres`, `t_presupuestosConceptosDescripcion`, `t_presupuestosConceptoCuota`, `t_presupuestosConceptosOrden`) VALUES(18, 4, 'Asesoramiento Mercantil', 'Cualquier Entidad está obligada a formular sus Estados Contables y a Depositarlos en el Registro correspondiente. Nosotros nos encargamos de todos los trámites dentro de los plazos marcados para dar la publicidad que la norma exige a cualquier Entidad', 'Legalización de Libros Anuales: 95  euros + IVA y Depósito de Cuentas Anuales: 180 euros + IVA', 8);
INSERT INTO `t_presupuestosconceptos` (`idt_presupuestosConceptos`, `t_presupuestos_idt_presupuestos`, `t_presupuestosConceptosNombres`, `t_presupuestosConceptosDescripcion`, `t_presupuestosConceptoCuota`, `t_presupuestosConceptosOrden`) VALUES(19, 5, 'Asesoramiento Fiscal, Contable y Jurídico.', 'Dentro de este Apartado nos encargamos en primer lugar de proceder a la Contabilización Completa de todas las operaciones económicas de su entidad, con el fin de elaborar los Estados Contables Oficiales, para que una vez validados con usted, podamos realizar la presentación y el cumplimiento en plazo de todas las Obligaciones Fiscales y Mercantiles de carácter periódico.\r\n\r\nLa realización de este trabajo contable requiere de la prestación de un servicio completo de Asesoramiento Fiscal que le permita a usted resolver todas las dudas que tenga y a nosotros garantizarle que el trabajo que se está haciendo es conforme a los criterios jurídicos que la normativa establece.\r\n\r\nIgualmente y para su tranquilidad, nos encargamos de la vigilancia diaria durante los 365 días del año, de las Notificaciones Electrónicas que se puedan emitir hacia su empresa desde de la Agencia Tributaria o desde la Seguridad Social. Nosotros recogemos estas notificaciones EN PLAZO, y aquellas que directamente entren dentro de nuestros servicios procedemos a tramitarlas de inmediato, y por supuesto siempre teniéndole informado puntualmente de todo lo que se reciba y en particular de aquellas notificaciones sobre las que usted deba tomar alguna acción o deba indicarnos como debemos proceder.', '1 euros + IVA / Mes (Estimado sobre un volumen de 2.000 apuntes anuales)', 1);
INSERT INTO `t_presupuestosconceptos` (`idt_presupuestosConceptos`, `t_presupuestos_idt_presupuestos`, `t_presupuestosConceptosNombres`, `t_presupuestosConceptosDescripcion`, `t_presupuestosConceptoCuota`, `t_presupuestosConceptosOrden`) VALUES(20, 5, 'Gestión de Cobro de Clientes.', 'Nos encargaremos de la Gestión de cobro de sus clientes, tratando preferentemente de que dichos cobros se realicen de forma domiciliada de manera que el control sobre los ingresos individuales sea más efectivo. Si alguno de los clientes no satisface las cantidades a las que se ha comprometido trataremos de cobrar amistosamente, en caso contrario y si así recibimos el encargo trataremos de que lo haga por la vía judicial', 'Incluido en la Cuota Mensual', 7);
INSERT INTO `t_presupuestosconceptos` (`idt_presupuestosConceptos`, `t_presupuestos_idt_presupuestos`, `t_presupuestosConceptosNombres`, `t_presupuestosConceptosDescripcion`, `t_presupuestosConceptoCuota`, `t_presupuestosConceptosOrden`) VALUES(21, 6, 'Asesoramiento Fiscal, Contable y Jurídico.', 'Dentro de este Apartado nos encargamos en primer lugar de proceder a la Contabilización Completa de todas las operaciones económicas de su entidad, con el fin de elaborar los Estados Contables Oficiales, para que una vez validados con usted, podamos realizar la presentación y el cumplimiento en plazo de todas las Obligaciones Fiscales y Mercantiles de carácter periódico.\r\n\r\nLa realización de este trabajo contable requiere de la prestación de un servicio completo de Asesoramiento Fiscal que le permita a usted resolver todas las dudas que tenga y a nosotros garantizarle que el trabajo que se está haciendo es conforme a los criterios jurídicos que la normativa establece.\r\n\r\nIgualmente y para su tranquilidad, nos encargamos de la vigilancia diaria durante los 365 días del año, de las Notificaciones Electrónicas que se puedan emitir hacia su empresa desde de la Agencia Tributaria o desde la Seguridad Social. Nosotros recogemos estas notificaciones EN PLAZO, y aquellas que directamente entren dentro de nuestros servicios procedemos a tramitarlas de inmediato, y por supuesto siempre teniéndole informado puntualmente de todo lo que se reciba y en particular de aquellas notificaciones sobre las que usted deba tomar alguna acción o deba indicarnos como debemos proceder.', '1 euros + IVA / Mes (Estimado sobre un volumen de 2.000 apuntes anuales)', 1);
INSERT INTO `t_presupuestosconceptos` (`idt_presupuestosConceptos`, `t_presupuestos_idt_presupuestos`, `t_presupuestosConceptosNombres`, `t_presupuestosConceptosDescripcion`, `t_presupuestosConceptoCuota`, `t_presupuestosConceptosOrden`) VALUES(22, 7, 'Asesoramiento Fiscal, Contable y Jurídico.', 'Dentro de este Apartado nos encargamos en primer lugar de proceder a la Contabilización Completa de todas las operaciones económicas de su entidad, con el fin de elaborar los Estados Contables Oficiales, para que una vez validados con usted, podamos realizar la presentación y el cumplimiento en plazo de todas las Obligaciones Fiscales y Mercantiles de carácter periódico.\r\n\r\nLa realización de este trabajo contable requiere de la prestación de un servicio completo de Asesoramiento Fiscal que le permita a usted resolver todas las dudas que tenga y a nosotros garantizarle que el trabajo que se está haciendo es conforme a los criterios jurídicos que la normativa establece.\r\n\r\nIgualmente y para su tranquilidad, nos encargamos de la vigilancia diaria durante los 365 días del año, de las Notificaciones Electrónicas que se puedan emitir hacia su empresa desde de la Agencia Tributaria o desde la Seguridad Social. Nosotros recogemos estas notificaciones EN PLAZO, y aquellas que directamente entren dentro de nuestros servicios procedemos a tramitarlas de inmediato, y por supuesto siempre teniéndole informado puntualmente de todo lo que se reciba y en particular de aquellas notificaciones sobre las que usted deba tomar alguna acción o deba indicarnos como debemos proceder.', '47 euros + IVA / Mes (Estimado sobre un volumen de 2.000 apuntes anuales)', 1);
INSERT INTO `t_presupuestosconceptos` (`idt_presupuestosConceptos`, `t_presupuestos_idt_presupuestos`, `t_presupuestosConceptosNombres`, `t_presupuestosConceptosDescripcion`, `t_presupuestosConceptoCuota`, `t_presupuestosConceptosOrden`) VALUES(23, 8, 'Asesoramiento Fiscal, Contable y Jurídico.', 'Dentro de este Apartado nos encargamos en primer lugar de proceder a la Contabilización Completa de todas las operaciones económicas de su entidad, con el fin de elaborar los Estados Contables Oficiales, para que una vez validados con usted, podamos realizar la presentación y el cumplimiento en plazo de todas las Obligaciones Fiscales y Mercantiles de carácter periódico.\r\n\r\nLa realización de este trabajo contable requiere de la prestación de un servicio completo de Asesoramiento Fiscal que le permita a usted resolver todas las dudas que tenga y a nosotros garantizarle que el trabajo que se está haciendo es conforme a los criterios jurídicos que la normativa establece.\r\n\r\nIgualmente y para su tranquilidad, nos encargamos de la vigilancia diaria durante los 365 días del año, de las Notificaciones Electrónicas que se puedan emitir hacia su empresa desde de la Agencia Tributaria o desde la Seguridad Social. Nosotros recogemos estas notificaciones EN PLAZO, y aquellas que directamente entren dentro de nuestros servicios procedemos a tramitarlas de inmediato, y por supuesto siempre teniéndole informado puntualmente de todo lo que se reciba y en particular de aquellas notificaciones sobre las que usted deba tomar alguna acción o deba indicarnos como debemos proceder.\r\n\r\nInvitación a cenar 2 veces al mes.', '100 euros + IVA / Mes (Estimado sobre un volumen de 2.000 apuntes anuales)', 1);
INSERT INTO `t_presupuestosconceptos` (`idt_presupuestosConceptos`, `t_presupuestos_idt_presupuestos`, `t_presupuestosConceptosNombres`, `t_presupuestosConceptosDescripcion`, `t_presupuestosConceptoCuota`, `t_presupuestosConceptosOrden`) VALUES(24, 8, 'Espacio en la Nube para Cliente.', 'Le ofrecemos la posibilidad de disponer de forma GRATUITA de un espacio de 1 Gb para almacenamiento en la nube de información. Este espacio nos permite tener a disposición del Cliente todos los datos escaneados de su empresa para que los pueda consultar, enviar y recibir a través de cualquier dispositivo, en cualquier lugar del mundo y a cualquier hora, y todo esto de forma segura.', 'Incluido en la Cuota Mensual', 3);
INSERT INTO `t_presupuestosconceptos` (`idt_presupuestosConceptos`, `t_presupuestos_idt_presupuestos`, `t_presupuestosConceptosNombres`, `t_presupuestosConceptosDescripcion`, `t_presupuestosConceptoCuota`, `t_presupuestosConceptosOrden`) VALUES(25, 8, 'Gestión de Cobro de Clientes.', 'Nos encargaremos de la Gestión de cobro de sus clientes, tratando preferentemente de que dichos cobros se realicen de forma domiciliada de manera que el control sobre los ingresos individuales sea más efectivo. Si alguno de los clientes no satisface las cantidades a las que se ha comprometido trataremos de cobrar amistosamente, en caso contrario y si así recibimos el encargo trataremos de que lo haga por la vía judicial', 'Incluido en la Cuota Mensual excepto Mala Paga', 7);
INSERT INTO `t_presupuestosconceptos` (`idt_presupuestosConceptos`, `t_presupuestos_idt_presupuestos`, `t_presupuestosConceptosNombres`, `t_presupuestosConceptosDescripcion`, `t_presupuestosConceptoCuota`, `t_presupuestosConceptosOrden`) VALUES(26, 9, 'Asesoramiento Fiscal, Contable y Jurídico.', 'Dentro de este Apartado nos encargamos en primer lugar de proceder a la Contabilización Completa de todas las operaciones económicas de su entidad, con el fin de elaborar los Estados Contables Oficiales, para que una vez validados con usted, podamos realizar la presentación y el cumplimiento en plazo de todas las Obligaciones Fiscales y Mercantiles de carácter periódico.\r\n\r\nLa realización de este trabajo contable requiere de la prestación de un servicio completo de Asesoramiento Fiscal que le permita a usted resolver todas las dudas que tenga y a nosotros garantizarle que el trabajo que se está haciendo es conforme a los criterios jurídicos que la normativa establece.\r\n\r\nIgualmente y para su tranquilidad, nos encargamos de la vigilancia diaria durante los 365 días del año, de las Notificaciones Electrónicas que se puedan emitir hacia su empresa desde de la Agencia Tributaria o desde la Seguridad Social. Nosotros recogemos estas notificaciones EN PLAZO, y aquellas que directamente entren dentro de nuestros servicios procedemos a tramitarlas de inmediato, y por supuesto siempre teniéndole informado puntualmente de todo lo que se reciba y en particular de aquellas notificaciones sobre las que usted deba tomar alguna acción o deba indicarnos como debemos proceder.\r\n\r\nSe prestará el servicio de lavado de vehículo dos veces al mes.\r\n\r\nSe limpiará su habitación una vez a la semana.', '100 euros + IVA / Mes (Estimado sobre un volumen de 2.000 apuntes anuales)', 1);
INSERT INTO `t_presupuestosconceptos` (`idt_presupuestosConceptos`, `t_presupuestos_idt_presupuestos`, `t_presupuestosConceptosNombres`, `t_presupuestosConceptosDescripcion`, `t_presupuestosConceptoCuota`, `t_presupuestosConceptosOrden`) VALUES(27, 9, 'Asesoramiento Jurídico.', 'Como parte de nuestro servicio y dentro la cuota fijada para su empresa, dispondrá de Asesoramiento Jurídico Ilimitado para la resolución de cuantas consultas pueda necesitar dentro del ámbito de actividad de su negocio. Por nuestra experiencia en el Área Jurídica, solemos distinguir dos grupos habituales de problemas en los que intervenimos, por un lado la existencia de actuaciones que tratan de evitar un conflicto (que puede ser laboral, de impago, etc) y por otro lado, la existencia de procedimientos judiciales (laborales, civiles, mercantiles, penales, etc). La primera parte anterior estaría cubierta dentro de nuestra cuota ofertada y sólo se cobraría al cliente aquellos Gastos Suplidos (burofax, correo, etc) en los que se haya incurrido.', 'Incluido en la Cuota Mensual', 5);
INSERT INTO `t_presupuestosconceptos` (`idt_presupuestosConceptos`, `t_presupuestos_idt_presupuestos`, `t_presupuestosConceptosNombres`, `t_presupuestosConceptosDescripcion`, `t_presupuestosConceptoCuota`, `t_presupuestosConceptosOrden`) VALUES(28, 9, 'Gestión de Cobro de Clientes.', 'Nos encargaremos de la Gestión de cobro de sus clientes, tratando preferentemente de que dichos cobros se realicen de forma domiciliada de manera que el control sobre los ingresos individuales sea más efectivo. Si alguno de los clientes no satisface las cantidades a las que se ha comprometido trataremos de cobrar amistosamente, en caso contrario y si así recibimos el encargo trataremos de que lo haga por la vía judicial', 'Incluido en la Cuota, excepto mala paga.', 7);
INSERT INTO `t_presupuestosconceptos` (`idt_presupuestosConceptos`, `t_presupuestos_idt_presupuestos`, `t_presupuestosConceptosNombres`, `t_presupuestosConceptosDescripcion`, `t_presupuestosConceptoCuota`, `t_presupuestosConceptosOrden`) VALUES(29, 10, 'Asesoramiento Fiscal, Contable y Jurídico.', 'Dentro de este Apartado nos encargamos en primer lugar de proceder a la Contabilización Completa de todas las operaciones económicas de su entidad, con el fin de elaborar los Estados Contables Oficiales, para que una vez validados con usted, podamos realizar la presentación y el cumplimiento en plazo de todas las Obligaciones Fiscales y Mercantiles de carácter periódico.\r\n\r\nLa realización de este trabajo contable requiere de la prestación de un servicio completo de Asesoramiento Fiscal que le permita a usted resolver todas las dudas que tenga y a nosotros garantizarle que el trabajo que se está haciendo es conforme a los criterios jurídicos que la normativa establece. Incluye lavado de vehículo.\r\n\r\nIgualmente y para su tranquilidad, nos encargamos de la vigilancia diaria durante los 365 días del año, de las Notificaciones Electrónicas que se puedan emitir hacia su empresa desde de la Agencia Tributaria o desde la Seguridad Social. Nosotros recogemos estas notificaciones EN PLAZO, y aquellas que directamente entren dentro de nuestros servicios procedemos a tramitarlas de inmediato, y por supuesto siempre teniéndole informado puntualmente de todo lo que se reciba y en particular de aquellas notificaciones sobre las que usted deba tomar alguna acción o deba indicarnos como debemos proceder.', '150 euros + IVA / Mes (Estimado sobre un volumen de 500 apuntes anuales)', 1);
INSERT INTO `t_presupuestosconceptos` (`idt_presupuestosConceptos`, `t_presupuestos_idt_presupuestos`, `t_presupuestosConceptosNombres`, `t_presupuestosConceptosDescripcion`, `t_presupuestosConceptoCuota`, `t_presupuestosConceptosOrden`) VALUES(30, 10, 'Espacio en la Nube para Cliente.', 'Le ofrecemos la posibilidad de disponer de forma GRATUITA de un espacio de 1 Gb para almacenamiento en la nube de información. Este espacio nos permite tener a disposición del Cliente todos los datos escaneados de su empresa para que los pueda consultar, enviar y recibir a través de cualquier dispositivo, en cualquier lugar del mundo y a cualquier hora, y todo esto de forma segura.', 'Incluido en la Cuota Mensual', 3);
INSERT INTO `t_presupuestosconceptos` (`idt_presupuestosConceptos`, `t_presupuestos_idt_presupuestos`, `t_presupuestosConceptosNombres`, `t_presupuestosConceptosDescripcion`, `t_presupuestosConceptoCuota`, `t_presupuestosConceptosOrden`) VALUES(31, 10, 'Procedimientos Judiciales.', 'Además del Asesoramiento Jurídico para consultas de todo tipo, en la empresa nos podemos encontrar con asuntos que inevitablemente tengan que resolverse en los Juzgados y para este fin disponemos de un Departamento Jurídico propio para llevar la dirección letrada de cualquier procedimiento con arreglo a un presupuesto específico en función de la complejidad de cada caso.', 'Desde 300 euros / Procedimiento', 6);
INSERT INTO `t_presupuestosconceptos` (`idt_presupuestosConceptos`, `t_presupuestos_idt_presupuestos`, `t_presupuestosConceptosNombres`, `t_presupuestosConceptosDescripcion`, `t_presupuestosConceptoCuota`, `t_presupuestosConceptosOrden`) VALUES(32, 10, 'Gestión de Cobro de Clientes.', 'Nos encargaremos de la Gestión de cobro de sus clientes, tratando preferentemente de que dichos cobros se realicen de forma domiciliada de manera que el control sobre los ingresos individuales sea más efectivo. Si alguno de los clientes no satisface las cantidades a las que se ha comprometido trataremos de cobrar amistosamente, en caso contrario y si así recibimos el encargo trataremos de que lo haga por la vía judicial', '500 Euros por mala paga', 7);
INSERT INTO `t_presupuestosconceptos` (`idt_presupuestosConceptos`, `t_presupuestos_idt_presupuestos`, `t_presupuestosConceptosNombres`, `t_presupuestosConceptosDescripcion`, `t_presupuestosConceptoCuota`, `t_presupuestosConceptosOrden`) VALUES(33, 11, 'Asesoramiento Fiscal, Contable y Jurídico.', 'Dentro de este Apartado nos encargamos en primer lugar de proceder a la Contabilización Completa de todas las operaciones económicas de su entidad, con el fin de elaborar los Estados Contables Oficiales, para que una vez validados con usted, podamos realizar la presentación y el cumplimiento en plazo de todas las Obligaciones Fiscales y Mercantiles de carácter periódico.\r\n\r\nLa realización de este trabajo contable requiere de la prestación de un servicio completo de Asesoramiento Fiscal que le permita a usted resolver todas las dudas que tenga y a nosotros garantizarle que el trabajo que se está haciendo es conforme a los criterios jurídicos que la normativa establece.\r\n\r\nIgualmente y para su tranquilidad, nos encargamos de la vigilancia diaria durante los 365 días del año, de las Notificaciones Electrónicas que se puedan emitir hacia su empresa desde de la Agencia Tributaria o desde la Seguridad Social. Nosotros recogemos estas notificaciones EN PLAZO, y aquellas que directamente entren dentro de nuestros servicios procedemos a tramitarlas de inmediato, y por supuesto siempre teniéndole informado puntualmente de todo lo que se reciba y en particular de aquellas notificaciones sobre las que usted deba tomar alguna acción o deba indicarnos como debemos proceder.', '100 euros + IVA / Mes (Estimado sobre un volumen de 2.000 apuntes anuales)', 1);
INSERT INTO `t_presupuestosconceptos` (`idt_presupuestosConceptos`, `t_presupuestos_idt_presupuestos`, `t_presupuestosConceptosNombres`, `t_presupuestosConceptosDescripcion`, `t_presupuestosConceptoCuota`, `t_presupuestosConceptosOrden`) VALUES(34, 11, 'Conciliación Bancaria.', 'Cuando nos referimos a que dentro de nuestro trabajo está el realizar una contabilidad completa, nos referimos a que TODO lo que tenga contenido económico va a ser registrado contablemente de forma individual. Nosotros no hacemos ni agrupamos información en un solo registro y por ello consideramos muy necesario ponerle de manifiesto la importancia de que en la empresa exista una Conciliación Bancaria Completa, de manera que TODOS los movimientos que existan en el Banco de su empresa tengan su correspondiente asiento individual en la Contabilidad.\r\n\r\nLe aseguro por experiencia que esto que parece obvio, no lo es y muchísimas empresas no lo tienen o lo hacen de una forma muy genérica e incompleta, porque hacerlo bien es un trabajo muy complejo que requiere de mucho esfuerzo para poder cuadrar todo lo que viene en el banco y que indudablemente muchas veces necesita de su ayuda.\r\n\r\nNosotros le proporcionamos este servicio de Conciliación Bancaria de forma completa porque además de ser obligatorio legalmente en Contabilidad, es una garantía que permite detectar muchos errores y que puede ahorrar mucho dinero al cliente como puede ser el descubrir pagos duplicados o ingresos no cobrados.', 'Incluido en la Cuota Mensual', 2);
INSERT INTO `t_presupuestosconceptos` (`idt_presupuestosConceptos`, `t_presupuestos_idt_presupuestos`, `t_presupuestosConceptosNombres`, `t_presupuestosConceptosDescripcion`, `t_presupuestosConceptoCuota`, `t_presupuestosConceptosOrden`) VALUES(35, 11, 'Espacio en la Nube para Cliente.', 'Le ofrecemos la posibilidad de disponer de forma GRATUITA de un espacio de 1 Gb para almacenamiento en la nube de información. Este espacio nos permite tener a disposición del Cliente todos los datos escaneados de su empresa para que los pueda consultar, enviar y recibir a través de cualquier dispositivo, en cualquier lugar del mundo y a cualquier hora, y todo esto de forma segura.', 'Incluido en la Cuota Mensual', 3);
INSERT INTO `t_presupuestosconceptos` (`idt_presupuestosConceptos`, `t_presupuestos_idt_presupuestos`, `t_presupuestosConceptosNombres`, `t_presupuestosConceptosDescripcion`, `t_presupuestosConceptoCuota`, `t_presupuestosConceptosOrden`) VALUES(36, 11, 'Asesoramiento Laboral.', 'Una parte esencial de cualquier empresa es la Gestión de Personal, y este apartado es particularmente complejo, pues no sólo la normativa es muy variada sino que su aplicación Judicial lo es más todavía, es decir, los contratos, las bonificaciones, los despidos, en general cualquier acción que se lleve a efecto en relación con el personal si no está correctamente aplicada puede ser un problema en el futuro y puede costar mucho dinero a la empresa.\r\n\r\nNuestra obligación es hacer que el cliente conozca tanto las obligaciones que marca la ley, como las interpretaciones judiciales que cada día se conocen y asi de esta manera tratar de minimizar el riesgo futuro de problemas.\r\n\r\nNosotros ponemos a su disposición el equipo humano, técnico y jurídico necesario para que la Gestión de Personal sea completa, segura y eficaz desde la entrada en la empresa de cualquier trabajador, hasta su posible salida por cualquier motivo.', 'Cuota Fija de 15 euros/ mes y Cuota Variable de 15 euros + IVA / Trabajador / Mes', 4);
INSERT INTO `t_presupuestosconceptos` (`idt_presupuestosConceptos`, `t_presupuestos_idt_presupuestos`, `t_presupuestosConceptosNombres`, `t_presupuestosConceptosDescripcion`, `t_presupuestosConceptoCuota`, `t_presupuestosConceptosOrden`) VALUES(37, 11, 'Asesoramiento Mercantil', 'Cualquier Entidad está obligada a formular sus Estados Contables y a Depositarlos en el Registro correspondiente. Nosotros nos encargamos de todos los trámites dentro de los plazos marcados para dar la publicidad que la norma exige a cualquier Entidad. También está invitado a los jueves sociales.', 'Legalización de Libros Anuales: 95  euros + IVA y Depósito de Cuentas Anuales: 180 euros + IVA', 8);

-- --------------------------------------------------------

--
-- Estructura de tabla para la tabla `t_task`
--

CREATE TABLE `t_task` (
  `idt_task` int(11) NOT NULL,
  `t_taskTitle` text,
  `t_taskDateCreated` datetime DEFAULT NULL,
  `t_taskStatus` varchar(45) DEFAULT NULL,
  `t_taskDueDate` datetime DEFAULT NULL,
  `t_taskPriorityName` varchar(45) DEFAULT NULL,
  `t_taskPriorityNumber` int(11) DEFAULT '0',
  `t_taskRepeat` varchar(45) DEFAULT NULL,
  `t_taskExplanation` text,
  `t_taskDependence` int(11) DEFAULT NULL,
  `t_generalTask_idt_generalTask` int(11) NOT NULL,
  `t_taskEnd` datetime DEFAULT NULL,
  `t_taskUserCreated` int(11) DEFAULT NULL,
  `t_taskUserName` varchar(45) DEFAULT NULL,
  `t_taskChecked` datetime DEFAULT NULL,
  `t_taskUserChecked` int(11) DEFAULT NULL,
  `t_taskUserNameChecked` varchar(45) DEFAULT NULL,
  `t_taskRepeatMode` varchar(45) DEFAULT NULL,
  `t_taskIsMain` tinyint(1) DEFAULT '0',
  `t_taskCPContact` varchar(45) DEFAULT NULL,
  `t_taskCTelefono` varchar(45) DEFAULT NULL,
  `t_taskCEmail` varchar(45) DEFAULT NULL,
  `t_taskRequiredValidation` tinyint(1) DEFAULT '0',
  `t_taskDirectory` text,
  `t_taskValidated` datetime DEFAULT NULL,
  `t_taskUserValidated` int(11) DEFAULT NULL,
  `t_taskUserNameValidated` varchar(45) DEFAULT NULL
) ENGINE=InnoDB DEFAULT CHARSET=utf8;

--
-- Volcado de datos para la tabla `t_task`
--

INSERT INTO `t_task` (`idt_task`, `t_taskTitle`, `t_taskDateCreated`, `t_taskStatus`, `t_taskDueDate`, `t_taskPriorityName`, `t_taskPriorityNumber`, `t_taskRepeat`, `t_taskExplanation`, `t_taskDependence`, `t_generalTask_idt_generalTask`, `t_taskEnd`, `t_taskUserCreated`, `t_taskUserName`, `t_taskChecked`, `t_taskUserChecked`, `t_taskUserNameChecked`, `t_taskRepeatMode`, `t_taskIsMain`, `t_taskCPContact`, `t_taskCTelefono`, `t_taskCEmail`, `t_taskRequiredValidation`, `t_taskDirectory`, `t_taskValidated`, `t_taskUserValidated`, `t_taskUserNameValidated`) VALUES(1, 't001', '2018-06-27 00:36:15', 'Completed', NULL, NULL, NULL, NULL, '<ul><li><b><span style=\"font-size: 24px; color: rgb(0, 0, 255);\">dejjknknlks tvby</span></b><span style=\"background-color: rgb(255, 255, 0);\"><b><span style=\"font-size: 24px;\"><span style=\"color: rgb(0, 0, 255);\">n</span>j</span></b>m&nbsp; my test 1</span></li></ul>', NULL, 11, '2018-06-28 10:38:49', 1, 'carlos Hernandez', NULL, NULL, NULL, NULL, 0, NULL, NULL, NULL, 0, NULL, NULL, NULL, NULL);
INSERT INTO `t_task` (`idt_task`, `t_taskTitle`, `t_taskDateCreated`, `t_taskStatus`, `t_taskDueDate`, `t_taskPriorityName`, `t_taskPriorityNumber`, `t_taskRepeat`, `t_taskExplanation`, `t_taskDependence`, `t_generalTask_idt_generalTask`, `t_taskEnd`, `t_taskUserCreated`, `t_taskUserName`, `t_taskChecked`, `t_taskUserChecked`, `t_taskUserNameChecked`, `t_taskRepeatMode`, `t_taskIsMain`, `t_taskCPContact`, `t_taskCTelefono`, `t_taskCEmail`, `t_taskRequiredValidation`, `t_taskDirectory`, `t_taskValidated`, `t_taskUserValidated`, `t_taskUserNameValidated`) VALUES(2, 't002', '2018-06-27 00:37:26', 'Completed', NULL, NULL, NULL, NULL, 'k', NULL, 11, '2018-07-17 14:21:47', 1, 'carlos Hernandez', '2018-07-17 14:21:47', 1, 'carlos Hernandez', NULL, 0, NULL, NULL, NULL, 0, NULL, NULL, NULL, NULL);
INSERT INTO `t_task` (`idt_task`, `t_taskTitle`, `t_taskDateCreated`, `t_taskStatus`, `t_taskDueDate`, `t_taskPriorityName`, `t_taskPriorityNumber`, `t_taskRepeat`, `t_taskExplanation`, `t_taskDependence`, `t_generalTask_idt_generalTask`, `t_taskEnd`, `t_taskUserCreated`, `t_taskUserName`, `t_taskChecked`, `t_taskUserChecked`, `t_taskUserNameChecked`, `t_taskRepeatMode`, `t_taskIsMain`, `t_taskCPContact`, `t_taskCTelefono`, `t_taskCEmail`, `t_taskRequiredValidation`, `t_taskDirectory`, `t_taskValidated`, `t_taskUserValidated`, `t_taskUserNameValidated`) VALUES(3, 't003', '2018-06-27 00:40:26', 'Completed', NULL, NULL, NULL, NULL, '<b><span style=\"font-size: 36px;\">hjjj</span></b>', NULL, 11, '2018-07-17 14:21:08', 1, 'carlos Hernandez', '2018-07-17 14:21:08', 1, 'carlos Hernandez', NULL, 0, NULL, NULL, NULL, 0, NULL, NULL, NULL, NULL);
INSERT INTO `t_task` (`idt_task`, `t_taskTitle`, `t_taskDateCreated`, `t_taskStatus`, `t_taskDueDate`, `t_taskPriorityName`, `t_taskPriorityNumber`, `t_taskRepeat`, `t_taskExplanation`, `t_taskDependence`, `t_generalTask_idt_generalTask`, `t_taskEnd`, `t_taskUserCreated`, `t_taskUserName`, `t_taskChecked`, `t_taskUserChecked`, `t_taskUserNameChecked`, `t_taskRepeatMode`, `t_taskIsMain`, `t_taskCPContact`, `t_taskCTelefono`, `t_taskCEmail`, `t_taskRequiredValidation`, `t_taskDirectory`, `t_taskValidated`, `t_taskUserValidated`, `t_taskUserNameValidated`) VALUES(4, 't004', '2018-06-27 00:41:41', 'Completed', '2018-06-29 00:00:00', NULL, NULL, NULL, 'hola<span style=\"background-color: rgb(255, 255, 0);\"><b> test text</b></span>', NULL, 11, '2018-07-17 14:22:52', 1, 'carlos Hernandez', '2018-07-17 14:22:52', 1, 'carlos Hernandez', NULL, 0, NULL, NULL, NULL, 0, NULL, NULL, NULL, NULL);
INSERT INTO `t_task` (`idt_task`, `t_taskTitle`, `t_taskDateCreated`, `t_taskStatus`, `t_taskDueDate`, `t_taskPriorityName`, `t_taskPriorityNumber`, `t_taskRepeat`, `t_taskExplanation`, `t_taskDependence`, `t_generalTask_idt_generalTask`, `t_taskEnd`, `t_taskUserCreated`, `t_taskUserName`, `t_taskChecked`, `t_taskUserChecked`, `t_taskUserNameChecked`, `t_taskRepeatMode`, `t_taskIsMain`, `t_taskCPContact`, `t_taskCTelefono`, `t_taskCEmail`, `t_taskRequiredValidation`, `t_taskDirectory`, `t_taskValidated`, `t_taskUserValidated`, `t_taskUserNameValidated`) VALUES(5, NULL, '2018-06-27 07:59:31', 'Completed', NULL, NULL, NULL, NULL, NULL, NULL, 12, '2018-07-17 14:24:16', 1, 'carlos Hernandez', '2018-07-17 14:24:16', 1, 'carlos Hernandez', NULL, 0, NULL, NULL, NULL, 0, NULL, NULL, NULL, NULL);
INSERT INTO `t_task` (`idt_task`, `t_taskTitle`, `t_taskDateCreated`, `t_taskStatus`, `t_taskDueDate`, `t_taskPriorityName`, `t_taskPriorityNumber`, `t_taskRepeat`, `t_taskExplanation`, `t_taskDependence`, `t_generalTask_idt_generalTask`, `t_taskEnd`, `t_taskUserCreated`, `t_taskUserName`, `t_taskChecked`, `t_taskUserChecked`, `t_taskUserNameChecked`, `t_taskRepeatMode`, `t_taskIsMain`, `t_taskCPContact`, `t_taskCTelefono`, `t_taskCEmail`, `t_taskRequiredValidation`, `t_taskDirectory`, `t_taskValidated`, `t_taskUserValidated`, `t_taskUserNameValidated`) VALUES(6, NULL, '2018-06-28 07:02:14', 'Completed', NULL, NULL, NULL, NULL, NULL, NULL, 12, '2018-07-17 14:24:22', 1, 'carlos Hernandez', '2018-07-17 14:24:22', 1, 'carlos Hernandez', NULL, 0, NULL, NULL, NULL, 0, NULL, NULL, NULL, NULL);
INSERT INTO `t_task` (`idt_task`, `t_taskTitle`, `t_taskDateCreated`, `t_taskStatus`, `t_taskDueDate`, `t_taskPriorityName`, `t_taskPriorityNumber`, `t_taskRepeat`, `t_taskExplanation`, `t_taskDependence`, `t_generalTask_idt_generalTask`, `t_taskEnd`, `t_taskUserCreated`, `t_taskUserName`, `t_taskChecked`, `t_taskUserChecked`, `t_taskUserNameChecked`, `t_taskRepeatMode`, `t_taskIsMain`, `t_taskCPContact`, `t_taskCTelefono`, `t_taskCEmail`, `t_taskRequiredValidation`, `t_taskDirectory`, `t_taskValidated`, `t_taskUserValidated`, `t_taskUserNameValidated`) VALUES(7, NULL, '2018-06-28 10:22:18', 'Completed', NULL, NULL, NULL, NULL, '<br>', NULL, 11, '2018-06-28 10:22:43', 1, 'carlos Hernandez', NULL, NULL, NULL, NULL, 0, NULL, NULL, NULL, 0, NULL, NULL, NULL, NULL);
INSERT INTO `t_task` (`idt_task`, `t_taskTitle`, `t_taskDateCreated`, `t_taskStatus`, `t_taskDueDate`, `t_taskPriorityName`, `t_taskPriorityNumber`, `t_taskRepeat`, `t_taskExplanation`, `t_taskDependence`, `t_generalTask_idt_generalTask`, `t_taskEnd`, `t_taskUserCreated`, `t_taskUserName`, `t_taskChecked`, `t_taskUserChecked`, `t_taskUserNameChecked`, `t_taskRepeatMode`, `t_taskIsMain`, `t_taskCPContact`, `t_taskCTelefono`, `t_taskCEmail`, `t_taskRequiredValidation`, `t_taskDirectory`, `t_taskValidated`, `t_taskUserValidated`, `t_taskUserNameValidated`) VALUES(8, 't001', '2018-06-29 07:23:13', 'Completed', '2018-07-27 00:00:00', NULL, 0, NULL, '<ul><li>step 4</li><li>step 5</li></ul>', NULL, 11, '2018-07-17 14:24:07', 1, 'carlos Hernandez', '2018-07-17 14:24:07', 1, 'carlos Hernandez', NULL, 0, NULL, NULL, NULL, 0, 'c ruta', NULL, NULL, NULL);
INSERT INTO `t_task` (`idt_task`, `t_taskTitle`, `t_taskDateCreated`, `t_taskStatus`, `t_taskDueDate`, `t_taskPriorityName`, `t_taskPriorityNumber`, `t_taskRepeat`, `t_taskExplanation`, `t_taskDependence`, `t_generalTask_idt_generalTask`, `t_taskEnd`, `t_taskUserCreated`, `t_taskUserName`, `t_taskChecked`, `t_taskUserChecked`, `t_taskUserNameChecked`, `t_taskRepeatMode`, `t_taskIsMain`, `t_taskCPContact`, `t_taskCTelefono`, `t_taskCEmail`, `t_taskRequiredValidation`, `t_taskDirectory`, `t_taskValidated`, `t_taskUserValidated`, `t_taskUserNameValidated`) VALUES(9, 'Sub-tarea 001', '2018-07-05 22:56:22', 'Completed', '2018-07-20 00:00:00', NULL, 1, NULL, '<p><br></p>', NULL, 13, '2018-07-10 17:06:21', 13, 'José Antonio Martín Herrera', NULL, NULL, NULL, NULL, 0, NULL, NULL, NULL, 0, NULL, NULL, NULL, NULL);
INSERT INTO `t_task` (`idt_task`, `t_taskTitle`, `t_taskDateCreated`, `t_taskStatus`, `t_taskDueDate`, `t_taskPriorityName`, `t_taskPriorityNumber`, `t_taskRepeat`, `t_taskExplanation`, `t_taskDependence`, `t_generalTask_idt_generalTask`, `t_taskEnd`, `t_taskUserCreated`, `t_taskUserName`, `t_taskChecked`, `t_taskUserChecked`, `t_taskUserNameChecked`, `t_taskRepeatMode`, `t_taskIsMain`, `t_taskCPContact`, `t_taskCTelefono`, `t_taskCEmail`, `t_taskRequiredValidation`, `t_taskDirectory`, `t_taskValidated`, `t_taskUserValidated`, `t_taskUserNameValidated`) VALUES(10, 'Migración de Cliente Mercadona - Contable', '2018-07-10 17:06:48', 'Completed', '2018-07-25 00:00:00', NULL, 0, NULL, '<p><br></p><ul><li>Crear Empresa en A3.</li><li>Preparar Impuestos.</li></ul>', NULL, 14, '2018-07-12 12:13:30', 13, 'José Antonio Martín Herrera', NULL, NULL, NULL, NULL, 1, NULL, NULL, NULL, 0, NULL, NULL, NULL, NULL);
INSERT INTO `t_task` (`idt_task`, `t_taskTitle`, `t_taskDateCreated`, `t_taskStatus`, `t_taskDueDate`, `t_taskPriorityName`, `t_taskPriorityNumber`, `t_taskRepeat`, `t_taskExplanation`, `t_taskDependence`, `t_generalTask_idt_generalTask`, `t_taskEnd`, `t_taskUserCreated`, `t_taskUserName`, `t_taskChecked`, `t_taskUserChecked`, `t_taskUserNameChecked`, `t_taskRepeatMode`, `t_taskIsMain`, `t_taskCPContact`, `t_taskCTelefono`, `t_taskCEmail`, `t_taskRequiredValidation`, `t_taskDirectory`, `t_taskValidated`, `t_taskUserValidated`, `t_taskUserNameValidated`) VALUES(11, NULL, '2018-07-10 17:09:46', 'Completed', NULL, NULL, 0, NULL, '<p><br></p><p><br></p><ul><li>Crear Empresa en A3.</li><li>Preparar</li></ul>', NULL, 14, '2018-07-12 12:13:39', 13, 'José Antonio Martín Herrera', NULL, NULL, NULL, NULL, 0, NULL, NULL, NULL, 0, NULL, NULL, NULL, NULL);
INSERT INTO `t_task` (`idt_task`, `t_taskTitle`, `t_taskDateCreated`, `t_taskStatus`, `t_taskDueDate`, `t_taskPriorityName`, `t_taskPriorityNumber`, `t_taskRepeat`, `t_taskExplanation`, `t_taskDependence`, `t_generalTask_idt_generalTask`, `t_taskEnd`, `t_taskUserCreated`, `t_taskUserName`, `t_taskChecked`, `t_taskUserChecked`, `t_taskUserNameChecked`, `t_taskRepeatMode`, `t_taskIsMain`, `t_taskCPContact`, `t_taskCTelefono`, `t_taskCEmail`, `t_taskRequiredValidation`, `t_taskDirectory`, `t_taskValidated`, `t_taskUserValidated`, `t_taskUserNameValidated`) VALUES(12, 'Migración de Cliente Mercadona - Laboral', '2018-07-10 17:09:57', 'Completed', '2018-07-20 00:00:00', NULL, 0, NULL, '<ul><li>Dar de Alta Trabajadores.</li><li>Calcular Nóminas.</li></ul>', NULL, 14, '2018-07-10 17:11:14', 13, 'José Antonio Martín Herrera', NULL, NULL, NULL, NULL, 0, NULL, NULL, NULL, 0, NULL, NULL, NULL, NULL);
INSERT INTO `t_task` (`idt_task`, `t_taskTitle`, `t_taskDateCreated`, `t_taskStatus`, `t_taskDueDate`, `t_taskPriorityName`, `t_taskPriorityNumber`, `t_taskRepeat`, `t_taskExplanation`, `t_taskDependence`, `t_generalTask_idt_generalTask`, `t_taskEnd`, `t_taskUserCreated`, `t_taskUserName`, `t_taskChecked`, `t_taskUserChecked`, `t_taskUserNameChecked`, `t_taskRepeatMode`, `t_taskIsMain`, `t_taskCPContact`, `t_taskCTelefono`, `t_taskCEmail`, `t_taskRequiredValidation`, `t_taskDirectory`, `t_taskValidated`, `t_taskUserValidated`, `t_taskUserNameValidated`) VALUES(13, 'Migración de Cliente Mercadona - Laboral', '2018-07-10 17:11:51', 'Completed', '2018-07-25 00:00:00', NULL, 0, NULL, '<ul><li>Dar de Alta a Trabajadores.</li><li>Calcular Nómina.</li></ul>', NULL, 14, '2018-07-11 17:05:37', 13, 'José Antonio Martín Herrera', NULL, NULL, NULL, NULL, 0, NULL, NULL, NULL, 0, NULL, NULL, NULL, NULL);
INSERT INTO `t_task` (`idt_task`, `t_taskTitle`, `t_taskDateCreated`, `t_taskStatus`, `t_taskDueDate`, `t_taskPriorityName`, `t_taskPriorityNumber`, `t_taskRepeat`, `t_taskExplanation`, `t_taskDependence`, `t_generalTask_idt_generalTask`, `t_taskEnd`, `t_taskUserCreated`, `t_taskUserName`, `t_taskChecked`, `t_taskUserChecked`, `t_taskUserNameChecked`, `t_taskRepeatMode`, `t_taskIsMain`, `t_taskCPContact`, `t_taskCTelefono`, `t_taskCEmail`, `t_taskRequiredValidation`, `t_taskDirectory`, `t_taskValidated`, `t_taskUserValidated`, `t_taskUserNameValidated`) VALUES(14, 'Migración de Cliente Mercadona - Informática', '2018-07-10 17:13:47', NULL, '2018-08-09 00:00:00', NULL, 0, NULL, '<ul><li>Compra de Servidores.</li><li>Configuración de Sistemas.</li></ul>', NULL, 14, NULL, 13, 'José Antonio Martín Herrera', NULL, NULL, NULL, NULL, 0, 'Zeta Contacto', '17808622', 'carloshernandez@mercadona.es', 0, NULL, NULL, NULL, NULL);
INSERT INTO `t_task` (`idt_task`, `t_taskTitle`, `t_taskDateCreated`, `t_taskStatus`, `t_taskDueDate`, `t_taskPriorityName`, `t_taskPriorityNumber`, `t_taskRepeat`, `t_taskExplanation`, `t_taskDependence`, `t_generalTask_idt_generalTask`, `t_taskEnd`, `t_taskUserCreated`, `t_taskUserName`, `t_taskChecked`, `t_taskUserChecked`, `t_taskUserNameChecked`, `t_taskRepeatMode`, `t_taskIsMain`, `t_taskCPContact`, `t_taskCTelefono`, `t_taskCEmail`, `t_taskRequiredValidation`, `t_taskDirectory`, `t_taskValidated`, `t_taskUserValidated`, `t_taskUserNameValidated`) VALUES(15, 'Presupuesto Contabilidad Heineken', '2018-07-10 17:14:49', NULL, '2018-07-12 00:00:00', NULL, 0, NULL, '<ul><li>Calcular Costos.</li><li>Reunión con Directores.</li><li>Preparar Celebración con cervezas de obsequio.</li></ul>', NULL, 15, '2018-07-11 17:05:51', 13, 'José Antonio Martín Herrera', NULL, NULL, NULL, NULL, 1, NULL, NULL, NULL, 1, NULL, NULL, NULL, NULL);
INSERT INTO `t_task` (`idt_task`, `t_taskTitle`, `t_taskDateCreated`, `t_taskStatus`, `t_taskDueDate`, `t_taskPriorityName`, `t_taskPriorityNumber`, `t_taskRepeat`, `t_taskExplanation`, `t_taskDependence`, `t_generalTask_idt_generalTask`, `t_taskEnd`, `t_taskUserCreated`, `t_taskUserName`, `t_taskChecked`, `t_taskUserChecked`, `t_taskUserNameChecked`, `t_taskRepeatMode`, `t_taskIsMain`, `t_taskCPContact`, `t_taskCTelefono`, `t_taskCEmail`, `t_taskRequiredValidation`, `t_taskDirectory`, `t_taskValidated`, `t_taskUserValidated`, `t_taskUserNameValidated`) VALUES(16, 'Comprar Pan', '2018-07-11 17:20:36', NULL, NULL, NULL, 0, NULL, NULL, NULL, 16, NULL, 13, 'José Antonio Martín Herrera', NULL, NULL, NULL, NULL, 1, NULL, NULL, NULL, 0, NULL, NULL, NULL, NULL);
INSERT INTO `t_task` (`idt_task`, `t_taskTitle`, `t_taskDateCreated`, `t_taskStatus`, `t_taskDueDate`, `t_taskPriorityName`, `t_taskPriorityNumber`, `t_taskRepeat`, `t_taskExplanation`, `t_taskDependence`, `t_generalTask_idt_generalTask`, `t_taskEnd`, `t_taskUserCreated`, `t_taskUserName`, `t_taskChecked`, `t_taskUserChecked`, `t_taskUserNameChecked`, `t_taskRepeatMode`, `t_taskIsMain`, `t_taskCPContact`, `t_taskCTelefono`, `t_taskCEmail`, `t_taskRequiredValidation`, `t_taskDirectory`, `t_taskValidated`, `t_taskUserValidated`, `t_taskUserNameValidated`) VALUES(17, 'Cita con Cristiano Ronaldo (Autónomo)', '2018-07-11 17:38:45', NULL, NULL, NULL, 0, NULL, 'iNGRESOS 10100101ISKJKSASCJK', NULL, 17, NULL, 13, 'José Antonio Martín Herrera', NULL, NULL, NULL, NULL, 1, NULL, NULL, NULL, 0, NULL, NULL, NULL, NULL);
INSERT INTO `t_task` (`idt_task`, `t_taskTitle`, `t_taskDateCreated`, `t_taskStatus`, `t_taskDueDate`, `t_taskPriorityName`, `t_taskPriorityNumber`, `t_taskRepeat`, `t_taskExplanation`, `t_taskDependence`, `t_generalTask_idt_generalTask`, `t_taskEnd`, `t_taskUserCreated`, `t_taskUserName`, `t_taskChecked`, `t_taskUserChecked`, `t_taskUserNameChecked`, `t_taskRepeatMode`, `t_taskIsMain`, `t_taskCPContact`, `t_taskCTelefono`, `t_taskCEmail`, `t_taskRequiredValidation`, `t_taskDirectory`, `t_taskValidated`, `t_taskUserValidated`, `t_taskUserNameValidated`) VALUES(18, 'gg 2ywhhwhw', '2018-07-12 12:15:22', 'Completed', NULL, NULL, 0, NULL, NULL, NULL, 18, '2018-07-12 17:04:28', 13, 'José Antonio Martín Herrera', NULL, NULL, NULL, NULL, 1, NULL, NULL, NULL, 0, NULL, NULL, NULL, NULL);
INSERT INTO `t_task` (`idt_task`, `t_taskTitle`, `t_taskDateCreated`, `t_taskStatus`, `t_taskDueDate`, `t_taskPriorityName`, `t_taskPriorityNumber`, `t_taskRepeat`, `t_taskExplanation`, `t_taskDependence`, `t_generalTask_idt_generalTask`, `t_taskEnd`, `t_taskUserCreated`, `t_taskUserName`, `t_taskChecked`, `t_taskUserChecked`, `t_taskUserNameChecked`, `t_taskRepeatMode`, `t_taskIsMain`, `t_taskCPContact`, `t_taskCTelefono`, `t_taskCEmail`, `t_taskRequiredValidation`, `t_taskDirectory`, `t_taskValidated`, `t_taskUserValidated`, `t_taskUserNameValidated`) VALUES(19, 'Reunión Carlos Hernandez', '2018-07-12 12:34:30', NULL, '2018-07-13 00:00:00', NULL, 0, NULL, NULL, NULL, 19, NULL, 13, 'José Antonio Martín Herrera', NULL, NULL, NULL, NULL, 1, NULL, NULL, NULL, 0, NULL, NULL, NULL, NULL);
INSERT INTO `t_task` (`idt_task`, `t_taskTitle`, `t_taskDateCreated`, `t_taskStatus`, `t_taskDueDate`, `t_taskPriorityName`, `t_taskPriorityNumber`, `t_taskRepeat`, `t_taskExplanation`, `t_taskDependence`, `t_generalTask_idt_generalTask`, `t_taskEnd`, `t_taskUserCreated`, `t_taskUserName`, `t_taskChecked`, `t_taskUserChecked`, `t_taskUserNameChecked`, `t_taskRepeatMode`, `t_taskIsMain`, `t_taskCPContact`, `t_taskCTelefono`, `t_taskCEmail`, `t_taskRequiredValidation`, `t_taskDirectory`, `t_taskValidated`, `t_taskUserValidated`, `t_taskUserNameValidated`) VALUES(20, 'Infome', '2018-07-12 12:42:07', NULL, NULL, NULL, 0, NULL, NULL, NULL, 14, NULL, 13, 'José Antonio Martín Herrera', NULL, NULL, NULL, NULL, 0, NULL, NULL, NULL, 0, NULL, NULL, NULL, NULL);
INSERT INTO `t_task` (`idt_task`, `t_taskTitle`, `t_taskDateCreated`, `t_taskStatus`, `t_taskDueDate`, `t_taskPriorityName`, `t_taskPriorityNumber`, `t_taskRepeat`, `t_taskExplanation`, `t_taskDependence`, `t_generalTask_idt_generalTask`, `t_taskEnd`, `t_taskUserCreated`, `t_taskUserName`, `t_taskChecked`, `t_taskUserChecked`, `t_taskUserNameChecked`, `t_taskRepeatMode`, `t_taskIsMain`, `t_taskCPContact`, `t_taskCTelefono`, `t_taskCEmail`, `t_taskRequiredValidation`, `t_taskDirectory`, `t_taskValidated`, `t_taskUserValidated`, `t_taskUserNameValidated`) VALUES(21, 'Crear Informe', '2018-07-12 12:43:26', NULL, NULL, NULL, 0, NULL, NULL, NULL, 19, NULL, 13, 'José Antonio Martín Herrera', NULL, NULL, NULL, NULL, 0, NULL, NULL, NULL, 0, NULL, NULL, NULL, NULL);
INSERT INTO `t_task` (`idt_task`, `t_taskTitle`, `t_taskDateCreated`, `t_taskStatus`, `t_taskDueDate`, `t_taskPriorityName`, `t_taskPriorityNumber`, `t_taskRepeat`, `t_taskExplanation`, `t_taskDependence`, `t_generalTask_idt_generalTask`, `t_taskEnd`, `t_taskUserCreated`, `t_taskUserName`, `t_taskChecked`, `t_taskUserChecked`, `t_taskUserNameChecked`, `t_taskRepeatMode`, `t_taskIsMain`, `t_taskCPContact`, `t_taskCTelefono`, `t_taskCEmail`, `t_taskRequiredValidation`, `t_taskDirectory`, `t_taskValidated`, `t_taskUserValidated`, `t_taskUserNameValidated`) VALUES(22, 'Contrato con Pedro Perez', '2018-07-17 14:25:16', NULL, NULL, NULL, 0, NULL, NULL, NULL, 20, NULL, 1, 'carlos Hernandez', NULL, NULL, NULL, NULL, 1, NULL, NULL, NULL, 0, 'K:\\Campinas De Proyectos, SL\\2018\\2018_Bancos\\2018_Pool Bancario', NULL, NULL, NULL);
INSERT INTO `t_task` (`idt_task`, `t_taskTitle`, `t_taskDateCreated`, `t_taskStatus`, `t_taskDueDate`, `t_taskPriorityName`, `t_taskPriorityNumber`, `t_taskRepeat`, `t_taskExplanation`, `t_taskDependence`, `t_generalTask_idt_generalTask`, `t_taskEnd`, `t_taskUserCreated`, `t_taskUserName`, `t_taskChecked`, `t_taskUserChecked`, `t_taskUserNameChecked`, `t_taskRepeatMode`, `t_taskIsMain`, `t_taskCPContact`, `t_taskCTelefono`, `t_taskCEmail`, `t_taskRequiredValidation`, `t_taskDirectory`, `t_taskValidated`, `t_taskUserValidated`, `t_taskUserNameValidated`) VALUES(23, 'CAMBIO DE GESTORÍA DE CLIENTE PEPE', '2018-07-26 16:44:33', NULL, '2018-07-28 00:00:00', NULL, 1, NULL, '<p>Contenido de Subtarea 1</p>', NULL, 21, NULL, 1, 'Carlos Hernandez', NULL, NULL, NULL, NULL, 1, NULL, NULL, NULL, 0, NULL, NULL, NULL, NULL);
INSERT INTO `t_task` (`idt_task`, `t_taskTitle`, `t_taskDateCreated`, `t_taskStatus`, `t_taskDueDate`, `t_taskPriorityName`, `t_taskPriorityNumber`, `t_taskRepeat`, `t_taskExplanation`, `t_taskDependence`, `t_generalTask_idt_generalTask`, `t_taskEnd`, `t_taskUserCreated`, `t_taskUserName`, `t_taskChecked`, `t_taskUserChecked`, `t_taskUserNameChecked`, `t_taskRepeatMode`, `t_taskIsMain`, `t_taskCPContact`, `t_taskCTelefono`, `t_taskCEmail`, `t_taskRequiredValidation`, `t_taskDirectory`, `t_taskValidated`, `t_taskUserValidated`, `t_taskUserNameValidated`) VALUES(24, 'Luis Reyes y Carlos Hernández', '2018-07-26 17:05:25', NULL, NULL, NULL, 0, NULL, NULL, NULL, 22, NULL, 1, 'Carlos Hernandez', NULL, NULL, NULL, NULL, 1, NULL, NULL, NULL, 0, NULL, NULL, NULL, NULL);

-- --------------------------------------------------------

--
-- Estructura de tabla para la tabla `t_taskassigned`
--

CREATE TABLE `t_taskassigned` (
  `idt_taskAssigned` int(11) NOT NULL,
  `t_task_idt_task` int(11) DEFAULT NULL,
  `t_usuarios_idt_usuarios` int(11) NOT NULL,
  `t_taskAssignedType` varchar(45) DEFAULT 'Does' COMMENT 'usamos este campo para controlar si es usuario Realiza o Verifica ',
  `t_taskAssignedUserName` varchar(45) DEFAULT NULL,
  `t_taskAssignedDate` datetime DEFAULT NULL,
  `t_generalTask_idt_generalTask` int(11) DEFAULT NULL
) ENGINE=InnoDB DEFAULT CHARSET=utf8;

--
-- Volcado de datos para la tabla `t_taskassigned`
--

INSERT INTO `t_taskassigned` (`idt_taskAssigned`, `t_task_idt_task`, `t_usuarios_idt_usuarios`, `t_taskAssignedType`, `t_taskAssignedUserName`, `t_taskAssignedDate`, `t_generalTask_idt_generalTask`) VALUES(1, 1, 1, 'Realiza', 'carlos Hernandez', '2018-06-27 00:36:15', NULL);
INSERT INTO `t_taskassigned` (`idt_taskAssigned`, `t_task_idt_task`, `t_usuarios_idt_usuarios`, `t_taskAssignedType`, `t_taskAssignedUserName`, `t_taskAssignedDate`, `t_generalTask_idt_generalTask`) VALUES(2, 2, 1, 'Realiza', 'carlos Hernandez', '2018-06-27 00:37:26', NULL);
INSERT INTO `t_taskassigned` (`idt_taskAssigned`, `t_task_idt_task`, `t_usuarios_idt_usuarios`, `t_taskAssignedType`, `t_taskAssignedUserName`, `t_taskAssignedDate`, `t_generalTask_idt_generalTask`) VALUES(3, 3, 1, 'Realiza', 'carlos Hernandez', '2018-06-27 00:40:26', NULL);
INSERT INTO `t_taskassigned` (`idt_taskAssigned`, `t_task_idt_task`, `t_usuarios_idt_usuarios`, `t_taskAssignedType`, `t_taskAssignedUserName`, `t_taskAssignedDate`, `t_generalTask_idt_generalTask`) VALUES(5, 5, 1, 'Realiza', 'carlos Hernandez', '2018-06-27 07:59:31', NULL);
INSERT INTO `t_taskassigned` (`idt_taskAssigned`, `t_task_idt_task`, `t_usuarios_idt_usuarios`, `t_taskAssignedType`, `t_taskAssignedUserName`, `t_taskAssignedDate`, `t_generalTask_idt_generalTask`) VALUES(6, 6, 1, 'Realiza', 'carlos Hernandez', '2018-06-28 07:02:14', NULL);
INSERT INTO `t_taskassigned` (`idt_taskAssigned`, `t_task_idt_task`, `t_usuarios_idt_usuarios`, `t_taskAssignedType`, `t_taskAssignedUserName`, `t_taskAssignedDate`, `t_generalTask_idt_generalTask`) VALUES(7, 7, 1, 'Realiza', 'carlos Hernandez', '2018-06-28 10:22:18', NULL);
INSERT INTO `t_taskassigned` (`idt_taskAssigned`, `t_task_idt_task`, `t_usuarios_idt_usuarios`, `t_taskAssignedType`, `t_taskAssignedUserName`, `t_taskAssignedDate`, `t_generalTask_idt_generalTask`) VALUES(9, 4, 1, 'Realiza', 'carlos Hernandez', '2018-06-29 02:58:46', NULL);
INSERT INTO `t_taskassigned` (`idt_taskAssigned`, `t_task_idt_task`, `t_usuarios_idt_usuarios`, `t_taskAssignedType`, `t_taskAssignedUserName`, `t_taskAssignedDate`, `t_generalTask_idt_generalTask`) VALUES(10, 8, 1, 'Realiza', 'carlos Hernandez', '2018-06-29 07:23:13', NULL);
INSERT INTO `t_taskassigned` (`idt_taskAssigned`, `t_task_idt_task`, `t_usuarios_idt_usuarios`, `t_taskAssignedType`, `t_taskAssignedUserName`, `t_taskAssignedDate`, `t_generalTask_idt_generalTask`) VALUES(11, NULL, 1, 'Realiza', 'carlos Hernandez', '2018-07-02 00:25:56', 11);
INSERT INTO `t_taskassigned` (`idt_taskAssigned`, `t_task_idt_task`, `t_usuarios_idt_usuarios`, `t_taskAssignedType`, `t_taskAssignedUserName`, `t_taskAssignedDate`, `t_generalTask_idt_generalTask`) VALUES(12, NULL, 13, 'Realiza', 'José Antonio Martín Herrera', '2018-07-05 22:56:08', 13);
INSERT INTO `t_taskassigned` (`idt_taskAssigned`, `t_task_idt_task`, `t_usuarios_idt_usuarios`, `t_taskAssignedType`, `t_taskAssignedUserName`, `t_taskAssignedDate`, `t_generalTask_idt_generalTask`) VALUES(14, 9, 1, 'Realiza', 'carlos Hernandez', '2018-07-05 22:57:40', NULL);
INSERT INTO `t_taskassigned` (`idt_taskAssigned`, `t_task_idt_task`, `t_usuarios_idt_usuarios`, `t_taskAssignedType`, `t_taskAssignedUserName`, `t_taskAssignedDate`, `t_generalTask_idt_generalTask`) VALUES(15, 9, 13, 'Realiza', 'José Antonio Martín Herrera', '2018-07-05 22:57:44', NULL);
INSERT INTO `t_taskassigned` (`idt_taskAssigned`, `t_task_idt_task`, `t_usuarios_idt_usuarios`, `t_taskAssignedType`, `t_taskAssignedUserName`, `t_taskAssignedDate`, `t_generalTask_idt_generalTask`) VALUES(18, 12, 1, 'Realiza', 'carlos Hernandez', '2018-07-10 17:10:24', NULL);
INSERT INTO `t_taskassigned` (`idt_taskAssigned`, `t_task_idt_task`, `t_usuarios_idt_usuarios`, `t_taskAssignedType`, `t_taskAssignedUserName`, `t_taskAssignedDate`, `t_generalTask_idt_generalTask`) VALUES(19, 12, 13, 'Valida', 'José Antonio Martín Herrera', '2018-07-10 17:10:25', NULL);
INSERT INTO `t_taskassigned` (`idt_taskAssigned`, `t_task_idt_task`, `t_usuarios_idt_usuarios`, `t_taskAssignedType`, `t_taskAssignedUserName`, `t_taskAssignedDate`, `t_generalTask_idt_generalTask`) VALUES(20, 12, 13, 'Valida', 'José Antonio Martín Herrera', '2018-07-10 17:10:27', NULL);
INSERT INTO `t_taskassigned` (`idt_taskAssigned`, `t_task_idt_task`, `t_usuarios_idt_usuarios`, `t_taskAssignedType`, `t_taskAssignedUserName`, `t_taskAssignedDate`, `t_generalTask_idt_generalTask`) VALUES(21, 13, 13, 'Realiza', 'José Antonio Martín Herrera', '2018-07-10 17:12:47', NULL);
INSERT INTO `t_taskassigned` (`idt_taskAssigned`, `t_task_idt_task`, `t_usuarios_idt_usuarios`, `t_taskAssignedType`, `t_taskAssignedUserName`, `t_taskAssignedDate`, `t_generalTask_idt_generalTask`) VALUES(26, 10, 1, 'Realiza', 'carlos Hernandez', '2018-07-11 17:11:43', NULL);
INSERT INTO `t_taskassigned` (`idt_taskAssigned`, `t_task_idt_task`, `t_usuarios_idt_usuarios`, `t_taskAssignedType`, `t_taskAssignedUserName`, `t_taskAssignedDate`, `t_generalTask_idt_generalTask`) VALUES(27, 10, 13, 'Realiza', 'José Antonio Martín Herrera', '2018-07-11 17:11:44', NULL);
INSERT INTO `t_taskassigned` (`idt_taskAssigned`, `t_task_idt_task`, `t_usuarios_idt_usuarios`, `t_taskAssignedType`, `t_taskAssignedUserName`, `t_taskAssignedDate`, `t_generalTask_idt_generalTask`) VALUES(28, 10, 13, 'Realiza', 'José Antonio Martín Herrera', '2018-07-11 17:11:46', NULL);
INSERT INTO `t_taskassigned` (`idt_taskAssigned`, `t_task_idt_task`, `t_usuarios_idt_usuarios`, `t_taskAssignedType`, `t_taskAssignedUserName`, `t_taskAssignedDate`, `t_generalTask_idt_generalTask`) VALUES(29, 14, 13, 'CC', 'José Antonio Martín Herrera', '2018-07-12 11:35:26', NULL);
INSERT INTO `t_taskassigned` (`idt_taskAssigned`, `t_task_idt_task`, `t_usuarios_idt_usuarios`, `t_taskAssignedType`, `t_taskAssignedUserName`, `t_taskAssignedDate`, `t_generalTask_idt_generalTask`) VALUES(30, 19, 13, 'Realiza', 'José Antonio Martín Herrera', '2018-07-12 12:35:35', NULL);
INSERT INTO `t_taskassigned` (`idt_taskAssigned`, `t_task_idt_task`, `t_usuarios_idt_usuarios`, `t_taskAssignedType`, `t_taskAssignedUserName`, `t_taskAssignedDate`, `t_generalTask_idt_generalTask`) VALUES(31, 15, 1, 'Valida', 'carlos Hernandez', '2018-07-22 17:45:27', NULL);
INSERT INTO `t_taskassigned` (`idt_taskAssigned`, `t_task_idt_task`, `t_usuarios_idt_usuarios`, `t_taskAssignedType`, `t_taskAssignedUserName`, `t_taskAssignedDate`, `t_generalTask_idt_generalTask`) VALUES(32, 15, 13, 'Realiza', 'José Antonio Martín Herrera', '2018-07-22 17:45:27', NULL);
INSERT INTO `t_taskassigned` (`idt_taskAssigned`, `t_task_idt_task`, `t_usuarios_idt_usuarios`, `t_taskAssignedType`, `t_taskAssignedUserName`, `t_taskAssignedDate`, `t_generalTask_idt_generalTask`) VALUES(33, 22, 1, 'Realiza', 'Carlos Hernandez', '2018-07-23 18:24:27', NULL);
INSERT INTO `t_taskassigned` (`idt_taskAssigned`, `t_task_idt_task`, `t_usuarios_idt_usuarios`, `t_taskAssignedType`, `t_taskAssignedUserName`, `t_taskAssignedDate`, `t_generalTask_idt_generalTask`) VALUES(36, 23, 14, 'Realiza', 'Fátima Paredes', '2018-07-26 16:47:14', NULL);
INSERT INTO `t_taskassigned` (`idt_taskAssigned`, `t_task_idt_task`, `t_usuarios_idt_usuarios`, `t_taskAssignedType`, `t_taskAssignedUserName`, `t_taskAssignedDate`, `t_generalTask_idt_generalTask`) VALUES(37, 23, 5, 'Realiza', 'Lara Pinto', '2018-07-26 16:47:14', NULL);

-- --------------------------------------------------------

--
-- Estructura de tabla para la tabla `t_taskcomments`
--

CREATE TABLE `t_taskcomments` (
  `idt_taskComments` int(11) NOT NULL,
  `t_taskCommentsText` text,
  `t_task_idt_task` int(11) DEFAULT NULL,
  `t_usuarios_idt_usuarios` int(11) NOT NULL,
  `t_taskCommentsUserName` varchar(45) DEFAULT NULL,
  `t_taskCommentsDate` datetime DEFAULT NULL,
  `t_generalTask_idt_generalTask` int(11) DEFAULT NULL
) ENGINE=InnoDB DEFAULT CHARSET=utf8;

--
-- Volcado de datos para la tabla `t_taskcomments`
--

INSERT INTO `t_taskcomments` (`idt_taskComments`, `t_taskCommentsText`, `t_task_idt_task`, `t_usuarios_idt_usuarios`, `t_taskCommentsUserName`, `t_taskCommentsDate`, `t_generalTask_idt_generalTask`) VALUES(1, 'anotacion 1', 14, 13, 'José Antonio Martín Herrera', '2018-07-12 11:36:36', NULL);
INSERT INTO `t_taskcomments` (`idt_taskComments`, `t_taskCommentsText`, `t_task_idt_task`, `t_usuarios_idt_usuarios`, `t_taskCommentsUserName`, `t_taskCommentsDate`, `t_generalTask_idt_generalTask`) VALUES(2, 'Anotacion 1', 8, 1, 'carlos Hernandez', '2018-07-16 01:44:06', NULL);
INSERT INTO `t_taskcomments` (`idt_taskComments`, `t_taskCommentsText`, `t_task_idt_task`, `t_usuarios_idt_usuarios`, `t_taskCommentsUserName`, `t_taskCommentsDate`, `t_generalTask_idt_generalTask`) VALUES(3, 'pUEBA  DE ANOTACION 1', 22, 1, 'carlos Hernandez', '2018-07-17 14:29:57', NULL);
INSERT INTO `t_taskcomments` (`idt_taskComments`, `t_taskCommentsText`, `t_task_idt_task`, `t_usuarios_idt_usuarios`, `t_taskCommentsUserName`, `t_taskCommentsDate`, `t_generalTask_idt_generalTask`) VALUES(4, NULL, 15, 1, 'carlos Hernandez', '2018-07-25 12:57:58', NULL);
INSERT INTO `t_taskcomments` (`idt_taskComments`, `t_taskCommentsText`, `t_task_idt_task`, `t_usuarios_idt_usuarios`, `t_taskCommentsUserName`, `t_taskCommentsDate`, `t_generalTask_idt_generalTask`) VALUES(5, NULL, 23, 1, 'Carlos Hernandez', '2018-07-26 16:50:09', NULL);
INSERT INTO `t_taskcomments` (`idt_taskComments`, `t_taskCommentsText`, `t_task_idt_task`, `t_usuarios_idt_usuarios`, `t_taskCommentsUserName`, `t_taskCommentsDate`, `t_generalTask_idt_generalTask`) VALUES(6, 'asdfasdfasd', 23, 1, 'Carlos Hernandez', '2018-07-26 16:51:51', NULL);
INSERT INTO `t_taskcomments` (`idt_taskComments`, `t_taskCommentsText`, `t_task_idt_task`, `t_usuarios_idt_usuarios`, `t_taskCommentsUserName`, `t_taskCommentsDate`, `t_generalTask_idt_generalTask`) VALUES(7, NULL, 23, 1, 'Carlos Hernandez', '2018-07-26 16:55:15', NULL);
INSERT INTO `t_taskcomments` (`idt_taskComments`, `t_taskCommentsText`, `t_task_idt_task`, `t_usuarios_idt_usuarios`, `t_taskCommentsUserName`, `t_taskCommentsDate`, `t_generalTask_idt_generalTask`) VALUES(8, NULL, 15, 1, 'Carlos Hernandez', '2018-07-27 09:32:43', NULL);
INSERT INTO `t_taskcomments` (`idt_taskComments`, `t_taskCommentsText`, `t_task_idt_task`, `t_usuarios_idt_usuarios`, `t_taskCommentsUserName`, `t_taskCommentsDate`, `t_generalTask_idt_generalTask`) VALUES(9, 'ssdasdasd', 24, 1, 'Carlos Hernandez', '2018-07-27 09:37:08', NULL);
INSERT INTO `t_taskcomments` (`idt_taskComments`, `t_taskCommentsText`, `t_task_idt_task`, `t_usuarios_idt_usuarios`, `t_taskCommentsUserName`, `t_taskCommentsDate`, `t_generalTask_idt_generalTask`) VALUES(10, 'hola', 19, 1, 'Carlos Hernandez', '2018-07-27 10:06:23', NULL);
INSERT INTO `t_taskcomments` (`idt_taskComments`, `t_taskCommentsText`, `t_task_idt_task`, `t_usuarios_idt_usuarios`, `t_taskCommentsUserName`, `t_taskCommentsDate`, `t_generalTask_idt_generalTask`) VALUES(11, 'hola2', 19, 1, 'Carlos Hernandez', '2018-07-27 10:08:46', NULL);

-- --------------------------------------------------------

--
-- Estructura de tabla para la tabla `t_usuarios`
--

CREATE TABLE `t_usuarios` (
  `idt_usuarios` int(11) NOT NULL,
  `t_usuariosReferencia` varchar(45) NOT NULL,
  `t_usuariosNombre` varchar(45) DEFAULT NULL,
  `t_usuariosApellido` varchar(45) DEFAULT NULL,
  `t_oficinas_idt_oficinas` int(11) DEFAULT NULL,
  `t_usuariosNif` varchar(45) DEFAULT NULL,
  `t_usuariosLogin` varchar(45) DEFAULT NULL,
  `t_usuariosPassword` varchar(45) DEFAULT NULL,
  `t_usuariosNombreCompletoPDF` varchar(45) DEFAULT NULL,
  `t_usuariosNifPDF` varchar(45) DEFAULT NULL,
  `t_usuariosEmail` text,
  `t_usuariosDireccion` text,
  `t_department_idt_department` int(11) DEFAULT NULL
) ENGINE=InnoDB DEFAULT CHARSET=utf8;

--
-- Volcado de datos para la tabla `t_usuarios`
--

INSERT INTO `t_usuarios` (`idt_usuarios`, `t_usuariosReferencia`, `t_usuariosNombre`, `t_usuariosApellido`, `t_oficinas_idt_oficinas`, `t_usuariosNif`, `t_usuariosLogin`, `t_usuariosPassword`, `t_usuariosNombreCompletoPDF`, `t_usuariosNifPDF`, `t_usuariosEmail`, `t_usuariosDireccion`, `t_department_idt_department`) VALUES(1, 'c.j', 'Carlos', 'Hernandez', 1, NULL, 'c', 'j', '', NULL, 'cjhc.hernandez@gmail.com', NULL, NULL);
INSERT INTO `t_usuarios` (`idt_usuarios`, `t_usuariosReferencia`, `t_usuariosNombre`, `t_usuariosApellido`, `t_oficinas_idt_oficinas`, `t_usuariosNif`, `t_usuariosLogin`, `t_usuariosPassword`, `t_usuariosNombreCompletoPDF`, `t_usuariosNifPDF`, `t_usuariosEmail`, `t_usuariosDireccion`, `t_department_idt_department`) VALUES(2, 'maria', 'Maria', 'Martin', 2, NULL, NULL, NULL, NULL, NULL, 'maria@mhf.es', NULL, NULL);
INSERT INTO `t_usuarios` (`idt_usuarios`, `t_usuariosReferencia`, `t_usuariosNombre`, `t_usuariosApellido`, `t_oficinas_idt_oficinas`, `t_usuariosNif`, `t_usuariosLogin`, `t_usuariosPassword`, `t_usuariosNombreCompletoPDF`, `t_usuariosNifPDF`, `t_usuariosEmail`, `t_usuariosDireccion`, `t_department_idt_department`) VALUES(3, 'mariajose', 'María', 'José', 2, NULL, NULL, NULL, NULL, NULL, 'maria.jose@mhf.es', NULL, NULL);
INSERT INTO `t_usuarios` (`idt_usuarios`, `t_usuariosReferencia`, `t_usuariosNombre`, `t_usuariosApellido`, `t_oficinas_idt_oficinas`, `t_usuariosNif`, `t_usuariosLogin`, `t_usuariosPassword`, `t_usuariosNombreCompletoPDF`, `t_usuariosNifPDF`, `t_usuariosEmail`, `t_usuariosDireccion`, `t_department_idt_department`) VALUES(4, 'celia.agudo', 'Celia', 'Agudo', 3, NULL, NULL, NULL, NULL, NULL, 'celia.agudo@mhf.es', NULL, NULL);
INSERT INTO `t_usuarios` (`idt_usuarios`, `t_usuariosReferencia`, `t_usuariosNombre`, `t_usuariosApellido`, `t_oficinas_idt_oficinas`, `t_usuariosNif`, `t_usuariosLogin`, `t_usuariosPassword`, `t_usuariosNombreCompletoPDF`, `t_usuariosNifPDF`, `t_usuariosEmail`, `t_usuariosDireccion`, `t_department_idt_department`) VALUES(5, 'lara.pinto', 'Lara', 'Pinto', 3, NULL, NULL, NULL, NULL, NULL, 'lara.pinto@mhf.es', NULL, NULL);
INSERT INTO `t_usuarios` (`idt_usuarios`, `t_usuariosReferencia`, `t_usuariosNombre`, `t_usuariosApellido`, `t_oficinas_idt_oficinas`, `t_usuariosNif`, `t_usuariosLogin`, `t_usuariosPassword`, `t_usuariosNombreCompletoPDF`, `t_usuariosNifPDF`, `t_usuariosEmail`, `t_usuariosDireccion`, `t_department_idt_department`) VALUES(6, 'gretel.mas', 'Gretel', 'Mas', 3, NULL, NULL, NULL, NULL, NULL, 'gretel.mas@mhf.es', NULL, NULL);
INSERT INTO `t_usuarios` (`idt_usuarios`, `t_usuariosReferencia`, `t_usuariosNombre`, `t_usuariosApellido`, `t_oficinas_idt_oficinas`, `t_usuariosNif`, `t_usuariosLogin`, `t_usuariosPassword`, `t_usuariosNombreCompletoPDF`, `t_usuariosNifPDF`, `t_usuariosEmail`, `t_usuariosDireccion`, `t_department_idt_department`) VALUES(7, 'lara.delatorre', 'Lara', 'De La Torre', 5, NULL, NULL, NULL, NULL, NULL, 'lara.delatorre@mhf.es', NULL, NULL);
INSERT INTO `t_usuarios` (`idt_usuarios`, `t_usuariosReferencia`, `t_usuariosNombre`, `t_usuariosApellido`, `t_oficinas_idt_oficinas`, `t_usuariosNif`, `t_usuariosLogin`, `t_usuariosPassword`, `t_usuariosNombreCompletoPDF`, `t_usuariosNifPDF`, `t_usuariosEmail`, `t_usuariosDireccion`, `t_department_idt_department`) VALUES(8, 'adrian.pantoja', 'Adrian', 'Pantoja', 5, NULL, NULL, NULL, NULL, NULL, 'adrian.pantoja@mhf.es', NULL, NULL);
INSERT INTO `t_usuarios` (`idt_usuarios`, `t_usuariosReferencia`, `t_usuariosNombre`, `t_usuariosApellido`, `t_oficinas_idt_oficinas`, `t_usuariosNif`, `t_usuariosLogin`, `t_usuariosPassword`, `t_usuariosNombreCompletoPDF`, `t_usuariosNifPDF`, `t_usuariosEmail`, `t_usuariosDireccion`, `t_department_idt_department`) VALUES(9, 'eva', 'Eva', 'Pico', 5, NULL, NULL, NULL, NULL, NULL, 'eva@mhf.es', NULL, NULL);
INSERT INTO `t_usuarios` (`idt_usuarios`, `t_usuariosReferencia`, `t_usuariosNombre`, `t_usuariosApellido`, `t_oficinas_idt_oficinas`, `t_usuariosNif`, `t_usuariosLogin`, `t_usuariosPassword`, `t_usuariosNombreCompletoPDF`, `t_usuariosNifPDF`, `t_usuariosEmail`, `t_usuariosDireccion`, `t_department_idt_department`) VALUES(10, 'teresa', 'Teresa', 'Madrid', 4, NULL, NULL, NULL, NULL, NULL, 'teresa@mhf.es', NULL, NULL);
INSERT INTO `t_usuarios` (`idt_usuarios`, `t_usuariosReferencia`, `t_usuariosNombre`, `t_usuariosApellido`, `t_oficinas_idt_oficinas`, `t_usuariosNif`, `t_usuariosLogin`, `t_usuariosPassword`, `t_usuariosNombreCompletoPDF`, `t_usuariosNifPDF`, `t_usuariosEmail`, `t_usuariosDireccion`, `t_department_idt_department`) VALUES(11, 'rocio.calvo', 'Rocio', 'Calvo', 4, NULL, NULL, NULL, NULL, NULL, 'rocio.calvo@mhf.es', NULL, NULL);
INSERT INTO `t_usuarios` (`idt_usuarios`, `t_usuariosReferencia`, `t_usuariosNombre`, `t_usuariosApellido`, `t_oficinas_idt_oficinas`, `t_usuariosNif`, `t_usuariosLogin`, `t_usuariosPassword`, `t_usuariosNombreCompletoPDF`, `t_usuariosNifPDF`, `t_usuariosEmail`, `t_usuariosDireccion`, `t_department_idt_department`) VALUES(12, 'ana.diaz', 'Ana', 'Diaz', 2, NULL, NULL, NULL, NULL, NULL, 'ana.diaz@mhf.es', NULL, NULL);
INSERT INTO `t_usuarios` (`idt_usuarios`, `t_usuariosReferencia`, `t_usuariosNombre`, `t_usuariosApellido`, `t_oficinas_idt_oficinas`, `t_usuariosNif`, `t_usuariosLogin`, `t_usuariosPassword`, `t_usuariosNombreCompletoPDF`, `t_usuariosNifPDF`, `t_usuariosEmail`, `t_usuariosDireccion`, `t_department_idt_department`) VALUES(13, 'jose_hm', 'José Antonio', 'Martín Herrera', 2, '52501789B', 'jose.antonio', '5054', 'José Antonio Martín Herrera', '52501789B', 'luis.reyes@mhf.es', 'Calle Toledo 38, Getafe.', NULL);
INSERT INTO `t_usuarios` (`idt_usuarios`, `t_usuariosReferencia`, `t_usuariosNombre`, `t_usuariosApellido`, `t_oficinas_idt_oficinas`, `t_usuariosNif`, `t_usuariosLogin`, `t_usuariosPassword`, `t_usuariosNombreCompletoPDF`, `t_usuariosNifPDF`, `t_usuariosEmail`, `t_usuariosDireccion`, `t_department_idt_department`) VALUES(14, 'fatima', 'Fátima', 'Paredes', 3, '46548798X', 'fatima', '5054', 'José Antonio Martín Herrera', '52501789B', 'luisroreyes@gmail.com', NULL, NULL);

-- --------------------------------------------------------

--
-- Estructura de tabla para la tabla `t_usuarios_has_t_permisos`
--

CREATE TABLE `t_usuarios_has_t_permisos` (
  `t_usuarios_idt_usuarios` int(11) NOT NULL,
  `t_permisos_idt_permisos` int(11) NOT NULL
) ENGINE=InnoDB DEFAULT CHARSET=utf8;

--
-- Volcado de datos para la tabla `t_usuarios_has_t_permisos`
--

INSERT INTO `t_usuarios_has_t_permisos` (`t_usuarios_idt_usuarios`, `t_permisos_idt_permisos`) VALUES(1, 1);
INSERT INTO `t_usuarios_has_t_permisos` (`t_usuarios_idt_usuarios`, `t_permisos_idt_permisos`) VALUES(1, 2);
INSERT INTO `t_usuarios_has_t_permisos` (`t_usuarios_idt_usuarios`, `t_permisos_idt_permisos`) VALUES(1, 3);
INSERT INTO `t_usuarios_has_t_permisos` (`t_usuarios_idt_usuarios`, `t_permisos_idt_permisos`) VALUES(1, 4);
INSERT INTO `t_usuarios_has_t_permisos` (`t_usuarios_idt_usuarios`, `t_permisos_idt_permisos`) VALUES(1, 5);
INSERT INTO `t_usuarios_has_t_permisos` (`t_usuarios_idt_usuarios`, `t_permisos_idt_permisos`) VALUES(1, 6);
INSERT INTO `t_usuarios_has_t_permisos` (`t_usuarios_idt_usuarios`, `t_permisos_idt_permisos`) VALUES(1, 7);
INSERT INTO `t_usuarios_has_t_permisos` (`t_usuarios_idt_usuarios`, `t_permisos_idt_permisos`) VALUES(1, 8);
INSERT INTO `t_usuarios_has_t_permisos` (`t_usuarios_idt_usuarios`, `t_permisos_idt_permisos`) VALUES(2, 3);
INSERT INTO `t_usuarios_has_t_permisos` (`t_usuarios_idt_usuarios`, `t_permisos_idt_permisos`) VALUES(2, 4);
INSERT INTO `t_usuarios_has_t_permisos` (`t_usuarios_idt_usuarios`, `t_permisos_idt_permisos`) VALUES(13, 1);
INSERT INTO `t_usuarios_has_t_permisos` (`t_usuarios_idt_usuarios`, `t_permisos_idt_permisos`) VALUES(13, 2);
INSERT INTO `t_usuarios_has_t_permisos` (`t_usuarios_idt_usuarios`, `t_permisos_idt_permisos`) VALUES(13, 3);
INSERT INTO `t_usuarios_has_t_permisos` (`t_usuarios_idt_usuarios`, `t_permisos_idt_permisos`) VALUES(13, 4);
INSERT INTO `t_usuarios_has_t_permisos` (`t_usuarios_idt_usuarios`, `t_permisos_idt_permisos`) VALUES(13, 5);
INSERT INTO `t_usuarios_has_t_permisos` (`t_usuarios_idt_usuarios`, `t_permisos_idt_permisos`) VALUES(13, 7);
INSERT INTO `t_usuarios_has_t_permisos` (`t_usuarios_idt_usuarios`, `t_permisos_idt_permisos`) VALUES(13, 8);
INSERT INTO `t_usuarios_has_t_permisos` (`t_usuarios_idt_usuarios`, `t_permisos_idt_permisos`) VALUES(14, 3);
INSERT INTO `t_usuarios_has_t_permisos` (`t_usuarios_idt_usuarios`, `t_permisos_idt_permisos`) VALUES(14, 4);
INSERT INTO `t_usuarios_has_t_permisos` (`t_usuarios_idt_usuarios`, `t_permisos_idt_permisos`) VALUES(14, 5);

--
-- Índices para tablas volcadas
--

--
-- Indices de la tabla `tb_anotaciones`
--
ALTER TABLE `tb_anotaciones`
  ADD PRIMARY KEY (`idtb_anotaciones`),
  ADD KEY `fk_tb_anotaciones_t_impuestoDeclaracion1_idx` (`t_impuestoDeclaracion_idt_impuestoDeclaracion`),
  ADD KEY `fk_tb_anotaciones_t_usuarios1_idx` (`t_usuarios_idt_usuarios`);

--
-- Indices de la tabla `t_clientes`
--
ALTER TABLE `t_clientes`
  ADD PRIMARY KEY (`idt_clientes`),
  ADD KEY `fk_t_clientes_t_usuarios_idx` (`t_usuarios_idt_usuarios_CreadoPor`);

--
-- Indices de la tabla `t_department`
--
ALTER TABLE `t_department`
  ADD PRIMARY KEY (`idt_department`);

--
-- Indices de la tabla `t_file`
--
ALTER TABLE `t_file`
  ADD PRIMARY KEY (`idt_file`);

--
-- Indices de la tabla `t_file_has_t_task`
--
ALTER TABLE `t_file_has_t_task`
  ADD PRIMARY KEY (`t_file_idt_file`,`t_task_idt_task`),
  ADD KEY `fk_t_file_has_t_task_t_task1_idx` (`t_task_idt_task`),
  ADD KEY `fk_t_file_has_t_task_t_file1_idx` (`t_file_idt_file`);

--
-- Indices de la tabla `t_generaltask`
--
ALTER TABLE `t_generaltask`
  ADD PRIMARY KEY (`idt_generalTask`),
  ADD KEY `fk_t_generalTask_t_clientes1_idx` (`t_clientes_idt_clientes`),
  ADD KEY `fk_t_generalTask_t_usuarios1_idx` (`t_usuarios_idt_usuarios`),
  ADD KEY `fk_t_generalTask_t_oficinas1_idx` (`t_oficinas_idt_oficinas`);

--
-- Indices de la tabla `t_impuestodeclaracion`
--
ALTER TABLE `t_impuestodeclaracion`
  ADD PRIMARY KEY (`idt_impuestoDeclaracion`),
  ADD KEY `fk_t_impuestoResultado_t_clientes1_idx` (`declarante_1`),
  ADD KEY `fk_t_impuestoDeclaracion_t_usuarios1_idx` (`t_usuarios_idt_usuarios`);

--
-- Indices de la tabla `t_impuestodeclaracionrespuesta`
--
ALTER TABLE `t_impuestodeclaracionrespuesta`
  ADD PRIMARY KEY (`idt_impuestoDeclaracionRespuesta`),
  ADD KEY `fk_t_impuestoDeclaracionRespuesta_t_impuestoDeclaracion1_idx` (`t_impuestoDeclaracion_idt_impuestoDeclaracion`),
  ADD KEY `fk_t_impuestoDeclaracionRespuesta_t_impuestoPreguntas1_idx` (`t_impuestoPreguntas_idt_impuestoPreguntas`);

--
-- Indices de la tabla `t_impuestohasfile`
--
ALTER TABLE `t_impuestohasfile`
  ADD PRIMARY KEY (`idt_impuestoHasFile`),
  ADD KEY `fk_t_impuestoHasFile_t_file1_idx` (`t_file_idt_file`),
  ADD KEY `fk_t_impuestoHasFile_t_impuestoDeclaracion1_idx` (`t_impuestoDeclaracion_idt_impuestoDeclaracion`);

--
-- Indices de la tabla `t_impuestopreguntas`
--
ALTER TABLE `t_impuestopreguntas`
  ADD PRIMARY KEY (`idt_impuestoPreguntas`);

--
-- Indices de la tabla `t_oficinas`
--
ALTER TABLE `t_oficinas`
  ADD PRIMARY KEY (`idt_oficinas`);

--
-- Indices de la tabla `t_opcionespreguntas`
--
ALTER TABLE `t_opcionespreguntas`
  ADD PRIMARY KEY (`idt_opcionesPreguntas`),
  ADD KEY `fk_t_opcionesPreguntas_t_impuestoPreguntas1_idx` (`t_impuestoPreguntas_idt_impuestoPreguntas`);

--
-- Indices de la tabla `t_permisos`
--
ALTER TABLE `t_permisos`
  ADD PRIMARY KEY (`idt_permisos`);

--
-- Indices de la tabla `t_preguntas`
--
ALTER TABLE `t_preguntas`
  ADD PRIMARY KEY (`idt_preguntas`);

--
-- Indices de la tabla `t_presupuestorepuesta`
--
ALTER TABLE `t_presupuestorepuesta`
  ADD PRIMARY KEY (`idt_presupuestoRepuesta`),
  ADD KEY `fk_t_presupuestoRepuesta_t_presupestos1_idx` (`t_presupuestos_idt_presupuestos`),
  ADD KEY `fk_t_presupuestoRepuesta_t_preguntas1_idx` (`t_preguntas_idt_preguntas`);

--
-- Indices de la tabla `t_presupuestos`
--
ALTER TABLE `t_presupuestos`
  ADD PRIMARY KEY (`idt_presupuestos`),
  ADD KEY `fk_t_presupestos_t_clientes1_idx` (`t_clientes_idt_clientes`),
  ADD KEY `fk_t_presupuestos_t_oficinas1_idx` (`t_oficinas_idt_oficinas`),
  ADD KEY `fk_t_presupuestos_t_usuarios1_idx` (`t_usuarios_idt_usuarios`);

--
-- Indices de la tabla `t_presupuestosconceptos`
--
ALTER TABLE `t_presupuestosconceptos`
  ADD PRIMARY KEY (`idt_presupuestosConceptos`),
  ADD KEY `fk_t_presupuestosConceptos_t_presupuestos1_idx` (`t_presupuestos_idt_presupuestos`);

--
-- Indices de la tabla `t_task`
--
ALTER TABLE `t_task`
  ADD PRIMARY KEY (`idt_task`),
  ADD KEY `fk_t_task_t_task1_idx` (`t_taskDependence`),
  ADD KEY `fk_t_task_t_generalTask1_idx` (`t_generalTask_idt_generalTask`);

--
-- Indices de la tabla `t_taskassigned`
--
ALTER TABLE `t_taskassigned`
  ADD PRIMARY KEY (`idt_taskAssigned`),
  ADD KEY `fk_t_taskAssigned_t_task1_idx` (`t_task_idt_task`),
  ADD KEY `fk_t_taskAssigned_t_usuarios1_idx` (`t_usuarios_idt_usuarios`),
  ADD KEY `fk_t_taskAssigned_t_generalTask1_idx` (`t_generalTask_idt_generalTask`);

--
-- Indices de la tabla `t_taskcomments`
--
ALTER TABLE `t_taskcomments`
  ADD PRIMARY KEY (`idt_taskComments`),
  ADD KEY `fk_t_taskComments_t_task1_idx` (`t_task_idt_task`),
  ADD KEY `fk_t_taskComments_t_usuarios1_idx` (`t_usuarios_idt_usuarios`),
  ADD KEY `fk_t_taskComments_t_generalTask1_idx` (`t_generalTask_idt_generalTask`);

--
-- Indices de la tabla `t_usuarios`
--
ALTER TABLE `t_usuarios`
  ADD PRIMARY KEY (`idt_usuarios`),
  ADD KEY `fk_t_usuarios_t_oficinas_idx` (`t_oficinas_idt_oficinas`),
  ADD KEY `fk_t_usuarios_t_department1_idx` (`t_department_idt_department`);

--
-- Indices de la tabla `t_usuarios_has_t_permisos`
--
ALTER TABLE `t_usuarios_has_t_permisos`
  ADD PRIMARY KEY (`t_usuarios_idt_usuarios`,`t_permisos_idt_permisos`),
  ADD KEY `fk_t_usuarios_has_t_permisos_t_permisos1_idx` (`t_permisos_idt_permisos`),
  ADD KEY `fk_t_usuarios_has_t_permisos_t_usuarios1_idx` (`t_usuarios_idt_usuarios`);

--
-- AUTO_INCREMENT de las tablas volcadas
--

--
-- AUTO_INCREMENT de la tabla `tb_anotaciones`
--
ALTER TABLE `tb_anotaciones`
  MODIFY `idtb_anotaciones` int(11) NOT NULL AUTO_INCREMENT, AUTO_INCREMENT=11;

--
-- AUTO_INCREMENT de la tabla `t_clientes`
--
ALTER TABLE `t_clientes`
  MODIFY `idt_clientes` int(11) NOT NULL AUTO_INCREMENT, AUTO_INCREMENT=26;

--
-- AUTO_INCREMENT de la tabla `t_department`
--
ALTER TABLE `t_department`
  MODIFY `idt_department` int(11) NOT NULL AUTO_INCREMENT;

--
-- AUTO_INCREMENT de la tabla `t_file`
--
ALTER TABLE `t_file`
  MODIFY `idt_file` int(11) NOT NULL AUTO_INCREMENT, AUTO_INCREMENT=20;

--
-- AUTO_INCREMENT de la tabla `t_generaltask`
--
ALTER TABLE `t_generaltask`
  MODIFY `idt_generalTask` int(11) NOT NULL AUTO_INCREMENT, AUTO_INCREMENT=25;

--
-- AUTO_INCREMENT de la tabla `t_impuestodeclaracion`
--
ALTER TABLE `t_impuestodeclaracion`
  MODIFY `idt_impuestoDeclaracion` int(11) NOT NULL AUTO_INCREMENT, AUTO_INCREMENT=15;

--
-- AUTO_INCREMENT de la tabla `t_impuestodeclaracionrespuesta`
--
ALTER TABLE `t_impuestodeclaracionrespuesta`
  MODIFY `idt_impuestoDeclaracionRespuesta` int(11) NOT NULL AUTO_INCREMENT, AUTO_INCREMENT=406;

--
-- AUTO_INCREMENT de la tabla `t_impuestohasfile`
--
ALTER TABLE `t_impuestohasfile`
  MODIFY `idt_impuestoHasFile` int(11) NOT NULL AUTO_INCREMENT, AUTO_INCREMENT=10;

--
-- AUTO_INCREMENT de la tabla `t_impuestopreguntas`
--
ALTER TABLE `t_impuestopreguntas`
  MODIFY `idt_impuestoPreguntas` int(11) NOT NULL AUTO_INCREMENT, AUTO_INCREMENT=39;

--
-- AUTO_INCREMENT de la tabla `t_oficinas`
--
ALTER TABLE `t_oficinas`
  MODIFY `idt_oficinas` int(11) NOT NULL AUTO_INCREMENT, AUTO_INCREMENT=6;

--
-- AUTO_INCREMENT de la tabla `t_opcionespreguntas`
--
ALTER TABLE `t_opcionespreguntas`
  MODIFY `idt_opcionesPreguntas` int(11) NOT NULL AUTO_INCREMENT, AUTO_INCREMENT=297;

--
-- AUTO_INCREMENT de la tabla `t_permisos`
--
ALTER TABLE `t_permisos`
  MODIFY `idt_permisos` int(11) NOT NULL AUTO_INCREMENT, AUTO_INCREMENT=9;

--
-- AUTO_INCREMENT de la tabla `t_preguntas`
--
ALTER TABLE `t_preguntas`
  MODIFY `idt_preguntas` int(11) NOT NULL AUTO_INCREMENT, AUTO_INCREMENT=55;

--
-- AUTO_INCREMENT de la tabla `t_presupuestorepuesta`
--
ALTER TABLE `t_presupuestorepuesta`
  MODIFY `idt_presupuestoRepuesta` int(11) NOT NULL AUTO_INCREMENT, AUTO_INCREMENT=52;

--
-- AUTO_INCREMENT de la tabla `t_presupuestos`
--
ALTER TABLE `t_presupuestos`
  MODIFY `idt_presupuestos` int(11) NOT NULL AUTO_INCREMENT, AUTO_INCREMENT=12;

--
-- AUTO_INCREMENT de la tabla `t_presupuestosconceptos`
--
ALTER TABLE `t_presupuestosconceptos`
  MODIFY `idt_presupuestosConceptos` int(11) NOT NULL AUTO_INCREMENT, AUTO_INCREMENT=38;

--
-- AUTO_INCREMENT de la tabla `t_task`
--
ALTER TABLE `t_task`
  MODIFY `idt_task` int(11) NOT NULL AUTO_INCREMENT, AUTO_INCREMENT=25;

--
-- AUTO_INCREMENT de la tabla `t_taskassigned`
--
ALTER TABLE `t_taskassigned`
  MODIFY `idt_taskAssigned` int(11) NOT NULL AUTO_INCREMENT, AUTO_INCREMENT=38;

--
-- AUTO_INCREMENT de la tabla `t_taskcomments`
--
ALTER TABLE `t_taskcomments`
  MODIFY `idt_taskComments` int(11) NOT NULL AUTO_INCREMENT, AUTO_INCREMENT=12;

--
-- AUTO_INCREMENT de la tabla `t_usuarios`
--
ALTER TABLE `t_usuarios`
  MODIFY `idt_usuarios` int(11) NOT NULL AUTO_INCREMENT, AUTO_INCREMENT=15;

--
-- Restricciones para tablas volcadas
--

--
-- Filtros para la tabla `tb_anotaciones`
--
ALTER TABLE `tb_anotaciones`
  ADD CONSTRAINT `fk_tb_anotaciones_t_impuestoDeclaracion1` FOREIGN KEY (`t_impuestoDeclaracion_idt_impuestoDeclaracion`) REFERENCES `t_impuestodeclaracion` (`idt_impuestoDeclaracion`) ON DELETE CASCADE ON UPDATE NO ACTION,
  ADD CONSTRAINT `fk_tb_anotaciones_t_usuarios1` FOREIGN KEY (`t_usuarios_idt_usuarios`) REFERENCES `t_usuarios` (`idt_usuarios`) ON DELETE NO ACTION ON UPDATE NO ACTION;

--
-- Filtros para la tabla `t_clientes`
--
ALTER TABLE `t_clientes`
  ADD CONSTRAINT `fk_t_clientes_t_usuarios` FOREIGN KEY (`t_usuarios_idt_usuarios_CreadoPor`) REFERENCES `t_usuarios` (`idt_usuarios`) ON DELETE NO ACTION ON UPDATE NO ACTION;

--
-- Filtros para la tabla `t_file_has_t_task`
--
ALTER TABLE `t_file_has_t_task`
  ADD CONSTRAINT `fk_t_file_has_t_task_t_file1` FOREIGN KEY (`t_file_idt_file`) REFERENCES `t_file` (`idt_file`) ON DELETE NO ACTION ON UPDATE NO ACTION,
  ADD CONSTRAINT `fk_t_file_has_t_task_t_task1` FOREIGN KEY (`t_task_idt_task`) REFERENCES `t_task` (`idt_task`) ON DELETE NO ACTION ON UPDATE NO ACTION;

--
-- Filtros para la tabla `t_generaltask`
--
ALTER TABLE `t_generaltask`
  ADD CONSTRAINT `fk_t_generalTask_t_clientes1` FOREIGN KEY (`t_clientes_idt_clientes`) REFERENCES `t_clientes` (`idt_clientes`) ON DELETE NO ACTION ON UPDATE NO ACTION,
  ADD CONSTRAINT `fk_t_generalTask_t_oficinas1` FOREIGN KEY (`t_oficinas_idt_oficinas`) REFERENCES `t_oficinas` (`idt_oficinas`) ON DELETE NO ACTION ON UPDATE NO ACTION,
  ADD CONSTRAINT `fk_t_generalTask_t_usuarios1` FOREIGN KEY (`t_usuarios_idt_usuarios`) REFERENCES `t_usuarios` (`idt_usuarios`) ON DELETE NO ACTION ON UPDATE NO ACTION;

--
-- Filtros para la tabla `t_impuestodeclaracion`
--
ALTER TABLE `t_impuestodeclaracion`
  ADD CONSTRAINT `fk_t_impuestoDeclaracion_t_usuarios1` FOREIGN KEY (`t_usuarios_idt_usuarios`) REFERENCES `t_usuarios` (`idt_usuarios`) ON DELETE NO ACTION ON UPDATE NO ACTION,
  ADD CONSTRAINT `fk_t_impuestoResultado_t_clientes1` FOREIGN KEY (`declarante_1`) REFERENCES `t_clientes` (`idt_clientes`) ON DELETE NO ACTION ON UPDATE NO ACTION;

--
-- Filtros para la tabla `t_impuestodeclaracionrespuesta`
--
ALTER TABLE `t_impuestodeclaracionrespuesta`
  ADD CONSTRAINT `fk_t_impuestoDeclaracionRespuesta_t_impuestoDeclaracion1` FOREIGN KEY (`t_impuestoDeclaracion_idt_impuestoDeclaracion`) REFERENCES `t_impuestodeclaracion` (`idt_impuestoDeclaracion`) ON DELETE NO ACTION ON UPDATE NO ACTION,
  ADD CONSTRAINT `fk_t_impuestoDeclaracionRespuesta_t_impuestoPreguntas1` FOREIGN KEY (`t_impuestoPreguntas_idt_impuestoPreguntas`) REFERENCES `t_impuestopreguntas` (`idt_impuestoPreguntas`) ON DELETE NO ACTION ON UPDATE NO ACTION;

--
-- Filtros para la tabla `t_impuestohasfile`
--
ALTER TABLE `t_impuestohasfile`
  ADD CONSTRAINT `fk_t_impuestoHasFile_t_file1` FOREIGN KEY (`t_file_idt_file`) REFERENCES `t_file` (`idt_file`) ON DELETE NO ACTION ON UPDATE NO ACTION,
  ADD CONSTRAINT `fk_t_impuestoHasFile_t_impuestoDeclaracion1` FOREIGN KEY (`t_impuestoDeclaracion_idt_impuestoDeclaracion`) REFERENCES `t_impuestodeclaracion` (`idt_impuestoDeclaracion`) ON DELETE NO ACTION ON UPDATE NO ACTION;

--
-- Filtros para la tabla `t_opcionespreguntas`
--
ALTER TABLE `t_opcionespreguntas`
  ADD CONSTRAINT `fk_t_opcionesPreguntas_t_impuestoPreguntas1` FOREIGN KEY (`t_impuestoPreguntas_idt_impuestoPreguntas`) REFERENCES `t_impuestopreguntas` (`idt_impuestoPreguntas`) ON DELETE NO ACTION ON UPDATE NO ACTION;

--
-- Filtros para la tabla `t_presupuestorepuesta`
--
ALTER TABLE `t_presupuestorepuesta`
  ADD CONSTRAINT `fk_t_presupuestoRepuesta_t_preguntas1` FOREIGN KEY (`t_preguntas_idt_preguntas`) REFERENCES `t_preguntas` (`idt_preguntas`) ON DELETE NO ACTION ON UPDATE NO ACTION,
  ADD CONSTRAINT `fk_t_presupuestoRepuesta_t_presupestos1` FOREIGN KEY (`t_presupuestos_idt_presupuestos`) REFERENCES `t_presupuestos` (`idt_presupuestos`) ON DELETE NO ACTION ON UPDATE NO ACTION;

--
-- Filtros para la tabla `t_presupuestos`
--
ALTER TABLE `t_presupuestos`
  ADD CONSTRAINT `fk_t_presupestos_t_clientes1` FOREIGN KEY (`t_clientes_idt_clientes`) REFERENCES `t_clientes` (`idt_clientes`) ON DELETE NO ACTION ON UPDATE NO ACTION,
  ADD CONSTRAINT `fk_t_presupuestos_t_oficinas1` FOREIGN KEY (`t_oficinas_idt_oficinas`) REFERENCES `t_oficinas` (`idt_oficinas`) ON DELETE NO ACTION ON UPDATE NO ACTION,
  ADD CONSTRAINT `fk_t_presupuestos_t_usuarios1` FOREIGN KEY (`t_usuarios_idt_usuarios`) REFERENCES `t_usuarios` (`idt_usuarios`) ON DELETE NO ACTION ON UPDATE NO ACTION;

--
-- Filtros para la tabla `t_presupuestosconceptos`
--
ALTER TABLE `t_presupuestosconceptos`
  ADD CONSTRAINT `fk_t_presupuestosConceptos_t_presupuestos1` FOREIGN KEY (`t_presupuestos_idt_presupuestos`) REFERENCES `t_presupuestos` (`idt_presupuestos`) ON DELETE NO ACTION ON UPDATE NO ACTION;

--
-- Filtros para la tabla `t_task`
--
ALTER TABLE `t_task`
  ADD CONSTRAINT `fk_t_task_t_generalTask1` FOREIGN KEY (`t_generalTask_idt_generalTask`) REFERENCES `t_generaltask` (`idt_generalTask`) ON DELETE NO ACTION ON UPDATE NO ACTION,
  ADD CONSTRAINT `fk_t_task_t_task1` FOREIGN KEY (`t_taskDependence`) REFERENCES `t_task` (`idt_task`) ON DELETE NO ACTION ON UPDATE NO ACTION;

--
-- Filtros para la tabla `t_taskassigned`
--
ALTER TABLE `t_taskassigned`
  ADD CONSTRAINT `fk_t_taskAssigned_t_generalTask1` FOREIGN KEY (`t_generalTask_idt_generalTask`) REFERENCES `t_generaltask` (`idt_generalTask`) ON DELETE NO ACTION ON UPDATE NO ACTION,
  ADD CONSTRAINT `fk_t_taskAssigned_t_task1` FOREIGN KEY (`t_task_idt_task`) REFERENCES `t_task` (`idt_task`) ON DELETE NO ACTION ON UPDATE NO ACTION,
  ADD CONSTRAINT `fk_t_taskAssigned_t_usuarios1` FOREIGN KEY (`t_usuarios_idt_usuarios`) REFERENCES `t_usuarios` (`idt_usuarios`) ON DELETE NO ACTION ON UPDATE NO ACTION;

--
-- Filtros para la tabla `t_taskcomments`
--
ALTER TABLE `t_taskcomments`
  ADD CONSTRAINT `fk_t_taskComments_t_generalTask1` FOREIGN KEY (`t_generalTask_idt_generalTask`) REFERENCES `t_generaltask` (`idt_generalTask`) ON DELETE NO ACTION ON UPDATE NO ACTION,
  ADD CONSTRAINT `fk_t_taskComments_t_task1` FOREIGN KEY (`t_task_idt_task`) REFERENCES `t_task` (`idt_task`) ON DELETE NO ACTION ON UPDATE NO ACTION,
  ADD CONSTRAINT `fk_t_taskComments_t_usuarios1` FOREIGN KEY (`t_usuarios_idt_usuarios`) REFERENCES `t_usuarios` (`idt_usuarios`) ON DELETE NO ACTION ON UPDATE NO ACTION;

--
-- Filtros para la tabla `t_usuarios`
--
ALTER TABLE `t_usuarios`
  ADD CONSTRAINT `fk_t_usuarios_t_department1` FOREIGN KEY (`t_department_idt_department`) REFERENCES `t_department` (`idt_department`) ON DELETE NO ACTION ON UPDATE NO ACTION,
  ADD CONSTRAINT `fk_t_usuarios_t_oficinas` FOREIGN KEY (`t_oficinas_idt_oficinas`) REFERENCES `t_oficinas` (`idt_oficinas`) ON DELETE NO ACTION ON UPDATE NO ACTION;

--
-- Filtros para la tabla `t_usuarios_has_t_permisos`
--
ALTER TABLE `t_usuarios_has_t_permisos`
  ADD CONSTRAINT `fk_t_usuarios_has_t_permisos_t_permisos1` FOREIGN KEY (`t_permisos_idt_permisos`) REFERENCES `t_permisos` (`idt_permisos`) ON DELETE NO ACTION ON UPDATE NO ACTION,
  ADD CONSTRAINT `fk_t_usuarios_has_t_permisos_t_usuarios1` FOREIGN KEY (`t_usuarios_idt_usuarios`) REFERENCES `t_usuarios` (`idt_usuarios`) ON DELETE NO ACTION ON UPDATE NO ACTION;
SET FOREIGN_KEY_CHECKS=1;
COMMIT;

/*!40101 SET CHARACTER_SET_CLIENT=@OLD_CHARACTER_SET_CLIENT */;
/*!40101 SET CHARACTER_SET_RESULTS=@OLD_CHARACTER_SET_RESULTS */;
/*!40101 SET COLLATION_CONNECTION=@OLD_COLLATION_CONNECTION */;
